track,track_id,ensemble,instrument,wav,midi,cache,stratum_rank,role
brass_track222382,test__brass_track222382__2_horn,brass,horn,/Users/sarah/Desktop/shasha/Attune/benchmarks/datasets/cocochorales_tiny/materialized/test/brass_track222382/stems_audio/2_horn.wav,/Users/sarah/Desktop/shasha/Attune/benchmarks/datasets/cocochorales_tiny/materialized/test/brass_track222382/stems_midi/2_horn.mid,/Users/sarah/Desktop/shasha/Attune/benchmarks/datasets/cocochorales_tiny/pitch_data/test__brass_track222382__2_horn.pitch.pkl.xz,0,tune
brass_track222149,test__brass_track222149__2_horn,brass,horn,/Users/sarah/Desktop/shasha/Attune/benchmarks/datasets/cocochorales_tiny/materialized/test/brass_track222149/stems_audio/2_horn.wav,/Users/sarah/Desktop/shasha/Attune/benchmarks/datasets/cocochorales_tiny/materialized/test/brass_track222149/stems_midi/2_horn.mid,/Users/sarah/Desktop/shasha/Attune/benchmarks/datasets/cocochorales_tiny/pitch_data/test__brass_track222149__2_horn.pitch.pkl.xz,1,tune
brass_track222189,test__brass_track222189__2_horn,brass,horn,/Users/sarah/Desktop/shasha/Attune/benchmarks/datasets/cocochorales_tiny/materialized/test/brass_track222189/stems_audio/2_horn.wav,/Users/sarah/Desktop/shasha/Attune/benchmarks/datasets/cocochorales_tiny/materialized/test/brass_track222189/stems_midi/2_horn.mid,/Users/sarah/Desktop/shasha/Attune/benchmarks/datasets/cocochorales_tiny/pitch_data/test__brass_track222189__2_horn.pitch.pkl.xz,2,tune
brass_track222138,test__brass_track222138__2_horn,brass,horn,/Users/sarah/Desktop/shasha/Attune/benchmarks/datasets/cocochorales_tiny/materialized/test/brass_track222138/stems_audio/2_horn.wav,/Users/sarah/Desktop/shasha/Attune/benchmarks/datasets/cocochorales_tiny/materialized/test/brass_track222138/stems_midi/2_horn.mid,/Users/sarah/Desktop/shasha/Attune/benchmarks/datasets/cocochorales_tiny/pitch_data/test__brass_track222138__2_horn.pitch.pkl.xz,3,tune
brass_track222900,test__brass_track222900__2_horn,brass,horn,/Users/sarah/Desktop/shasha/Attune/benchmarks/datasets/cocochorales_tiny/materialized/test/brass_track222900/stems_audio/2_horn.wav,/Users/sarah/Desktop/shasha/Attune/benchmarks/datasets/cocochorales_tiny/materialized/test/brass_track222900/stems_midi/2_horn.mid,/Users/sarah/Desktop/shasha/Attune/benchmarks/datasets/cocochorales_tiny/pitch_data/test__brass_track222900__2_horn.pitch.pkl.xz,4,tune
brass_track222217,test__brass_track222217__2_horn,brass,horn,/Users/sarah/Desktop/shasha/Attune/benchmarks/datasets/cocochorales_tiny/materialized/test/brass_track222217/stems_audio/2_horn.wav,/Users/sarah/Desktop/shasha/Attune/benchmarks/datasets/cocochorales_tiny/materialized/test/brass_track222217/stems_midi/2_horn.mid,/Users/sarah/Desktop/shasha/Attune/benchmarks/datasets/cocochorales_tiny/pitch_data/test__brass_track222217__2_horn.pitch.pkl.xz,5,tune
brass_track222106,test__brass_track222106__2_horn,brass,horn,/Users/sarah/Desktop/shasha/Attune/benchmarks/datasets/cocochorales_tiny/materialized/test/brass_track222106/stems_audio/2_horn.wav,/Users/sarah/Desktop/shasha/Attune/benchmarks/datasets/cocochorales_tiny/materialized/test/brass_track222106/stems_midi/2_horn.mid,/Users/sarah/Desktop/shasha/Attune/benchmarks/datasets/cocochorales_tiny/pitch_data/test__brass_track222106__2_horn.pitch.pkl.xz,6,tune
brass_track223822,test__brass_track223822__2_horn,brass,horn,/Users/sarah/Desktop/shasha/Attune/benchmarks/datasets/cocochorales_tiny/materialized/test/brass_track223822/stems_audio/2_horn.wav,/Users/sarah/Desktop/shasha/Attune/benchmarks/datasets/cocochorales_tiny/materialized/test/brass_track223822/stems_midi/2_horn.mid,/Users/sarah/Desktop/shasha/Attune/benchmarks/datasets/cocochorales_tiny/pitch_data/test__brass_track223822__2_horn.pitch.pkl.xz,7,tune
brass_track222985,test__brass_track222985__2_horn,brass,horn,/Users/sarah/Desktop/shasha/Attune/benchmarks/datasets/cocochorales_tiny/materialized/test/brass_track222985/stems_audio/2_horn.wav,/Users/sarah/Desktop/shasha/Attune/benchmarks/datasets/cocochorales_tiny/materialized/test/brass_track222985/stems_midi/2_horn.mid,/Users/sarah/Desktop/shasha/Attune/benchmarks/datasets/cocochorales_tiny/pitch_data/test__brass_track222985__2_horn.pitch.pkl.xz,8,holdout
brass_track222943,test__brass_track222943__2_horn,brass,horn,/Users/sarah/Desktop/shasha/Attune/benchmarks/datasets/cocochorales_tiny/materialized/test/brass_track222943/stems_audio/2_horn.wav,/Users/sarah/Desktop/shasha/Attune/benchmarks/datasets/cocochorales_tiny/materialized/test/brass_track222943/stems_midi/2_horn.mid,/Users/sarah/Desktop/shasha/Attune/benchmarks/datasets/cocochorales_tiny/pitch_data/test__brass_track222943__2_horn.pitch.pkl.xz,9,holdout
brass_track223610,test__brass_track223610__3_trombone,brass,trombone,/Users/sarah/Desktop/shasha/Attune/benchmarks/datasets/cocochorales_tiny/materialized/test/brass_track223610/stems_audio/3_trombone.wav,/Users/sarah/Desktop/shasha/Attune/benchmarks/datasets/cocochorales_tiny/materialized/test/brass_track223610/stems_midi/3_trombone.mid,/Users/sarah/Desktop/shasha/Attune/benchmarks/datasets/cocochorales_tiny/pitch_data/test__brass_track223610__3_trombone.pitch.pkl.xz,0,tune
brass_track223259,test__brass_track223259__3_trombone,brass,trombone,/Users/sarah/Desktop/shasha/Attune/benchmarks/datasets/cocochorales_tiny/materialized/test/brass_track223259/stems_audio/3_trombone.wav,/Users/sarah/Desktop/shasha/Attune/benchmarks/datasets/cocochorales_tiny/materialized/test/brass_track223259/stems_midi/3_trombone.mid,/Users/sarah/Desktop/shasha/Attune/benchmarks/datasets/cocochorales_tiny/pitch_data/test__brass_track223259__3_trombone.pitch.pkl.xz,1,tune
brass_track222473,test__brass_track222473__3_trombone,brass,trombone,/Users/sarah/Desktop/shasha/Attune/benchmarks/datasets/cocochorales_tiny/materialized/test/brass_track222473/stems_audio/3_trombone.wav,/Users/sarah/Desktop/shasha/Attune/benchmarks/datasets/cocochorales_tiny/materialized/test/brass_track222473/stems_midi/3_trombone.mid,/Users/sarah/Desktop/shasha/Attune/benchmarks/datasets/cocochorales_tiny/pitch_data/test__brass_track222473__3_trombone.pitch.pkl.xz,2,tune
brass_track222481,test__brass_track222481__3_trombone,brass,trombone,/Users/sarah/Desktop/shasha/Attune/benchmarks/datasets/cocochorales_tiny/materialized/test/brass_track222481/stems_audio/3_trombone.wav,/Users/sarah/Desktop/shasha/Attune/benchmarks/datasets/cocochorales_tiny/materialized/test/brass_track222481/stems_midi/3_trombone.mid,/Users/sarah/Desktop/shasha/Attune/benchmarks/datasets/cocochorales_tiny/pitch_data/test__brass_track222481__3_trombone.pitch.pkl.xz,3,tune
brass_track222622,test__brass_track222622__3_trombone,brass,trombone,/Users/sarah/Desktop/shasha/Attune/benchmarks/datasets/cocochorales_tiny/materialized/test/brass_track222622/stems_audio/3_trombone.wav,/Users/sarah/Desktop/shasha/Attune/benchmarks/datasets/cocochorales_tiny/materialized/test/brass_track222622/stems_midi/3_trombone.mid,/Users/sarah/Desktop/shasha/Attune/benchmarks/datasets/cocochorales_tiny/pitch_data/test__brass_track222622__3_trombone.pitch.pkl.xz,4,tune
brass_track223992,test__brass_track223992__3_trombone,brass,trombone,/Users/sarah/Desktop/shasha/Attune/benchmarks/datasets/cocochorales_tiny/materialized/test/brass_track223992/stems_audio/3_trombone.wav,/Users/sarah/Desktop/shasha/Attune/benchmarks/datasets/cocochorales_tiny/materialized/test/brass_track223992/stems_midi/3_trombone.mid,/Users/sarah/Desktop/shasha/Attune/benchmarks/datasets/cocochorales_tiny/pitch_data/test__brass_track223992__3_trombone.pitch.pkl.xz,5,tune
brass_track223753,test__brass_track223753__3_trombone,brass,trombone,/Users/sarah/Desktop/shasha/Attune/benchmarks/datasets/cocochorales_tiny/materialized/test/brass_track223753/stems_audio/3_trombone.wav,/Users/sarah/Desktop/shasha/Attune/benchmarks/datasets/cocochorales_tiny/materialized/test/brass_track223753/stems_midi/3_trombone.mid,/Users/sarah/Desktop/shasha/Attune/benchmarks/datasets/cocochorales_tiny/pitch_data/test__brass_track223753__3_trombone.pitch.pkl.xz,6,tune
brass_track223989,test__brass_track223989__3_trombone,brass,trombone,/Users/sarah/Desktop/shasha/Attune/benchmarks/datasets/cocochorales_tiny/materialized/test/brass_track223989/stems_audio/3_trombone.wav,/Users/sarah/Desktop/shasha/Attune/benchmarks/datasets/cocochorales_tiny/materialized/test/brass_track223989/stems_midi/3_trombone.mid,/Users/sarah/Desktop/shasha/Attune/benchmarks/datasets/cocochorales_tiny/pitch_data/test__brass_track223989__3_trombone.pitch.pkl.xz,7,tune
brass_track223386,test__brass_track223386__3_trombone,brass,trombone,/Users/sarah/Desktop/shasha/Attune/benchmarks/datasets/cocochorales_tiny/materialized/test/brass_track223386/stems_audio/3_trombone.wav,/Users/sarah/Desktop/shasha/Attune/benchmarks/datasets/cocochorales_tiny/materialized/test/brass_track223386/stems_midi/3_trombone.mid,/Users/sarah/Desktop/shasha/Attune/benchmarks/datasets/cocochorales_tiny/pitch_data/test__brass_track223386__3_trombone.pitch.pkl.xz,8,holdout
brass_track222817,test__brass_track222817__3_trombone,brass,trombone,/Users/sarah/Desktop/shasha/Attune/benchmarks/datasets/cocochorales_tiny/materialized/test/brass_track222817/stems_audio/3_trombone.wav,/Users/sarah/Desktop/shasha/Attune/benchmarks/datasets/cocochorales_tiny/materialized/test/brass_track222817/stems_midi/3_trombone.mid,/Users/sarah/Desktop/shasha/Attune/benchmarks/datasets/cocochorales_tiny/pitch_data/test__brass_track222817__3_trombone.pitch.pkl.xz,9,holdout
brass_track222508,test__brass_track222508__1_trumpet,brass,trumpet,/Users/sarah/Desktop/shasha/Attune/benchmarks/datasets/cocochorales_tiny/materialized/test/brass_track222508/stems_audio/1_trumpet.wav,/Users/sarah/Desktop/shasha/Attune/benchmarks/datasets/cocochorales_tiny/materialized/test/brass_track222508/stems_midi/1_trumpet.mid,/Users/sarah/Desktop/shasha/Attune/benchmarks/datasets/cocochorales_tiny/pitch_data/test__brass_track222508__1_trumpet.pitch.pkl.xz,0,tune
brass_track223658,test__brass_track223658__1_trumpet,brass,trumpet,/Users/sarah/Desktop/shasha/Attune/benchmarks/datasets/cocochorales_tiny/materialized/test/brass_track223658/stems_audio/1_trumpet.wav,/Users/sarah/Desktop/shasha/Attune/benchmarks/datasets/cocochorales_tiny/materialized/test/brass_track223658/stems_midi/1_trumpet.mid,/Users/sarah/Desktop/shasha/Attune/benchmarks/datasets/cocochorales_tiny/pitch_data/test__brass_track223658__1_trumpet.pitch.pkl.xz,1,tune
brass_track223018,test__brass_track223018__1_trumpet,brass,trumpet,/Users/sarah/Desktop/shasha/Attune/benchmarks/datasets/cocochorales_tiny/materialized/test/brass_track223018/stems_audio/1_trumpet.wav,/Users/sarah/Desktop/shasha/Attune/benchmarks/datasets/cocochorales_tiny/materialized/test/brass_track223018/stems_midi/1_trumpet.mid,/Users/sarah/Desktop/shasha/Attune/benchmarks/datasets/cocochorales_tiny/pitch_data/test__brass_track223018__1_trumpet.pitch.pkl.xz,2,tune
brass_track223644,test__brass_track223644__1_trumpet,brass,trumpet,/Users/sarah/Desktop/shasha/Attune/benchmarks/datasets/cocochorales_tiny/materialized/test/brass_track223644/stems_audio/1_trumpet.wav,/Users/sarah/Desktop/shasha/Attune/benchmarks/datasets/cocochorales_tiny/materialized/test/brass_track223644/stems_midi/1_trumpet.mid,/Users/sarah/Desktop/shasha/Attune/benchmarks/datasets/cocochorales_tiny/pitch_data/test__brass_track223644__1_trumpet.pitch.pkl.xz,3,tune
brass_track222314,test__brass_track222314__1_trumpet,brass,trumpet,/Users/sarah/Desktop/shasha/Attune/benchmarks/datasets/cocochorales_tiny/materialized/test/brass_track222314/stems_audio/1_trumpet.wav,/Users/sarah/Desktop/shasha/Attune/benchmarks/datasets/cocochorales_tiny/materialized/test/brass_track222314/stems_midi/1_trumpet.mid,/Users/sarah/Desktop/shasha/Attune/benchmarks/datasets/cocochorales_tiny/pitch_data/test__brass_track222314__1_trumpet.pitch.pkl.xz,4,tune
brass_track222354,test__brass_track222354__1_trumpet,brass,trumpet,/Users/sarah/Desktop/shasha/Attune/benchmarks/datasets/cocochorales_tiny/materialized/test/brass_track222354/stems_audio/1_trumpet.wav,/Users/sarah/Desktop/shasha/Attune/benchmarks/datasets/cocochorales_tiny/materialized/test/brass_track222354/stems_midi/1_trumpet.mid,/Users/sarah/Desktop/shasha/Attune/benchmarks/datasets/cocochorales_tiny/pitch_data/test__brass_track222354__1_trumpet.pitch.pkl.xz,5,tune
brass_track222260,test__brass_track222260__1_trumpet,brass,trumpet,/Users/sarah/Desktop/shasha/Attune/benchmarks/datasets/cocochorales_tiny/materialized/test/brass_track222260/stems_audio/1_trumpet.wav,/Users/sarah/Desktop/shasha/Attune/benchmarks/datasets/cocochorales_tiny/materialized/test/brass_track222260/stems_midi/1_trumpet.mid,/Users/sarah/Desktop/shasha/Attune/benchmarks/datasets/cocochorales_tiny/pitch_data/test__brass_track222260__1_trumpet.pitch.pkl.xz,6,tune
brass_track223200,test__brass_track223200__1_trumpet,brass,trumpet,/Users/sarah/Desktop/shasha/Attune/benchmarks/datasets/cocochorales_tiny/materialized/test/brass_track223200/stems_audio/1_trumpet.wav,/Users/sarah/Desktop/shasha/Attune/benchmarks/datasets/cocochorales_tiny/materialized/test/brass_track223200/stems_midi/1_trumpet.mid,/Users/sarah/Desktop/shasha/Attune/benchmarks/datasets/cocochorales_tiny/pitch_data/test__brass_track223200__1_trumpet.pitch.pkl.xz,7,tune
brass_track222115,test__brass_track222115__1_trumpet,brass,trumpet,/Users/sarah/Desktop/shasha/Attune/benchmarks/datasets/cocochorales_tiny/materialized/test/brass_track222115/stems_audio/1_trumpet.wav,/Users/sarah/Desktop/shasha/Attune/benchmarks/datasets/cocochorales_tiny/materialized/test/brass_track222115/stems_midi/1_trumpet.mid,/Users/sarah/Desktop/shasha/Attune/benchmarks/datasets/cocochorales_tiny/pitch_data/test__brass_track222115__1_trumpet.pitch.pkl.xz,8,holdout
brass_track223683,test__brass_track223683__1_trumpet,brass,trumpet,/Users/sarah/Desktop/shasha/Attune/benchmarks/datasets/cocochorales_tiny/materialized/test/brass_track223683/stems_audio/1_trumpet.wav,/Users/sarah/Desktop/shasha/Attune/benchmarks/datasets/cocochorales_tiny/materialized/test/brass_track223683/stems_midi/1_trumpet.mid,/Users/sarah/Desktop/shasha/Attune/benchmarks/datasets/cocochorales_tiny/pitch_data/test__brass_track223683__1_trumpet.pitch.pkl.xz,9,holdout
brass_track223250,test__brass_track223250__4_tuba,brass,tuba,/Users/sarah/Desktop/shasha/Attune/benchmarks/datasets/cocochorales_tiny/materialized/test/brass_track223250/stems_audio/4_tuba.wav,/Users/sarah/Desktop/shasha/Attune/benchmarks/datasets/cocochorales_tiny/materialized/test/brass_track223250/stems_midi/4_tuba.mid,/Users/sarah/Desktop/shasha/Attune/benchmarks/datasets/cocochorales_tiny/pitch_data/test__brass_track223250__4_tuba.pitch.pkl.xz,0,tune
brass_track222094,test__brass_track222094__4_tuba,brass,tuba,/Users/sarah/Desktop/shasha/Attune/benchmarks/datasets/cocochorales_tiny/materialized/test/brass_track222094/stems_audio/4_tuba.wav,/Users/sarah/Desktop/shasha/Attune/benchmarks/datasets/cocochorales_tiny/materialized/test/brass_track222094/stems_midi/4_tuba.mid,/Users/sarah/Desktop/shasha/Attune/benchmarks/datasets/cocochorales_tiny/pitch_data/test__brass_track222094__4_tuba.pitch.pkl.xz,1,tune
brass_track222974,test__brass_track222974__4_tuba,brass,tuba,/Users/sarah/Desktop/shasha/Attune/benchmarks/datasets/cocochorales_tiny/materialized/test/brass_track222974/stems_audio/4_tuba.wav,/Users/sarah/Desktop/shasha/Attune/benchmarks/datasets/cocochorales_tiny/materialized/test/brass_track222974/stems_midi/4_tuba.mid,/Users/sarah/Desktop/shasha/Attune/benchmarks/datasets/cocochorales_tiny/pitch_data/test__brass_track222974__4_tuba.pitch.pkl.xz,2,tune
brass_track223471,test__brass_track223471__4_tuba,brass,tuba,/Users/sarah/Desktop/shasha/Attune/benchmarks/datasets/cocochorales_tiny/materialized/test/brass_track223471/stems_audio/4_tuba.wav,/Users/sarah/Desktop/shasha/Attune/benchmarks/datasets/cocochorales_tiny/materialized/test/brass_track223471/stems_midi/4_tuba.mid,/Users/sarah/Desktop/shasha/Attune/benchmarks/datasets/cocochorales_tiny/pitch_data/test__brass_track223471__4_tuba.pitch.pkl.xz,3,tune
brass_track223354,test__brass_track223354__4_tuba,brass,tuba,/Users/sarah/Desktop/shasha/Attune/benchmarks/datasets/cocochorales_tiny/materialized/test/brass_track223354/stems_audio/4_tuba.wav,/Users/sarah/Desktop/shasha/Attune/benchmarks/datasets/cocochorales_tiny/materialized/test/brass_track223354/stems_midi/4_tuba.mid,/Users/sarah/Desktop/shasha/Attune/benchmarks/datasets/cocochorales_tiny/pitch_data/test__brass_track223354__4_tuba.pitch.pkl.xz,4,tune
brass_track223337,test__brass_track223337__4_tuba,brass,tuba,/Users/sarah/Desktop/shasha/Attune/benchmarks/datasets/cocochorales_tiny/materialized/test/brass_track223337/stems_audio/4_tuba.wav,/Users/sarah/Desktop/shasha/Attune/benchmarks/datasets/cocochorales_tiny/materialized/test/brass_track223337/stems_midi/4_tuba.mid,/Users/sarah/Desktop/shasha/Attune/benchmarks/datasets/cocochorales_tiny/pitch_data/test__brass_track223337__4_tuba.pitch.pkl.xz,5,tune
brass_track223753,test__brass_track223753__4_tuba,brass,tuba,/Users/sarah/Desktop/shasha/Attune/benchmarks/datasets/cocochorales_tiny/materialized/test/brass_track223753/stems_audio/4_tuba.wav,/Users/sarah/Desktop/shasha/Attune/benchmarks/datasets/cocochorales_tiny/materialized/test/brass_track223753/stems_midi/4_tuba.mid,/Users/sarah/Desktop/shasha/Attune/benchmarks/datasets/cocochorales_tiny/pitch_data/test__brass_track223753__4_tuba.pitch.pkl.xz,6,tune
brass_track223593,test__brass_track223593__4_tuba,brass,tuba,/Users/sarah/Desktop/shasha/Attune/benchmarks/datasets/cocochorales_tiny/materialized/test/brass_track223593/stems_audio/4_tuba.wav,/Users/sarah/Desktop/shasha/Attune/benchmarks/datasets/cocochorales_tiny/materialized/test/brass_track223593/stems_midi/4_tuba.mid,/Users/sarah/Desktop/shasha/Attune/benchmarks/datasets/cocochorales_tiny/pitch_data/test__brass_track223593__4_tuba.pitch.pkl.xz,7,tune
brass_track222562,test__brass_track222562__4_tuba,brass,tuba,/Users/sarah/Desktop/shasha/Attune/benchmarks/datasets/cocochorales_tiny/materialized/test/brass_track222562/stems_audio/4_tuba.wav,/Users/sarah/Desktop/shasha/Attune/benchmarks/datasets/cocochorales_tiny/materialized/test/brass_track222562/stems_midi/4_tuba.mid,/Users/sarah/Desktop/shasha/Attune/benchmarks/datasets/cocochorales_tiny/pitch_data/test__brass_track222562__4_tuba.pitch.pkl.xz,8,holdout
brass_track222466,test__brass_track222466__4_tuba,brass,tuba,/Users/sarah/Desktop/shasha/Attune/benchmarks/datasets/cocochorales_tiny/materialized/test/brass_track222466/stems_audio/4_tuba.wav,/Users/sarah/Desktop/shasha/Attune/benchmarks/datasets/cocochorales_tiny/materialized/test/brass_track222466/stems_midi/4_tuba.mid,/Users/sarah/Desktop/shasha/Attune/benchmarks/datasets/cocochorales_tiny/pitch_data/test__brass_track222466__4_tuba.pitch.pkl.xz,9,holdout
random_track235499,test__random_track235499__4_bassoon,random,bassoon,/Users/sarah/Desktop/shasha/Attune/benchmarks/datasets/cocochorales_tiny/materialized/test/random_track235499/stems_audio/4_bassoon.wav,/Users/sarah/Desktop/shasha/Attune/benchmarks/datasets/cocochorales_tiny/materialized/test/random_track235499/stems_midi/4_bassoon.mid,/Users/sarah/Desktop/shasha/Attune/benchmarks/datasets/cocochorales_tiny/pitch_data/test__random_track235499__4_bassoon.pitch.pkl.xz,0,tune
random_track235570,test__random_track235570__4_bassoon,random,bassoon,/Users/sarah/Desktop/shasha/Attune/benchmarks/datasets/cocochorales_tiny/materialized/test/random_track235570/stems_audio/4_bassoon.wav,/Users/sarah/Desktop/shasha/Attune/benchmarks/datasets/cocochorales_tiny/materialized/test/random_track235570/stems_midi/4_bassoon.mid,/Users/sarah/Desktop/shasha/Attune/benchmarks/datasets/cocochorales_tiny/pitch_data/test__random_track235570__4_bassoon.pitch.pkl.xz,1,tune
random_track235489,test__random_track235489__4_bassoon,random,bassoon,/Users/sarah/Desktop/shasha/Attune/benchmarks/datasets/cocochorales_tiny/materialized/test/random_track235489/stems_audio/4_bassoon.wav,/Users/sarah/Desktop/shasha/Attune/benchmarks/datasets/cocochorales_tiny/materialized/test/random_track235489/stems_midi/4_bassoon.mid,/Users/sarah/Desktop/shasha/Attune/benchmarks/datasets/cocochorales_tiny/pitch_data/test__random_track235489__4_bassoon.pitch.pkl.xz,2,tune
random_track234641,test__random_track234641__4_bassoon,random,bassoon,/Users/sarah/Desktop/shasha/Attune/benchmarks/datasets/cocochorales_tiny/materialized/test/random_track234641/stems_audio/4_bassoon.wav,/Users/sarah/Desktop/shasha/Attune/benchmarks/datasets/cocochorales_tiny/materialized/test/random_track234641/stems_midi/4_bassoon.mid,/Users/sarah/Desktop/shasha/Attune/benchmarks/datasets/cocochorales_tiny/pitch_data/test__random_track234641__4_bassoon.pitch.pkl.xz,3,tune
random_track235679,test__random_track235679__4_bassoon,random,bassoon,/Users/sarah/Desktop/shasha/Attune/benchmarks/datasets/cocochorales_tiny/materialized/test/random_track235679/stems_audio/4_bassoon.wav,/Users/sarah/Desktop/shasha/Attune/benchmarks/datasets/cocochorales_tiny/materialized/test/random_track235679/stems_midi/4_bassoon.mid,/Users/sarah/Desktop/shasha/Attune/benchmarks/datasets/cocochorales_tiny/pitch_data/test__random_track235679__4_bassoon.pitch.pkl.xz,4,tune
random_track234782,test__random_track234782__4_bassoon,random,bassoon,/Users/sarah/Desktop/shasha/Attune/benchmarks/datasets/cocochorales_tiny/materialized/test/random_track234782/stems_audio/4_bassoon.wav,/Users/sarah/Desktop/shasha/Attune/benchmarks/datasets/cocochorales_tiny/materialized/test/random_track234782/stems_midi/4_bassoon.mid,/Users/sarah/Desktop/shasha/Attune/benchmarks/datasets/cocochorales_tiny/pitch_data/test__random_track234782__4_bassoon.pitch.pkl.xz,5,tune
random_track235772,test__random_track235772__4_bassoon,random,bassoon,/Users/sarah/Desktop/shasha/Attune/benchmarks/datasets/cocochorales_tiny/materialized/test/random_track235772/stems_audio/4_bassoon.wav,/Users/sarah/Desktop/shasha/Attune/benchmarks/datasets/cocochorales_tiny/materialized/test/random_track235772/stems_midi/4_bassoon.mid,/Users/sarah/Desktop/shasha/Attune/benchmarks/datasets/cocochorales_tiny/pitch_data/test__random_track235772__4_bassoon.pitch.pkl.xz,6,tune
random_track234026,test__random_track234026__4_bassoon,random,bassoon,/Users/sarah/Desktop/shasha/Attune/benchmarks/datasets/cocochorales_tiny/materialized/test/random_track234026/stems_audio/4_bassoon.wav,/Users/sarah/Desktop/shasha/Attune/benchmarks/datasets/cocochorales_tiny/materialized/test/random_track234026/stems_midi/4_bassoon.mid,/Users/sarah/Desktop/shasha/Attune/benchmarks/datasets/cocochorales_tiny/pitch_data/test__random_track234026__4_bassoon.pitch.pkl.xz,7,tune
random_track234661,test__random_track234661__4_bassoon,random,bassoon,/Users/sarah/Desktop/shasha/Attune/benchmarks/datasets/cocochorales_tiny/materialized/test/random_track234661/stems_audio/4_bassoon.wav,/Users/sarah/Desktop/shasha/Attune/benchmarks/datasets/cocochorales_tiny/materialized/test/random_track234661/stems_midi/4_bassoon.mid,/Users/sarah/Desktop/shasha/Attune/benchmarks/datasets/cocochorales_tiny/pitch_data/test__random_track234661__4_bassoon.pitch.pkl.xz,8,holdout
random_track234738,test__random_track234738__4_bassoon,random,bassoon,/Users/sarah/Desktop/shasha/Attune/benchmarks/datasets/cocochorales_tiny/materialized/test/random_track234738/stems_audio/4_bassoon.wav,/Users/sarah/Desktop/shasha/Attune/benchmarks/datasets/cocochorales_tiny/materialized/test/random_track234738/stems_midi/4_bassoon.mid,/Users/sarah/Desktop/shasha/Attune/benchmarks/datasets/cocochorales_tiny/pitch_data/test__random_track234738__4_bassoon.pitch.pkl.xz,9,holdout
random_track235705,test__random_track235705__4_cello,random,cello,/Users/sarah/Desktop/shasha/Attune/benchmarks/datasets/cocochorales_tiny/materialized/test/random_track235705/stems_audio/4_cello.wav,/Users/sarah/Desktop/shasha/Attune/benchmarks/datasets/cocochorales_tiny/materialized/test/random_track235705/stems_midi/4_cello.mid,/Users/sarah/Desktop/shasha/Attune/benchmarks/datasets/cocochorales_tiny/pitch_data/test__random_track235705__4_cello.pitch.pkl.xz,0,tune
random_track235733,test__random_track235733__4_cello,random,cello,/Users/sarah/Desktop/shasha/Attune/benchmarks/datasets/cocochorales_tiny/materialized/test/random_track235733/stems_audio/4_cello.wav,/Users/sarah/Desktop/shasha/Attune/benchmarks/datasets/cocochorales_tiny/materialized/test/random_track235733/stems_midi/4_cello.mid,/Users/sarah/Desktop/shasha/Attune/benchmarks/datasets/cocochorales_tiny/pitch_data/test__random_track235733__4_cello.pitch.pkl.xz,1,tune
random_track234952,test__random_track234952__3_cello,random,cello,/Users/sarah/Desktop/shasha/Attune/benchmarks/datasets/cocochorales_tiny/materialized/test/random_track234952/stems_audio/3_cello.wav,/Users/sarah/Desktop/shasha/Attune/benchmarks/datasets/cocochorales_tiny/materialized/test/random_track234952/stems_midi/3_cello.mid,/Users/sarah/Desktop/shasha/Attune/benchmarks/datasets/cocochorales_tiny/pitch_data/test__random_track234952__3_cello.pitch.pkl.xz,2,tune
random_track234466,test__random_track234466__4_cello,random,cello,/Users/sarah/Desktop/shasha/Attune/benchmarks/datasets/cocochorales_tiny/materialized/test/random_track234466/stems_audio/4_cello.wav,/Users/sarah/Desktop/shasha/Attune/benchmarks/datasets/cocochorales_tiny/materialized/test/random_track234466/stems_midi/4_cello.mid,/Users/sarah/Desktop/shasha/Attune/benchmarks/datasets/cocochorales_tiny/pitch_data/test__random_track234466__4_cello.pitch.pkl.xz,3,tune
random_track234957,test__random_track234957__4_cello,random,cello,/Users/sarah/Desktop/shasha/Attune/benchmarks/datasets/cocochorales_tiny/materialized/test/random_track234957/stems_audio/4_cello.wav,/Users/sarah/Desktop/shasha/Attune/benchmarks/datasets/cocochorales_tiny/materialized/test/random_track234957/stems_midi/4_cello.mid,/Users/sarah/Desktop/shasha/Attune/benchmarks/datasets/cocochorales_tiny/pitch_data/test__random_track234957__4_cello.pitch.pkl.xz,4,tune
random_track234820,test__random_track234820__4_cello,random,cello,/Users/sarah/Desktop/shasha/Attune/benchmarks/datasets/cocochorales_tiny/materialized/test/random_track234820/stems_audio/4_cello.wav,/Users/sarah/Desktop/shasha/Attune/benchmarks/datasets/cocochorales_tiny/materialized/test/random_track234820/stems_midi/4_cello.mid,/Users/sarah/Desktop/shasha/Attune/benchmarks/datasets/cocochorales_tiny/pitch_data/test__random_track234820__4_cello.pitch.pkl.xz,5,tune
random_track234320,test__random_track234320__4_cello,random,cello,/Users/sarah/Desktop/shasha/Attune/benchmarks/datasets/cocochorales_tiny/materialized/test/random_track234320/stems_audio/4_cello.wav,/Users/sarah/Desktop/shasha/Attune/benchmarks/datasets/cocochorales_tiny/materialized/test/random_track234320/stems_midi/4_cello.mid,/Users/sarah/Desktop/shasha/Attune/benchmarks/datasets/cocochorales_tiny/pitch_data/test__random_track234320__4_cello.pitch.pkl.xz,6,tune
random_track235637,test__random_track235637__4_cello,random,cello,/Users/sarah/Desktop/shasha/Attune/benchmarks/datasets/cocochorales_tiny/materialized/test/random_track235637/stems_audio/4_cello.wav,/Users/sarah/Desktop/shasha/Attune/benchmarks/datasets/cocochorales_tiny/materialized/test/random_track235637/stems_midi/4_cello.mid,/Users/sarah/Desktop/shasha/Attune/benchmarks/datasets/cocochorales_tiny/pitch_data/test__random_track235637__4_cello.pitch.pkl.xz,7,tune
random_track234827,test__random_track234827__4_cello,random,cello,/Users/sarah/Desktop/shasha/Attune/benchmarks/datasets/cocochorales_tiny/materialized/test/random_track234827/stems_audio/4_cello.wav,/Users/sarah/Desktop/shasha/Attune/benchmarks/datasets/cocochorales_tiny/materialized/test/random_track234827/stems_midi/4_cello.mid,/Users/sarah/Desktop/shasha/Attune/benchmarks/datasets/cocochorales_tiny/pitch_data/test__random_track234827__4_cello.pitch.pkl.xz,8,holdout
random_track235555,test__random_track235555__3_cello,random,cello,/Users/sarah/Desktop/shasha/Attune/benchmarks/datasets/cocochorales_tiny/materialized/test/random_track235555/stems_audio/3_cello.wav,/Users/sarah/Desktop/shasha/Attune/benchmarks/datasets/cocochorales_tiny/materialized/test/random_track235555/stems_midi/3_cello.mid,/Users/sarah/Desktop/shasha/Attune/benchmarks/datasets/cocochorales_tiny/pitch_data/test__random_track235555__3_cello.pitch.pkl.xz,9,holdout
random_track234375,test__random_track234375__3_clarinet,random,clarinet,/Users/sarah/Desktop/shasha/Attune/benchmarks/datasets/cocochorales_tiny/materialized/test/random_track234375/stems_audio/3_clarinet.wav,/Users/sarah/Desktop/shasha/Attune/benchmarks/datasets/cocochorales_tiny/materialized/test/random_track234375/stems_midi/3_clarinet.mid,/Users/sarah/Desktop/shasha/Attune/benchmarks/datasets/cocochorales_tiny/pitch_data/test__random_track234375__3_clarinet.pitch.pkl.xz,0,tune
random_track234431,test__random_track234431__1_clarinet,random,clarinet,/Users/sarah/Desktop/shasha/Attune/benchmarks/datasets/cocochorales_tiny/materialized/test/random_track234431/stems_audio/1_clarinet.wav,/Users/sarah/Desktop/shasha/Attune/benchmarks/datasets/cocochorales_tiny/materialized/test/random_track234431/stems_midi/1_clarinet.mid,/Users/sarah/Desktop/shasha/Attune/benchmarks/datasets/cocochorales_tiny/pitch_data/test__random_track234431__1_clarinet.pitch.pkl.xz,1,tune
random_track234148,test__random_track234148__2_clarinet,random,clarinet,/Users/sarah/Desktop/shasha/Attune/benchmarks/datasets/cocochorales_tiny/materialized/test/random_track234148/stems_audio/2_clarinet.wav,/Users/sarah/Desktop/shasha/Attune/benchmarks/datasets/cocochorales_tiny/materialized/test/random_track234148/stems_midi/2_clarinet.mid,/Users/sarah/Desktop/shasha/Attune/benchmarks/datasets/cocochorales_tiny/pitch_data/test__random_track234148__2_clarinet.pitch.pkl.xz,2,tune
random_track234806,test__random_track234806__3_clarinet,random,clarinet,/Users/sarah/Desktop/shasha/Attune/benchmarks/datasets/cocochorales_tiny/materialized/test/random_track234806/stems_audio/3_clarinet.wav,/Users/sarah/Desktop/shasha/Attune/benchmarks/datasets/cocochorales_tiny/materialized/test/random_track234806/stems_midi/3_clarinet.mid,/Users/sarah/Desktop/shasha/Attune/benchmarks/datasets/cocochorales_tiny/pitch_data/test__random_track234806__3_clarinet.pitch.pkl.xz,3,tune
random_track234964,test__random_track234964__3_clarinet,random,clarinet,/Users/sarah/Desktop/shasha/Attune/benchmarks/datasets/cocochorales_tiny/materialized/test/random_track234964/stems_audio/3_clarinet.wav,/Users/sarah/Desktop/shasha/Attune/benchmarks/datasets/cocochorales_tiny/materialized/test/random_track234964/stems_midi/3_clarinet.mid,/Users/sarah/Desktop/shasha/Attune/benchmarks/datasets/cocochorales_tiny/pitch_data/test__random_track234964__3_clarinet.pitch.pkl.xz,4,tune
random_track234480,test__random_track234480__3_clarinet,random,clarinet,/Users/sarah/Desktop/shasha/Attune/benchmarks/datasets/cocochorales_tiny/materialized/test/random_track234480/stems_audio/3_clarinet.wav,/Users/sarah/Desktop/shasha/Attune/benchmarks/datasets/cocochorales_tiny/materialized/test/random_track234480/stems_midi/3_clarinet.mid,/Users/sarah/Desktop/shasha/Attune/benchmarks/datasets/cocochorales_tiny/pitch_data/test__random_track234480__3_clarinet.pitch.pkl.xz,5,tune
random_track235005,test__random_track235005__1_clarinet,random,clarinet,/Users/sarah/Desktop/shasha/Attune/benchmarks/datasets/cocochorales_tiny/materialized/test/random_track235005/stems_audio/1_clarinet.wav,/Users/sarah/Desktop/shasha/Attune/benchmarks/datasets/cocochorales_tiny/materialized/test/random_track235005/stems_midi/1_clarinet.mid,/Users/sarah/Desktop/shasha/Attune/benchmarks/datasets/cocochorales_tiny/pitch_data/test__random_track235005__1_clarinet.pitch.pkl.xz,6,tune
random_track234758,test__random_track234758__3_clarinet,random,clarinet,/Users/sarah/Desktop/shasha/Attune/benchmarks/datasets/cocochorales_tiny/materialized/test/random_track234758/stems_audio/3_clarinet.wav,/Users/sarah/Desktop/shasha/Attune/benchmarks/datasets/cocochorales_tiny/materialized/test/random_track234758/stems_midi/3_clarinet.mid,/Users/sarah/Desktop/shasha/Attune/benchmarks/datasets/cocochorales_tiny/pitch_data/test__random_track234758__3_clarinet.pitch.pkl.xz,7,tune
random_track234304,test__random_track234304__3_clarinet,random,clarinet,/Users/sarah/Desktop/shasha/Attune/benchmarks/datasets/cocochorales_tiny/materialized/test/random_track234304/stems_audio/3_clarinet.wav,/Users/sarah/Desktop/shasha/Attune/benchmarks/datasets/cocochorales_tiny/materialized/test/random_track234304/stems_midi/3_clarinet.mid,/Users/sarah/Desktop/shasha/Attune/benchmarks/datasets/cocochorales_tiny/pitch_data/test__random_track234304__3_clarinet.pitch.pkl.xz,8,holdout
random_track235635,test__random_track235635__3_clarinet,random,clarinet,/Users/sarah/Desktop/shasha/Attune/benchmarks/datasets/cocochorales_tiny/materialized/test/random_track235635/stems_audio/3_clarinet.wav,/Users/sarah/Desktop/shasha/Attune/benchmarks/datasets/cocochorales_tiny/materialized/test/random_track235635/stems_midi/3_clarinet.mid,/Users/sarah/Desktop/shasha/Attune/benchmarks/datasets/cocochorales_tiny/pitch_data/test__random_track235635__3_clarinet.pitch.pkl.xz,9,holdout
random_track235414,test__random_track235414__4_double bass,random,double bass,/Users/sarah/Desktop/shasha/Attune/benchmarks/datasets/cocochorales_tiny/materialized/test/random_track235414/stems_audio/4_double bass.wav,/Users/sarah/Desktop/shasha/Attune/benchmarks/datasets/cocochorales_tiny/materialized/test/random_track235414/stems_midi/4_double bass.mid,/Users/sarah/Desktop/shasha/Attune/benchmarks/datasets/cocochorales_tiny/pitch_data/test__random_track235414__4_double bass.pitch.pkl.xz,0,tune
random_track234618,test__random_track234618__4_double bass,random,double bass,/Users/sarah/Desktop/shasha/Attune/benchmarks/datasets/cocochorales_tiny/materialized/test/random_track234618/stems_audio/4_double bass.wav,/Users/sarah/Desktop/shasha/Attune/benchmarks/datasets/cocochorales_tiny/materialized/test/random_track234618/stems_midi/4_double bass.mid,/Users/sarah/Desktop/shasha/Attune/benchmarks/datasets/cocochorales_tiny/pitch_data/test__random_track234618__4_double bass.pitch.pkl.xz,1,tune
random_track235645,test__random_track235645__4_double bass,random,double bass,/Users/sarah/Desktop/shasha/Attune/benchmarks/datasets/cocochorales_tiny/materialized/test/random_track235645/stems_audio/4_double bass.wav,/Users/sarah/Desktop/shasha/Attune/benchmarks/datasets/cocochorales_tiny/materialized/test/random_track235645/stems_midi/4_double bass.mid,/Users/sarah/Desktop/shasha/Attune/benchmarks/datasets/cocochorales_tiny/pitch_data/test__random_track235645__4_double bass.pitch.pkl.xz,2,tune
random_track235043,test__random_track235043__4_double bass,random,double bass,/Users/sarah/Desktop/shasha/Attune/benchmarks/datasets/cocochorales_tiny/materialized/test/random_track235043/stems_audio/4_double bass.wav,/Users/sarah/Desktop/shasha/Attune/benchmarks/datasets/cocochorales_tiny/materialized/test/random_track235043/stems_midi/4_double bass.mid,/Users/sarah/Desktop/shasha/Attune/benchmarks/datasets/cocochorales_tiny/pitch_data/test__random_track235043__4_double bass.pitch.pkl.xz,3,tune
random_track235070,test__random_track235070__4_double bass,random,double bass,/Users/sarah/Desktop/shasha/Attune/benchmarks/datasets/cocochorales_tiny/materialized/test/random_track235070/stems_audio/4_double bass.wav,/Users/sarah/Desktop/shasha/Attune/benchmarks/datasets/cocochorales_tiny/materialized/test/random_track235070/stems_midi/4_double bass.mid,/Users/sarah/Desktop/shasha/Attune/benchmarks/datasets/cocochorales_tiny/pitch_data/test__random_track235070__4_double bass.pitch.pkl.xz,4,tune
random_track235390,test__random_track235390__4_double bass,random,double bass,/Users/sarah/Desktop/shasha/Attune/benchmarks/datasets/cocochorales_tiny/materialized/test/random_track235390/stems_audio/4_double bass.wav,/Users/sarah/Desktop/shasha/Attune/benchmarks/datasets/cocochorales_tiny/materialized/test/random_track235390/stems_midi/4_double bass.mid,/Users/sarah/Desktop/shasha/Attune/benchmarks/datasets/cocochorales_tiny/pitch_data/test__random_track235390__4_double bass.pitch.pkl.xz,5,tune
random_track234577,test__random_track234577__4_double bass,random,double bass,/Users/sarah/Desktop/shasha/Attune/benchmarks/datasets/cocochorales_tiny/materialized/test/random_track234577/stems_audio/4_double bass.wav,/Users/sarah/Desktop/shasha/Attune/benchmarks/datasets/cocochorales_tiny/materialized/test/random_track234577/stems_midi/4_double bass.mid,/Users/sarah/Desktop/shasha/Attune/benchmarks/datasets/cocochorales_tiny/pitch_data/test__random_track234577__4_double bass.pitch.pkl.xz,6,tune
random_track234195,test__random_track234195__4_double bass,random,double bass,/Users/sarah/Desktop/shasha/Attune/benchmarks/datasets/cocochorales_tiny/materialized/test/random_track234195/stems_audio/4_double bass.wav,/Users/sarah/Desktop/shasha/Attune/benchmarks/datasets/cocochorales_tiny/materialized/test/random_track234195/stems_midi/4_double bass.mid,/Users/sarah/Desktop/shasha/Attune/benchmarks/datasets/cocochorales_tiny/pitch_data/test__random_track234195__4_double bass.pitch.pkl.xz,7,tune
random_track235589,test__random_track235589__4_double bass,random,double bass,/Users/sarah/Desktop/shasha/Attune/benchmarks/datasets/cocochorales_tiny/materialized/test/random_track235589/stems_audio/4_double bass.wav,/Users/sarah/Desktop/shasha/Attune/benchmarks/datasets/cocochorales_tiny/materialized/test/random_track235589/stems_midi/4_double bass.mid,/Users/sarah/Desktop/shasha/Attune/benchmarks/datasets/cocochorales_tiny/pitch_data/test__random_track235589__4_double bass.pitch.pkl.xz,8,holdout
random_track235000,test__random_track235000__4_double bass,random,double bass,/Users/sarah/Desktop/shasha/Attune/benchmarks/datasets/cocochorales_tiny/materialized/test/random_track235000/stems_audio/4_double bass.wav,/Users/sarah/Desktop/shasha/Attune/benchmarks/datasets/cocochorales_tiny/materialized/test/random_track235000/stems_midi/4_double bass.mid,/Users/sarah/Desktop/shasha/Attune/benchmarks/datasets/cocochorales_tiny/pitch_data/test__random_track235000__4_double bass.pitch.pkl.xz,9,holdout
random_track235646,test__random_track235646__1_flute,random,flute,/Users/sarah/Desktop/shasha/Attune/benchmarks/datasets/cocochorales_tiny/materialized/test/random_track235646/stems_audio/1_flute.wav,/Users/sarah/Desktop/shasha/Attune/benchmarks/datasets/cocochorales_tiny/materialized/test/random_track235646/stems_midi/1_flute.mid,/Users/sarah/Desktop/shasha/Attune/benchmarks/datasets/cocochorales_tiny/pitch_data/test__random_track235646__1_flute.pitch.pkl.xz,0,tune
random_track235055,test__random_track235055__1_flute,random,flute,/Users/sarah/Desktop/shasha/Attune/benchmarks/datasets/cocochorales_tiny/materialized/test/random_track235055/stems_audio/1_flute.wav,/Users/sarah/Desktop/shasha/Attune/benchmarks/datasets/cocochorales_tiny/materialized/test/random_track235055/stems_midi/1_flute.mid,/Users/sarah/Desktop/shasha/Attune/benchmarks/datasets/cocochorales_tiny/pitch_data/test__random_track235055__1_flute.pitch.pkl.xz,1,tune
random_track235993,test__random_track235993__1_flute,random,flute,/Users/sarah/Desktop/shasha/Attune/benchmarks/datasets/cocochorales_tiny/materialized/test/random_track235993/stems_audio/1_flute.wav,/Users/sarah/Desktop/shasha/Attune/benchmarks/datasets/cocochorales_tiny/materialized/test/random_track235993/stems_midi/1_flute.mid,/Users/sarah/Desktop/shasha/Attune/benchmarks/datasets/cocochorales_tiny/pitch_data/test__random_track235993__1_flute.pitch.pkl.xz,2,tune
random_track234123,test__random_track234123__1_flute,random,flute,/Users/sarah/Desktop/shasha/Attune/benchmarks/datasets/cocochorales_tiny/materialized/test/random_track234123/stems_audio/1_flute.wav,/Users/sarah/Desktop/shasha/Attune/benchmarks/datasets/cocochorales_tiny/materialized/test/random_track234123/stems_midi/1_flute.mid,/Users/sarah/Desktop/shasha/Attune/benchmarks/datasets/cocochorales_tiny/pitch_data/test__random_track234123__1_flute.pitch.pkl.xz,3,tune
random_track234464,test__random_track234464__1_flute,random,flute,/Users/sarah/Desktop/shasha/Attune/benchmarks/datasets/cocochorales_tiny/materialized/test/random_track234464/stems_audio/1_flute.wav,/Users/sarah/Desktop/shasha/Attune/benchmarks/datasets/cocochorales_tiny/materialized/test/random_track234464/stems_midi/1_flute.mid,/Users/sarah/Desktop/shasha/Attune/benchmarks/datasets/cocochorales_tiny/pitch_data/test__random_track234464__1_flute.pitch.pkl.xz,4,tune
random_track234711,test__random_track234711__1_flute,random,flute,/Users/sarah/Desktop/shasha/Attune/benchmarks/datasets/cocochorales_tiny/materialized/test/random_track234711/stems_audio/1_flute.wav,/Users/sarah/Desktop/shasha/Attune/benchmarks/datasets/cocochorales_tiny/materialized/test/random_track234711/stems_midi/1_flute.mid,/Users/sarah/Desktop/shasha/Attune/benchmarks/datasets/cocochorales_tiny/pitch_data/test__random_track234711__1_flute.pitch.pkl.xz,5,tune
random_track235591,test__random_track235591__1_flute,random,flute,/Users/sarah/Desktop/shasha/Attune/benchmarks/datasets/cocochorales_tiny/materialized/test/random_track235591/stems_audio/1_flute.wav,/Users/sarah/Desktop/shasha/Attune/benchmarks/datasets/cocochorales_tiny/materialized/test/random_track235591/stems_midi/1_flute.mid,/Users/sarah/Desktop/shasha/Attune/benchmarks/datasets/cocochorales_tiny/pitch_data/test__random_track235591__1_flute.pitch.pkl.xz,6,tune
random_track235681,test__random_track235681__1_flute,random,flute,/Users/sarah/Desktop/shasha/Attune/benchmarks/datasets/cocochorales_tiny/materialized/test/random_track235681/stems_audio/1_flute.wav,/Users/sarah/Desktop/shasha/Attune/benchmarks/datasets/cocochorales_tiny/materialized/test/random_track235681/stems_midi/1_flute.mid,/Users/sarah/Desktop/shasha/Attune/benchmarks/datasets/cocochorales_tiny/pitch_data/test__random_track235681__1_flute.pitch.pkl.xz,7,tune
random_track235732,test__random_track235732__1_flute,random,flute,/Users/sarah/Desktop/shasha/Attune/benchmarks/datasets/cocochorales_tiny/materialized/test/random_track235732/stems_audio/1_flute.wav,/Users/sarah/Desktop/shasha/Attune/benchmarks/datasets/cocochorales_tiny/materialized/test/random_track235732/stems_midi/1_flute.mid,/Users/sarah/Desktop/shasha/Attune/benchmarks/datasets/cocochorales_tiny/pitch_data/test__random_track235732__1_flute.pitch.pkl.xz,8,holdout
random_track235123,test__random_track235123__1_flute,random,flute,/Users/sarah/Desktop/shasha/Attune/benchmarks/datasets/cocochorales_tiny/materialized/test/random_track235123/stems_audio/1_flute.wav,/Users/sarah/Desktop/shasha/Attune/benchmarks/datasets/cocochorales_tiny/materialized/test/random_track235123/stems_midi/1_flute.mid,/Users/sarah/Desktop/shasha/Attune/benchmarks/datasets/cocochorales_tiny/pitch_data/test__random_track235123__1_flute.pitch.pkl.xz,9,holdout
random_track235414,test__random_track235414__2_horn,random,horn,/Users/sarah/Desktop/shasha/Attune/benchmarks/datasets/cocochorales_tiny/materialized/test/random_track235414/stems_audio/2_horn.wav,/Users/sarah/Desktop/shasha/Attune/benchmarks/datasets/cocochorales_tiny/materialized/test/random_track235414/stems_midi/2_horn.mid,/Users/sarah/Desktop/shasha/Attune/benchmarks/datasets/cocochorales_tiny/pitch_data/test__random_track235414__2_horn.pitch.pkl.xz,0,tune
random_track235212,test__random_track235212__2_horn,random,horn,/Users/sarah/Desktop/shasha/Attune/benchmarks/datasets/cocochorales_tiny/materialized/test/random_track235212/stems_audio/2_horn.wav,/Users/sarah/Desktop/shasha/Attune/benchmarks/datasets/cocochorales_tiny/materialized/test/random_track235212/stems_midi/2_horn.mid,/Users/sarah/Desktop/shasha/Attune/benchmarks/datasets/cocochorales_tiny/pitch_data/test__random_track235212__2_horn.pitch.pkl.xz,1,tune
random_track234084,test__random_track234084__3_horn,random,horn,/Users/sarah/Desktop/shasha/Attune/benchmarks/datasets/cocochorales_tiny/materialized/test/random_track234084/stems_audio/3_horn.wav,/Users/sarah/Desktop/shasha/Attune/benchmarks/datasets/cocochorales_tiny/materialized/test/random_track234084/stems_midi/3_horn.mid,/Users/sarah/Desktop/shasha/Attune/benchmarks/datasets/cocochorales_tiny/pitch_data/test__random_track234084__3_horn.pitch.pkl.xz,2,tune
random_track234264,test__random_track234264__3_horn,random,horn,/Users/sarah/Desktop/shasha/Attune/benchmarks/datasets/cocochorales_tiny/materialized/test/random_track234264/stems_audio/3_horn.wav,/Users/sarah/Desktop/shasha/Attune/benchmarks/datasets/cocochorales_tiny/materialized/test/random_track234264/stems_midi/3_horn.mid,/Users/sarah/Desktop/shasha/Attune/benchmarks/datasets/cocochorales_tiny/pitch_data/test__random_track234264__3_horn.pitch.pkl.xz,3,tune
random_track234962,test__random_track234962__2_horn,random,horn,/Users/sarah/Desktop/shasha/Attune/benchmarks/datasets/cocochorales_tiny/materialized/test/random_track234962/stems_audio/2_horn.wav,/Users/sarah/Desktop/shasha/Attune/benchmarks/datasets/cocochorales_tiny/materialized/test/random_track234962/stems_midi/2_horn.mid,/Users/sarah/Desktop/shasha/Attune/benchmarks/datasets/cocochorales_tiny/pitch_data/test__random_track234962__2_horn.pitch.pkl.xz,4,tune
random_track235264,test__random_track235264__3_horn,random,horn,/Users/sarah/Desktop/shasha/Attune/benchmarks/datasets/cocochorales_tiny/materialized/test/random_track235264/stems_audio/3_horn.wav,/Users/sarah/Desktop/shasha/Attune/benchmarks/datasets/cocochorales_tiny/materialized/test/random_track235264/stems_midi/3_horn.mid,/Users/sarah/Desktop/shasha/Attune/benchmarks/datasets/cocochorales_tiny/pitch_data/test__random_track235264__3_horn.pitch.pkl.xz,5,tune
random_track235932,test__random_track235932__3_horn,random,horn,/Users/sarah/Desktop/shasha/Attune/benchmarks/datasets/cocochorales_tiny/materialized/test/random_track235932/stems_audio/3_horn.wav,/Users/sarah/Desktop/shasha/Attune/benchmarks/datasets/cocochorales_tiny/materialized/test/random_track235932/stems_midi/3_horn.mid,/Users/sarah/Desktop/shasha/Attune/benchmarks/datasets/cocochorales_tiny/pitch_data/test__random_track235932__3_horn.pitch.pkl.xz,6,tune
random_track234451,test__random_track234451__2_horn,random,horn,/Users/sarah/Desktop/shasha/Attune/benchmarks/datasets/cocochorales_tiny/materialized/test/random_track234451/stems_audio/2_horn.wav,/Users/sarah/Desktop/shasha/Attune/benchmarks/datasets/cocochorales_tiny/materialized/test/random_track234451/stems_midi/2_horn.mid,/Users/sarah/Desktop/shasha/Attune/benchmarks/datasets/cocochorales_tiny/pitch_data/test__random_track234451__2_horn.pitch.pkl.xz,7,tune
random_track235368,test__random_track235368__3_horn,random,horn,/Users/sarah/Desktop/shasha/Attune/benchmarks/datasets/cocochorales_tiny/materialized/test/random_track235368/stems_audio/3_horn.wav,/Users/sarah/Desktop/shasha/Attune/benchmarks/datasets/cocochorales_tiny/materialized/test/random_track235368/stems_midi/3_horn.mid,/Users/sarah/Desktop/shasha/Attune/benchmarks/datasets/cocochorales_tiny/pitch_data/test__random_track235368__3_horn.pitch.pkl.xz,8,holdout
random_track235066,test__random_track235066__2_horn,random,horn,/Users/sarah/Desktop/shasha/Attune/benchmarks/datasets/cocochorales_tiny/materialized/test/random_track235066/stems_audio/2_horn.wav,/Users/sarah/Desktop/shasha/Attune/benchmarks/datasets/cocochorales_tiny/materialized/test/random_track235066/stems_midi/2_horn.mid,/Users/sarah/Desktop/shasha/Attune/benchmarks/datasets/cocochorales_tiny/pitch_data/test__random_track235066__2_horn.pitch.pkl.xz,9,holdout
random_track235902,test__random_track235902__1_oboe,random,oboe,/Users/sarah/Desktop/shasha/Attune/benchmarks/datasets/cocochorales_tiny/materialized/test/random_track235902/stems_audio/1_oboe.wav,/Users/sarah/Desktop/shasha/Attune/benchmarks/datasets/cocochorales_tiny/materialized/test/random_track235902/stems_midi/1_oboe.mid,/Users/sarah/Desktop/shasha/Attune/benchmarks/datasets/cocochorales_tiny/pitch_data/test__random_track235902__1_oboe.pitch.pkl.xz,0,tune
random_track234979,test__random_track234979__2_oboe,random,oboe,/Users/sarah/Desktop/shasha/Attune/benchmarks/datasets/cocochorales_tiny/materialized/test/random_track234979/stems_audio/2_oboe.wav,/Users/sarah/Desktop/shasha/Attune/benchmarks/datasets/cocochorales_tiny/materialized/test/random_track234979/stems_midi/2_oboe.mid,/Users/sarah/Desktop/shasha/Attune/benchmarks/datasets/cocochorales_tiny/pitch_data/test__random_track234979__2_oboe.pitch.pkl.xz,1,tune
random_track235299,test__random_track235299__2_oboe,random,oboe,/Users/sarah/Desktop/shasha/Attune/benchmarks/datasets/cocochorales_tiny/materialized/test/random_track235299/stems_audio/2_oboe.wav,/Users/sarah/Desktop/shasha/Attune/benchmarks/datasets/cocochorales_tiny/materialized/test/random_track235299/stems_midi/2_oboe.mid,/Users/sarah/Desktop/shasha/Attune/benchmarks/datasets/cocochorales_tiny/pitch_data/test__random_track235299__2_oboe.pitch.pkl.xz,2,tune
random_track234208,test__random_track234208__2_oboe,random,oboe,/Users/sarah/Desktop/shasha/Attune/benchmarks/datasets/cocochorales_tiny/materialized/test/random_track234208/stems_audio/2_oboe.wav,/Users/sarah/Desktop/shasha/Attune/benchmarks/datasets/cocochorales_tiny/materialized/test/random_track234208/stems_midi/2_oboe.mid,/Users/sarah/Desktop/shasha/Attune/benchmarks/datasets/cocochorales_tiny/pitch_data/test__random_track234208__2_oboe.pitch.pkl.xz,3,tune
random_track234828,test__random_track234828__1_oboe,random,oboe,/Users/sarah/Desktop/shasha/Attune/benchmarks/datasets/cocochorales_tiny/materialized/test/random_track234828/stems_audio/1_oboe.wav,/Users/sarah/Desktop/shasha/Attune/benchmarks/datasets/cocochorales_tiny/materialized/test/random_track234828/stems_midi/1_oboe.mid,/Users/sarah/Desktop/shasha/Attune/benchmarks/datasets/cocochorales_tiny/pitch_data/test__random_track234828__1_oboe.pitch.pkl.xz,4,tune
random_track234248,test__random_track234248__1_oboe,random,oboe,/Users/sarah/Desktop/shasha/Attune/benchmarks/datasets/cocochorales_tiny/materialized/test/random_track234248/stems_audio/1_oboe.wav,/Users/sarah/Desktop/shasha/Attune/benchmarks/datasets/cocochorales_tiny/materialized/test/random_track234248/stems_midi/1_oboe.mid,/Users/sarah/Desktop/shasha/Attune/benchmarks/datasets/cocochorales_tiny/pitch_data/test__random_track234248__1_oboe.pitch.pkl.xz,5,tune
random_track235852,test__random_track235852__1_oboe,random,oboe,/Users/sarah/Desktop/shasha/Attune/benchmarks/datasets/cocochorales_tiny/materialized/test/random_track235852/stems_audio/1_oboe.wav,/Users/sarah/Desktop/shasha/Attune/benchmarks/datasets/cocochorales_tiny/materialized/test/random_track235852/stems_midi/1_oboe.mid,/Users/sarah/Desktop/shasha/Attune/benchmarks/datasets/cocochorales_tiny/pitch_data/test__random_track235852__1_oboe.pitch.pkl.xz,6,tune
random_track235332,test__random_track235332__2_oboe,random,oboe,/Users/sarah/Desktop/shasha/Attune/benchmarks/datasets/cocochorales_tiny/materialized/test/random_track235332/stems_audio/2_oboe.wav,/Users/sarah/Desktop/shasha/Attune/benchmarks/datasets/cocochorales_tiny/materialized/test/random_track235332/stems_midi/2_oboe.mid,/Users/sarah/Desktop/shasha/Attune/benchmarks/datasets/cocochorales_tiny/pitch_data/test__random_track235332__2_oboe.pitch.pkl.xz,7,tune
random_track235843,test__random_track235843__1_oboe,random,oboe,/Users/sarah/Desktop/shasha/Attune/benchmarks/datasets/cocochorales_tiny/materialized/test/random_track235843/stems_audio/1_oboe.wav,/Users/sarah/Desktop/shasha/Attune/benchmarks/datasets/cocochorales_tiny/materialized/test/random_track235843/stems_midi/1_oboe.mid,/Users/sarah/Desktop/shasha/Attune/benchmarks/datasets/cocochorales_tiny/pitch_data/test__random_track235843__1_oboe.pitch.pkl.xz,8,holdout
random_track234455,test__random_track234455__2_oboe,random,oboe,/Users/sarah/Desktop/shasha/Attune/benchmarks/datasets/cocochorales_tiny/materialized/test/random_track234455/stems_audio/2_oboe.wav,/Users/sarah/Desktop/shasha/Attune/benchmarks/datasets/cocochorales_tiny/materialized/test/random_track234455/stems_midi/2_oboe.mid,/Users/sarah/Desktop/shasha/Attune/benchmarks/datasets/cocochorales_tiny/pitch_data/test__random_track234455__2_oboe.pitch.pkl.xz,9,holdout
random_track235510,test__random_track235510__3_saxophone,random,saxophone,/Users/sarah/Desktop/shasha/Attune/benchmarks/datasets/cocochorales_tiny/materialized/test/random_track235510/stems_audio/3_saxophone.wav,/Users/sarah/Desktop/shasha/Attune/benchmarks/datasets/cocochorales_tiny/materialized/test/random_track235510/stems_midi/3_saxophone.mid,/Users/sarah/Desktop/shasha/Attune/benchmarks/datasets/cocochorales_tiny/pitch_data/test__random_track235510__3_saxophone.pitch.pkl.xz,0,tune
random_track234367,test__random_track234367__3_saxophone,random,saxophone,/Users/sarah/Desktop/shasha/Attune/benchmarks/datasets/cocochorales_tiny/materialized/test/random_track234367/stems_audio/3_saxophone.wav,/Users/sarah/Desktop/shasha/Attune/benchmarks/datasets/cocochorales_tiny/materialized/test/random_track234367/stems_midi/3_saxophone.mid,/Users/sarah/Desktop/shasha/Attune/benchmarks/datasets/cocochorales_tiny/pitch_data/test__random_track234367__3_saxophone.pitch.pkl.xz,1,tune
random_track235753,test__random_track235753__3_saxophone,random,saxophone,/Users/sarah/Desktop/shasha/Attune/benchmarks/datasets/cocochorales_tiny/materialized/test/random_track235753/stems_audio/3_saxophone.wav,/Users/sarah/Desktop/shasha/Attune/benchmarks/datasets/cocochorales_tiny/materialized/test/random_track235753/stems_midi/3_saxophone.mid,/Users/sarah/Desktop/shasha/Attune/benchmarks/datasets/cocochorales_tiny/pitch_data/test__random_track235753__3_saxophone.pitch.pkl.xz,2,tune
random_track234915,test__random_track234915__3_saxophone,random,saxophone,/Users/sarah/Desktop/shasha/Attune/benchmarks/datasets/cocochorales_tiny/materialized/test/random_track234915/stems_audio/3_saxophone.wav,/Users/sarah/Desktop/shasha/Attune/benchmarks/datasets/cocochorales_tiny/materialized/test/random_track234915/stems_midi/3_saxophone.mid,/Users/sarah/Desktop/shasha/Attune/benchmarks/datasets/cocochorales_tiny/pitch_data/test__random_track234915__3_saxophone.pitch.pkl.xz,3,tune
random_track234545,test__random_track234545__3_saxophone,random,saxophone,/Users/sarah/Desktop/shasha/Attune/benchmarks/datasets/cocochorales_tiny/materialized/test/random_track234545/stems_audio/3_saxophone.wav,/Users/sarah/Desktop/shasha/Attune/benchmarks/datasets/cocochorales_tiny/materialized/test/random_track234545/stems_midi/3_saxophone.mid,/Users/sarah/Desktop/shasha/Attune/benchmarks/datasets/cocochorales_tiny/pitch_data/test__random_track234545__3_saxophone.pitch.pkl.xz,4,tune
random_track235386,test__random_track235386__3_saxophone,random,saxophone,/Users/sarah/Desktop/shasha/Attune/benchmarks/datasets/cocochorales_tiny/materialized/test/random_track235386/stems_audio/3_saxophone.wav,/Users/sarah/Desktop/shasha/Attune/benchmarks/datasets/cocochorales_tiny/materialized/test/random_track235386/stems_midi/3_saxophone.mid,/Users/sarah/Desktop/shasha/Attune/benchmarks/datasets/cocochorales_tiny/pitch_data/test__random_track235386__3_saxophone.pitch.pkl.xz,5,tune
random_track234097,test__random_track234097__2_saxophone,random,saxophone,/Users/sarah/Desktop/shasha/Attune/benchmarks/datasets/cocochorales_tiny/materialized/test/random_track234097/stems_audio/2_saxophone.wav,/Users/sarah/Desktop/shasha/Attune/benchmarks/datasets/cocochorales_tiny/materialized/test/random_track234097/stems_midi/2_saxophone.mid,/Users/sarah/Desktop/shasha/Attune/benchmarks/datasets/cocochorales_tiny/pitch_data/test__random_track234097__2_saxophone.pitch.pkl.xz,6,tune
random_track234479,test__random_track234479__3_saxophone,random,saxophone,/Users/sarah/Desktop/shasha/Attune/benchmarks/datasets/cocochorales_tiny/materialized/test/random_track234479/stems_audio/3_saxophone.wav,/Users/sarah/Desktop/shasha/Attune/benchmarks/datasets/cocochorales_tiny/materialized/test/random_track234479/stems_midi/3_saxophone.mid,/Users/sarah/Desktop/shasha/Attune/benchmarks/datasets/cocochorales_tiny/pitch_data/test__random_track234479__3_saxophone.pitch.pkl.xz,7,tune
random_track235080,test__random_track235080__3_saxophone,random,saxophone,/Users/sarah/Desktop/shasha/Attune/benchmarks/datasets/cocochorales_tiny/materialized/test/random_track235080/stems_audio/3_saxophone.wav,/Users/sarah/Desktop/shasha/Attune/benchmarks/datasets/cocochorales_tiny/materialized/test/random_track235080/stems_midi/3_saxophone.mid,/Users/sarah/Desktop/shasha/Attune/benchmarks/datasets/cocochorales_tiny/pitch_data/test__random_track235080__3_saxophone.pitch.pkl.xz,8,holdout
random_track235886,test__random_track235886__3_saxophone,random,saxophone,/Users/sarah/Desktop/shasha/Attune/benchmarks/datasets/cocochorales_tiny/materialized/test/random_track235886/stems_audio/3_saxophone.wav,/Users/sarah/Desktop/shasha/Attune/benchmarks/datasets/cocochorales_tiny/materialized/test/random_track235886/stems_midi/3_saxophone.mid,/Users/sarah/Desktop/shasha/Attune/benchmarks/datasets/cocochorales_tiny/pitch_data/test__random_track235886__3_saxophone.pitch.pkl.xz,9,holdout
random_track234385,test__random_track234385__3_trombone,random,trombone,/Users/sarah/Desktop/shasha/Attune/benchmarks/datasets/cocochorales_tiny/materialized/test/random_track234385/stems_audio/3_trombone.wav,/Users/sarah/Desktop/shasha/Attune/benchmarks/datasets/cocochorales_tiny/materialized/test/random_track234385/stems_midi/3_trombone.mid,/Users/sarah/Desktop/shasha/Attune/benchmarks/datasets/cocochorales_tiny/pitch_data/test__random_track234385__3_trombone.pitch.pkl.xz,0,tune
random_track235162,test__random_track235162__3_trombone,random,trombone,/Users/sarah/Desktop/shasha/Attune/benchmarks/datasets/cocochorales_tiny/materialized/test/random_track235162/stems_audio/3_trombone.wav,/Users/sarah/Desktop/shasha/Attune/benchmarks/datasets/cocochorales_tiny/materialized/test/random_track235162/stems_midi/3_trombone.mid,/Users/sarah/Desktop/shasha/Attune/benchmarks/datasets/cocochorales_tiny/pitch_data/test__random_track235162__3_trombone.pitch.pkl.xz,1,tune
random_track235991,test__random_track235991__3_trombone,random,trombone,/Users/sarah/Desktop/shasha/Attune/benchmarks/datasets/cocochorales_tiny/materialized/test/random_track235991/stems_audio/3_trombone.wav,/Users/sarah/Desktop/shasha/Attune/benchmarks/datasets/cocochorales_tiny/materialized/test/random_track235991/stems_midi/3_trombone.mid,/Users/sarah/Desktop/shasha/Attune/benchmarks/datasets/cocochorales_tiny/pitch_data/test__random_track235991__3_trombone.pitch.pkl.xz,2,tune
random_track234404,test__random_track234404__3_trombone,random,trombone,/Users/sarah/Desktop/shasha/Attune/benchmarks/datasets/cocochorales_tiny/materialized/test/random_track234404/stems_audio/3_trombone.wav,/Users/sarah/Desktop/shasha/Attune/benchmarks/datasets/cocochorales_tiny/materialized/test/random_track234404/stems_midi/3_trombone.mid,/Users/sarah/Desktop/shasha/Attune/benchmarks/datasets/cocochorales_tiny/pitch_data/test__random_track234404__3_trombone.pitch.pkl.xz,3,tune
random_track234485,test__random_track234485__3_trombone,random,trombone,/Users/sarah/Desktop/shasha/Attune/benchmarks/datasets/cocochorales_tiny/materialized/test/random_track234485/stems_audio/3_trombone.wav,/Users/sarah/Desktop/shasha/Attune/benchmarks/datasets/cocochorales_tiny/materialized/test/random_track234485/stems_midi/3_trombone.mid,/Users/sarah/Desktop/shasha/Attune/benchmarks/datasets/cocochorales_tiny/pitch_data/test__random_track234485__3_trombone.pitch.pkl.xz,4,tune
random_track235841,test__random_track235841__3_trombone,random,trombone,/Users/sarah/Desktop/shasha/Attune/benchmarks/datasets/cocochorales_tiny/materialized/test/random_track235841/stems_audio/3_trombone.wav,/Users/sarah/Desktop/shasha/Attune/benchmarks/datasets/cocochorales_tiny/materialized/test/random_track235841/stems_midi/3_trombone.mid,/Users/sarah/Desktop/shasha/Attune/benchmarks/datasets/cocochorales_tiny/pitch_data/test__random_track235841__3_trombone.pitch.pkl.xz,5,tune
random_track234363,test__random_track234363__3_trombone,random,trombone,/Users/sarah/Desktop/shasha/Attune/benchmarks/datasets/cocochorales_tiny/materialized/test/random_track234363/stems_audio/3_trombone.wav,/Users/sarah/Desktop/shasha/Attune/benchmarks/datasets/cocochorales_tiny/materialized/test/random_track234363/stems_midi/3_trombone.mid,/Users/sarah/Desktop/shasha/Attune/benchmarks/datasets/cocochorales_tiny/pitch_data/test__random_track234363__3_trombone.pitch.pkl.xz,6,tune
random_track234998,test__random_track234998__3_trombone,random,trombone,/Users/sarah/Desktop/shasha/Attune/benchmarks/datasets/cocochorales_tiny/materialized/test/random_track234998/stems_audio/3_trombone.wav,/Users/sarah/Desktop/shasha/Attune/benchmarks/datasets/cocochorales_tiny/materialized/test/random_track234998/stems_midi/3_trombone.mid,/Users/sarah/Desktop/shasha/Attune/benchmarks/datasets/cocochorales_tiny/pitch_data/test__random_track234998__3_trombone.pitch.pkl.xz,7,tune
random_track235016,test__random_track235016__3_trombone,random,trombone,/Users/sarah/Desktop/shasha/Attune/benchmarks/datasets/cocochorales_tiny/materialized/test/random_track235016/stems_audio/3_trombone.wav,/Users/sarah/Desktop/shasha/Attune/benchmarks/datasets/cocochorales_tiny/materialized/test/random_track235016/stems_midi/3_trombone.mid,/Users/sarah/Desktop/shasha/Attune/benchmarks/datasets/cocochorales_tiny/pitch_data/test__random_track235016__3_trombone.pitch.pkl.xz,8,holdout
random_track234291,test__random_track234291__3_trombone,random,trombone,/Users/sarah/Desktop/shasha/Attune/benchmarks/datasets/cocochorales_tiny/materialized/test/random_track234291/stems_audio/3_trombone.wav,/Users/sarah/Desktop/shasha/Attune/benchmarks/datasets/cocochorales_tiny/materialized/test/random_track234291/stems_midi/3_trombone.mid,/Users/sarah/Desktop/shasha/Attune/benchmarks/datasets/cocochorales_tiny/pitch_data/test__random_track234291__3_trombone.pitch.pkl.xz,9,holdout
random_track234426,test__random_track234426__1_trumpet,random,trumpet,/Users/sarah/Desktop/shasha/Attune/benchmarks/datasets/cocochorales_tiny/materialized/test/random_track234426/stems_audio/1_trumpet.wav,/Users/sarah/Desktop/shasha/Attune/benchmarks/datasets/cocochorales_tiny/materialized/test/random_track234426/stems_midi/1_trumpet.mid,/Users/sarah/Desktop/shasha/Attune/benchmarks/datasets/cocochorales_tiny/pitch_data/test__random_track234426__1_trumpet.pitch.pkl.xz,0,tune
random_track235671,test__random_track235671__1_trumpet,random,trumpet,/Users/sarah/Desktop/shasha/Attune/benchmarks/datasets/cocochorales_tiny/materialized/test/random_track235671/stems_audio/1_trumpet.wav,/Users/sarah/Desktop/shasha/Attune/benchmarks/datasets/cocochorales_tiny/materialized/test/random_track235671/stems_midi/1_trumpet.mid,/Users/sarah/Desktop/shasha/Attune/benchmarks/datasets/cocochorales_tiny/pitch_data/test__random_track235671__1_trumpet.pitch.pkl.xz,1,tune
random_track234538,test__random_track234538__1_trumpet,random,trumpet,/Users/sarah/Desktop/shasha/Attune/benchmarks/datasets/cocochorales_tiny/materialized/test/random_track234538/stems_audio/1_trumpet.wav,/Users/sarah/Desktop/shasha/Attune/benchmarks/datasets/cocochorales_tiny/materialized/test/random_track234538/stems_midi/1_trumpet.mid,/Users/sarah/Desktop/shasha/Attune/benchmarks/datasets/cocochorales_tiny/pitch_data/test__random_track234538__1_trumpet.pitch.pkl.xz,2,tune
random_track234415,test__random_track234415__1_trumpet,random,trumpet,/Users/sarah/Desktop/shasha/Attune/benchmarks/datasets/cocochorales_tiny/materialized/test/random_track234415/stems_audio/1_trumpet.wav,/Users/sarah/Desktop/shasha/Attune/benchmarks/datasets/cocochorales_tiny/materialized/test/random_track234415/stems_midi/1_trumpet.mid,/Users/sarah/Desktop/shasha/Attune/benchmarks/datasets/cocochorales_tiny/pitch_data/test__random_track234415__1_trumpet.pitch.pkl.xz,3,tune
random_track235983,test__random_track235983__1_trumpet,random,trumpet,/Users/sarah/Desktop/shasha/Attune/benchmarks/datasets/cocochorales_tiny/materialized/test/random_track235983/stems_audio/1_trumpet.wav,/Users/sarah/Desktop/shasha/Attune/benchmarks/datasets/cocochorales_tiny/materialized/test/random_track235983/stems_midi/1_trumpet.mid,/Users/sarah/Desktop/shasha/Attune/benchmarks/datasets/cocochorales_tiny/pitch_data/test__random_track235983__1_trumpet.pitch.pkl.xz,4,tune
random_track234122,test__random_track234122__2_trumpet,random,trumpet,/Users/sarah/Desktop/shasha/Attune/benchmarks/datasets/cocochorales_tiny/materialized/test/random_track234122/stems_audio/2_trumpet.wav,/Users/sarah/Desktop/shasha/Attune/benchmarks/datasets/cocochorales_tiny/materialized/test/random_track234122/stems_midi/2_trumpet.mid,/Users/sarah/Desktop/shasha/Attune/benchmarks/datasets/cocochorales_tiny/pitch_data/test__random_track234122__2_trumpet.pitch.pkl.xz,5,tune
random_track235014,test__random_track235014__1_trumpet,random,trumpet,/Users/sarah/Desktop/shasha/Attune/benchmarks/datasets/cocochorales_tiny/materialized/test/random_track235014/stems_audio/1_trumpet.wav,/Users/sarah/Desktop/shasha/Attune/benchmarks/datasets/cocochorales_tiny/materialized/test/random_track235014/stems_midi/1_trumpet.mid,/Users/sarah/Desktop/shasha/Attune/benchmarks/datasets/cocochorales_tiny/pitch_data/test__random_track235014__1_trumpet.pitch.pkl.xz,6,tune
random_track235300,test__random_track235300__1_trumpet,random,trumpet,/Users/sarah/Desktop/shasha/Attune/benchmarks/datasets/cocochorales_tiny/materialized/test/random_track235300/stems_audio/1_trumpet.wav,/Users/sarah/Desktop/shasha/Attune/benchmarks/datasets/cocochorales_tiny/materialized/test/random_track235300/stems_midi/1_trumpet.mid,/Users/sarah/Desktop/shasha/Attune/benchmarks/datasets/cocochorales_tiny/pitch_data/test__random_track235300__1_trumpet.pitch.pkl.xz,7,tune
random_track234182,test__random_track234182__1_trumpet,random,trumpet,/Users/sarah/Desktop/shasha/Attune/benchmarks/datasets/cocochorales_tiny/materialized/test/random_track234182/stems_audio/1_trumpet.wav,/Users/sarah/Desktop/shasha/Attune/benchmarks/datasets/cocochorales_tiny/materialized/test/random_track234182/stems_midi/1_trumpet.mid,/Users/sarah/Desktop/shasha/Attune/benchmarks/datasets/cocochorales_tiny/pitch_data/test__random_track234182__1_trumpet.pitch.pkl.xz,8,holdout
random_track235771,test__random_track235771__2_trumpet,random,trumpet,/Users/sarah/Desktop/shasha/Attune/benchmarks/datasets/cocochorales_tiny/materialized/test/random_track235771/stems_audio/2_trumpet.wav,/Users/sarah/Desktop/shasha/Attune/benchmarks/datasets/cocochorales_tiny/materialized/test/random_track235771/stems_midi/2_trumpet.mid,/Users/sarah/Desktop/shasha/Attune/benchmarks/datasets/cocochorales_tiny/pitch_data/test__random_track235771__2_trumpet.pitch.pkl.xz,9,holdout
random_track235036,test__random_track235036__4_tuba,random,tuba,/Users/sarah/Desktop/shasha/Attune/benchmarks/datasets/cocochorales_tiny/materialized/test/random_track235036/stems_audio/4_tuba.wav,/Users/sarah/Desktop/shasha/Attune/benchmarks/datasets/cocochorales_tiny/materialized/test/random_track235036/stems_midi/4_tuba.mid,/Users/sarah/Desktop/shasha/Attune/benchmarks/datasets/cocochorales_tiny/pitch_data/test__random_track235036__4_tuba.pitch.pkl.xz,0,tune
random_track234184,test__random_track234184__4_tuba,random,tuba,/Users/sarah/Desktop/shasha/Attune/benchmarks/datasets/cocochorales_tiny/materialized/test/random_track234184/stems_audio/4_tuba.wav,/Users/sarah/Desktop/shasha/Attune/benchmarks/datasets/cocochorales_tiny/materialized/test/random_track234184/stems_midi/4_tuba.mid,/Users/sarah/Desktop/shasha/Attune/benchmarks/datasets/cocochorales_tiny/pitch_data/test__random_track234184__4_tuba.pitch.pkl.xz,1,tune
random_track235864,test__random_track235864__4_tuba,random,tuba,/Users/sarah/Desktop/shasha/Attune/benchmarks/datasets/cocochorales_tiny/materialized/test/random_track235864/stems_audio/4_tuba.wav,/Users/sarah/Desktop/shasha/Attune/benchmarks/datasets/cocochorales_tiny/materialized/test/random_track235864/stems_midi/4_tuba.mid,/Users/sarah/Desktop/shasha/Attune/benchmarks/datasets/cocochorales_tiny/pitch_data/test__random_track235864__4_tuba.pitch.pkl.xz,2,tune
random_track234982,test__random_track234982__4_tuba,random,tuba,/Users/sarah/Desktop/shasha/Attune/benchmarks/datasets/cocochorales_tiny/materialized/test/random_track234982/stems_audio/4_tuba.wav,/Users/sarah/Desktop/shasha/Attune/benchmarks/datasets/cocochorales_tiny/materialized/test/random_track234982/stems_midi/4_tuba.mid,/Users/sarah/Desktop/shasha/Attune/benchmarks/datasets/cocochorales_tiny/pitch_data/test__random_track234982__4_tuba.pitch.pkl.xz,3,tune
random_track235353,test__random_track235353__4_tuba,random,tuba,/Users/sarah/Desktop/shasha/Attune/benchmarks/datasets/cocochorales_tiny/materialized/test/random_track235353/stems_audio/4_tuba.wav,/Users/sarah/Desktop/shasha/Attune/benchmarks/datasets/cocochorales_tiny/materialized/test/random_track235353/stems_midi/4_tuba.mid,/Users/sarah/Desktop/shasha/Attune/benchmarks/datasets/cocochorales_tiny/pitch_data/test__random_track235353__4_tuba.pitch.pkl.xz,4,tune
random_track235466,test__random_track235466__4_tuba,random,tuba,/Users/sarah/Desktop/shasha/Attune/benchmarks/datasets/cocochorales_tiny/materialized/test/random_track235466/stems_audio/4_tuba.wav,/Users/sarah/Desktop/shasha/Attune/benchmarks/datasets/cocochorales_tiny/materialized/test/random_track235466/stems_midi/4_tuba.mid,/Users/sarah/Desktop/shasha/Attune/benchmarks/datasets/cocochorales_tiny/pitch_data/test__random_track235466__4_tuba.pitch.pkl.xz,5,tune
random_track235604,test__random_track235604__4_tuba,random,tuba,/Users/sarah/Desktop/shasha/Attune/benchmarks/datasets/cocochorales_tiny/materialized/test/random_track235604/stems_audio/4_tuba.wav,/Users/sarah/Desktop/shasha/Attune/benchmarks/datasets/cocochorales_tiny/materialized/test/random_track235604/stems_midi/4_tuba.mid,/Users/sarah/Desktop/shasha/Attune/benchmarks/datasets/cocochorales_tiny/pitch_data/test__random_track235604__4_tuba.pitch.pkl.xz,6,tune
random_track234849,test__random_track234849__4_tuba,random,tuba,/Users/sarah/Desktop/shasha/Attune/benchmarks/datasets/cocochorales_tiny/materialized/test/random_track234849/stems_audio/4_tuba.wav,/Users/sarah/Desktop/shasha/Attune/benchmarks/datasets/cocochorales_tiny/materialized/test/random_track234849/stems_midi/4_tuba.mid,/Users/sarah/Desktop/shasha/Attune/benchmarks/datasets/cocochorales_tiny/pitch_data/test__random_track234849__4_tuba.pitch.pkl.xz,7,tune
random_track234587,test__random_track234587__4_tuba,random,tuba,/Users/sarah/Desktop/shasha/Attune/benchmarks/datasets/cocochorales_tiny/materialized/test/random_track234587/stems_audio/4_tuba.wav,/Users/sarah/Desktop/shasha/Attune/benchmarks/datasets/cocochorales_tiny/materialized/test/random_track234587/stems_midi/4_tuba.mid,/Users/sarah/Desktop/shasha/Attune/benchmarks/datasets/cocochorales_tiny/pitch_data/test__random_track234587__4_tuba.pitch.pkl.xz,8,holdout
random_track234236,test__random_track234236__4_tuba,random,tuba,/Users/sarah/Desktop/shasha/Attune/benchmarks/datasets/cocochorales_tiny/materialized/test/random_track234236/stems_audio/4_tuba.wav,/Users/sarah/Desktop/shasha/Attune/benchmarks/datasets/cocochorales_tiny/materialized/test/random_track234236/stems_midi/4_tuba.mid,/Users/sarah/Desktop/shasha/Attune/benchmarks/datasets/cocochorales_tiny/pitch_data/test__random_track234236__4_tuba.pitch.pkl.xz,9,holdout
random_track234220,test__random_track234220__3_viola,random,viola,/Users/sarah/Desktop/shasha/Attune/benchmarks/datasets/cocochorales_tiny/materialized/test/random_track234220/stems_audio/3_viola.wav,/Users/sarah/Desktop/shasha/Attune/benchmarks/datasets/cocochorales_tiny/materialized/test/random_track234220/stems_midi/3_viola.mid,/Users/sarah/Desktop/shasha/Attune/benchmarks/datasets/cocochorales_tiny/pitch_data/test__random_track234220__3_viola.pitch.pkl.xz,0,tune
random_track235264,test__random_track235264__2_viola,random,viola,/Users/sarah/Desktop/shasha/Attune/benchmarks/datasets/cocochorales_tiny/materialized/test/random_track235264/stems_audio/2_viola.wav,/Users/sarah/Desktop/shasha/Attune/benchmarks/datasets/cocochorales_tiny/materialized/test/random_track235264/stems_midi/2_viola.mid,/Users/sarah/Desktop/shasha/Attune/benchmarks/datasets/cocochorales_tiny/pitch_data/test__random_track235264__2_viola.pitch.pkl.xz,1,tune
random_track234350,test__random_track234350__2_viola,random,viola,/Users/sarah/Desktop/shasha/Attune/benchmarks/datasets/cocochorales_tiny/materialized/test/random_track234350/stems_audio/2_viola.wav,/Users/sarah/Desktop/shasha/Attune/benchmarks/datasets/cocochorales_tiny/materialized/test/random_track234350/stems_midi/2_viola.mid,/Users/sarah/Desktop/shasha/Attune/benchmarks/datasets/cocochorales_tiny/pitch_data/test__random_track234350__2_viola.pitch.pkl.xz,2,tune
random_track235472,test__random_track235472__3_viola,random,viola,/Users/sarah/Desktop/shasha/Attune/benchmarks/datasets/cocochorales_tiny/materialized/test/random_track235472/stems_audio/3_viola.wav,/Users/sarah/Desktop/shasha/Attune/benchmarks/datasets/cocochorales_tiny/materialized/test/random_track235472/stems_midi/3_viola.mid,/Users/sarah/Desktop/shasha/Attune/benchmarks/datasets/cocochorales_tiny/pitch_data/test__random_track235472__3_viola.pitch.pkl.xz,3,tune
random_track235090,test__random_track235090__2_viola,random,viola,/Users/sarah/Desktop/shasha/Attune/benchmarks/datasets/cocochorales_tiny/materialized/test/random_track235090/stems_audio/2_viola.wav,/Users/sarah/Desktop/shasha/Attune/benchmarks/datasets/cocochorales_tiny/materialized/test/random_track235090/stems_midi/2_viola.mid,/Users/sarah/Desktop/shasha/Attune/benchmarks/datasets/cocochorales_tiny/pitch_data/test__random_track235090__2_viola.pitch.pkl.xz,4,tune
random_track235129,test__random_track235129__3_viola,random,viola,/Users/sarah/Desktop/shasha/Attune/benchmarks/datasets/cocochorales_tiny/materialized/test/random_track235129/stems_audio/3_viola.wav,/Users/sarah/Desktop/shasha/Attune/benchmarks/datasets/cocochorales_tiny/materialized/test/random_track235129/stems_midi/3_viola.mid,/Users/sarah/Desktop/shasha/Attune/benchmarks/datasets/cocochorales_tiny/pitch_data/test__random_track235129__3_viola.pitch.pkl.xz,5,tune
random_track235925,test__random_track235925__3_viola,random,viola,/Users/sarah/Desktop/shasha/Attune/benchmarks/datasets/cocochorales_tiny/materialized/test/random_track235925/stems_audio/3_viola.wav,/Users/sarah/Desktop/shasha/Attune/benchmarks/datasets/cocochorales_tiny/materialized/test/random_track235925/stems_midi/3_viola.mid,/Users/sarah/Desktop/shasha/Attune/benchmarks/datasets/cocochorales_tiny/pitch_data/test__random_track235925__3_viola.pitch.pkl.xz,6,tune
random_track234225,test__random_track234225__2_viola,random,viola,/Users/sarah/Desktop/shasha/Attune/benchmarks/datasets/cocochorales_tiny/materialized/test/random_track234225/stems_audio/2_viola.wav,/Users/sarah/Desktop/shasha/Attune/benchmarks/datasets/cocochorales_tiny/materialized/test/random_track234225/stems_midi/2_viola.mid,/Users/sarah/Desktop/shasha/Attune/benchmarks/datasets/cocochorales_tiny/pitch_data/test__random_track234225__2_viola.pitch.pkl.xz,7,tune
random_track235445,test__random_track235445__3_viola,random,viola,/Users/sarah/Desktop/shasha/Attune/benchmarks/datasets/cocochorales_tiny/materialized/test/random_track235445/stems_audio/3_viola.wav,/Users/sarah/Desktop/shasha/Attune/benchmarks/datasets/cocochorales_tiny/materialized/test/random_track235445/stems_midi/3_viola.mid,/Users/sarah/Desktop/shasha/Attune/benchmarks/datasets/cocochorales_tiny/pitch_data/test__random_track235445__3_viola.pitch.pkl.xz,8,holdout
random_track234743,test__random_track234743__3_viola,random,viola,/Users/sarah/Desktop/shasha/Attune/benchmarks/datasets/cocochorales_tiny/materialized/test/random_track234743/stems_audio/3_viola.wav,/Users/sarah/Desktop/shasha/Attune/benchmarks/datasets/cocochorales_tiny/materialized/test/random_track234743/stems_midi/3_viola.mid,/Users/sarah/Desktop/shasha/Attune/benchmarks/datasets/cocochorales_tiny/pitch_data/test__random_track234743__3_viola.pitch.pkl.xz,9,holdout
random_track235366,test__random_track235366__2_violin,random,violin,/Users/sarah/Desktop/shasha/Attune/benchmarks/datasets/cocochorales_tiny/materialized/test/random_track235366/stems_audio/2_violin.wav,/Users/sarah/Desktop/shasha/Attune/benchmarks/datasets/cocochorales_tiny/materialized/test/random_track235366/stems_midi/2_violin.mid,/Users/sarah/Desktop/shasha/Attune/benchmarks/datasets/cocochorales_tiny/pitch_data/test__random_track235366__2_violin.pitch.pkl.xz,0,tune
random_track234199,test__random_track234199__1_violin,random,violin,/Users/sarah/Desktop/shasha/Attune/benchmarks/datasets/cocochorales_tiny/materialized/test/random_track234199/stems_audio/1_violin.wav,/Users/sarah/Desktop/shasha/Attune/benchmarks/datasets/cocochorales_tiny/materialized/test/random_track234199/stems_midi/1_violin.mid,/Users/sarah/Desktop/shasha/Attune/benchmarks/datasets/cocochorales_tiny/pitch_data/test__random_track234199__1_violin.pitch.pkl.xz,1,tune
random_track235803,test__random_track235803__2_violin,random,violin,/Users/sarah/Desktop/shasha/Attune/benchmarks/datasets/cocochorales_tiny/materialized/test/random_track235803/stems_audio/2_violin.wav,/Users/sarah/Desktop/shasha/Attune/benchmarks/datasets/cocochorales_tiny/materialized/test/random_track235803/stems_midi/2_violin.mid,/Users/sarah/Desktop/shasha/Attune/benchmarks/datasets/cocochorales_tiny/pitch_data/test__random_track235803__2_violin.pitch.pkl.xz,2,tune
random_track235107,test__random_track235107__2_violin,random,violin,/Users/sarah/Desktop/shasha/Attune/benchmarks/datasets/cocochorales_tiny/materialized/test/random_track235107/stems_audio/2_violin.wav,/Users/sarah/Desktop/shasha/Attune/benchmarks/datasets/cocochorales_tiny/materialized/test/random_track235107/stems_midi/2_violin.mid,/Users/sarah/Desktop/shasha/Attune/benchmarks/datasets/cocochorales_tiny/pitch_data/test__random_track235107__2_violin.pitch.pkl.xz,3,tune
random_track234186,test__random_track234186__2_violin,random,violin,/Users/sarah/Desktop/shasha/Attune/benchmarks/datasets/cocochorales_tiny/materialized/test/random_track234186/stems_audio/2_violin.wav,/Users/sarah/Desktop/shasha/Attune/benchmarks/datasets/cocochorales_tiny/materialized/test/random_track234186/stems_midi/2_violin.mid,/Users/sarah/Desktop/shasha/Attune/benchmarks/datasets/cocochorales_tiny/pitch_data/test__random_track234186__2_violin.pitch.pkl.xz,4,tune
random_track234132,test__random_track234132__2_violin,random,violin,/Users/sarah/Desktop/shasha/Attune/benchmarks/datasets/cocochorales_tiny/materialized/test/random_track234132/stems_audio/2_violin.wav,/Users/sarah/Desktop/shasha/Attune/benchmarks/datasets/cocochorales_tiny/materialized/test/random_track234132/stems_midi/2_violin.mid,/Users/sarah/Desktop/shasha/Attune/benchmarks/datasets/cocochorales_tiny/pitch_data/test__random_track234132__2_violin.pitch.pkl.xz,5,tune
random_track235924,test__random_track235924__1_violin,random,violin,/Users/sarah/Desktop/shasha/Attune/benchmarks/datasets/cocochorales_tiny/materialized/test/random_track235924/stems_audio/1_violin.wav,/Users/sarah/Desktop/shasha/Attune/benchmarks/datasets/cocochorales_tiny/materialized/test/random_track235924/stems_midi/1_violin.mid,/Users/sarah/Desktop/shasha/Attune/benchmarks/datasets/cocochorales_tiny/pitch_data/test__random_track235924__1_violin.pitch.pkl.xz,6,tune
random_track235551,test__random_track235551__1_violin,random,violin,/Users/sarah/Desktop/shasha/Attune/benchmarks/datasets/cocochorales_tiny/materialized/test/random_track235551/stems_audio/1_violin.wav,/Users/sarah/Desktop/shasha/Attune/benchmarks/datasets/cocochorales_tiny/materialized/test/random_track235551/stems_midi/1_violin.mid,/Users/sarah/Desktop/shasha/Attune/benchmarks/datasets/cocochorales_tiny/pitch_data/test__random_track235551__1_violin.pitch.pkl.xz,7,tune
random_track235229,test__random_track235229__1_violin,random,violin,/Users/sarah/Desktop/shasha/Attune/benchmarks/datasets/cocochorales_tiny/materialized/test/random_track235229/stems_audio/1_violin.wav,/Users/sarah/Desktop/shasha/Attune/benchmarks/datasets/cocochorales_tiny/materialized/test/random_track235229/stems_midi/1_violin.mid,/Users/sarah/Desktop/shasha/Attune/benchmarks/datasets/cocochorales_tiny/pitch_data/test__random_track235229__1_violin.pitch.pkl.xz,8,holdout
random_track235984,test__random_track235984__1_violin,random,violin,/Users/sarah/Desktop/shasha/Attune/benchmarks/datasets/cocochorales_tiny/materialized/test/random_track235984/stems_audio/1_violin.wav,/Users/sarah/Desktop/shasha/Attune/benchmarks/datasets/cocochorales_tiny/materialized/test/random_track235984/stems_midi/1_violin.mid,/Users/sarah/Desktop/shasha/Attune/benchmarks/datasets/cocochorales_tiny/pitch_data/test__random_track235984__1_violin.pitch.pkl.xz,9,holdout
string_track216904,test__string_track216904__4_cello,string,cello,/Users/sarah/Desktop/shasha/Attune/benchmarks/datasets/cocochorales_tiny/materialized/test/string_track216904/stems_audio/4_cello.wav,/Users/sarah/Desktop/shasha/Attune/benchmarks/datasets/cocochorales_tiny/materialized/test/string_track216904/stems_midi/4_cello.mid,/Users/sarah/Desktop/shasha/Attune/benchmarks/datasets/cocochorales_tiny/pitch_data/test__string_track216904__4_cello.pitch.pkl.xz,0,tune
string_track217837,test__string_track217837__4_cello,string,cello,/Users/sarah/Desktop/shasha/Attune/benchmarks/datasets/cocochorales_tiny/materialized/test/string_track217837/stems_audio/4_cello.wav,/Users/sarah/Desktop/shasha/Attune/benchmarks/datasets/cocochorales_tiny/materialized/test/string_track217837/stems_midi/4_cello.mid,/Users/sarah/Desktop/shasha/Attune/benchmarks/datasets/cocochorales_tiny/pitch_data/test__string_track217837__4_cello.pitch.pkl.xz,1,tune
string_track217783,test__string_track217783__4_cello,string,cello,/Users/sarah/Desktop/shasha/Attune/benchmarks/datasets/cocochorales_tiny/materialized/test/string_track217783/stems_audio/4_cello.wav,/Users/sarah/Desktop/shasha/Attune/benchmarks/datasets/cocochorales_tiny/materialized/test/string_track217783/stems_midi/4_cello.mid,/Users/sarah/Desktop/shasha/Attune/benchmarks/datasets/cocochorales_tiny/pitch_data/test__string_track217783__4_cello.pitch.pkl.xz,2,tune
string_track216424,test__string_track216424__4_cello,string,cello,/Users/sarah/Desktop/shasha/Attune/benchmarks/datasets/cocochorales_tiny/materialized/test/string_track216424/stems_audio/4_cello.wav,/Users/sarah/Desktop/shasha/Attune/benchmarks/datasets/cocochorales_tiny/materialized/test/string_track216424/stems_midi/4_cello.mid,/Users/sarah/Desktop/shasha/Attune/benchmarks/datasets/cocochorales_tiny/pitch_data/test__string_track216424__4_cello.pitch.pkl.xz,3,tune
string_track216217,test__string_track216217__4_cello,string,cello,/Users/sarah/Desktop/shasha/Attune/benchmarks/datasets/cocochorales_tiny/materialized/test/string_track216217/stems_audio/4_cello.wav,/Users/sarah/Desktop/shasha/Attune/benchmarks/datasets/cocochorales_tiny/materialized/test/string_track216217/stems_midi/4_cello.mid,/Users/sarah/Desktop/shasha/Attune/benchmarks/datasets/cocochorales_tiny/pitch_data/test__string_track216217__4_cello.pitch.pkl.xz,4,tune
string_track216401,test__string_track216401__4_cello,string,cello,/Users/sarah/Desktop/shasha/Attune/benchmarks/datasets/cocochorales_tiny/materialized/test/string_track216401/stems_audio/4_cello.wav,/Users/sarah/Desktop/shasha/Attune/benchmarks/datasets/cocochorales_tiny/materialized/test/string_track216401/stems_midi/4_cello.mid,/Users/sarah/Desktop/shasha/Attune/benchmarks/datasets/cocochorales_tiny/pitch_data/test__string_track216401__4_cello.pitch.pkl.xz,5,tune
string_track217027,test__string_track217027__4_cello,string,cello,/Users/sarah/Desktop/shasha/Attune/benchmarks/datasets/cocochorales_tiny/materialized/test/string_track217027/stems_audio/4_cello.wav,/Users/sarah/Desktop/shasha/Attune/benchmarks/datasets/cocochorales_tiny/materialized/test/string_track217027/stems_midi/4_cello.mid,/Users/sarah/Desktop/shasha/Attune/benchmarks/datasets/cocochorales_tiny/pitch_data/test__string_track217027__4_cello.pitch.pkl.xz,6,tune
string_track216988,test__string_track216988__4_cello,string,cello,/Users/sarah/Desktop/shasha/Attune/benchmarks/datasets/cocochorales_tiny/materialized/test/string_track216988/stems_audio/4_cello.wav,/Users/sarah/Desktop/shasha/Attune/benchmarks/datasets/cocochorales_tiny/materialized/test/string_track216988/stems_midi/4_cello.mid,/Users/sarah/Desktop/shasha/Attune/benchmarks/datasets/cocochorales_tiny/pitch_data/test__string_track216988__4_cello.pitch.pkl.xz,7,tune
string_track217948,test__string_track217948__4_cello,string,cello,/Users/sarah/Desktop/shasha/Attune/benchmarks/datasets/cocochorales_tiny/materialized/test/string_track217948/stems_audio/4_cello.wav,/Users/sarah/Desktop/shasha/Attune/benchmarks/datasets/cocochorales_tiny/materialized/test/string_track217948/stems_midi/4_cello.mid,/Users/sarah/Desktop/shasha/Attune/benchmarks/datasets/cocochorales_tiny/pitch_data/test__string_track217948__4_cello.pitch.pkl.xz,8,holdout
string_track216652,test__string_track216652__4_cello,string,cello,/Users/sarah/Desktop/shasha/Attune/benchmarks/datasets/cocochorales_tiny/materialized/test/string_track216652/stems_audio/4_cello.wav,/Users/sarah/Desktop/shasha/Attune/benchmarks/datasets/cocochorales_tiny/materialized/test/string_track216652/stems_midi/4_cello.mid,/Users/sarah/Desktop/shasha/Attune/benchmarks/datasets/cocochorales_tiny/pitch_data/test__string_track216652__4_cello.pitch.pkl.xz,9,holdout
string_track217806,test__string_track217806__3_viola,string,viola,/Users/sarah/Desktop/shasha/Attune/benchmarks/datasets/cocochorales_tiny/materialized/test/string_track217806/stems_audio/3_viola.wav,/Users/sarah/Desktop/shasha/Attune/benchmarks/datasets/cocochorales_tiny/materialized/test/string_track217806/stems_midi/3_viola.mid,/Users/sarah/Desktop/shasha/Attune/benchmarks/datasets/cocochorales_tiny/pitch_data/test__string_track217806__3_viola.pitch.pkl.xz,0,tune
string_track217653,test__string_track217653__3_viola,string,viola,/Users/sarah/Desktop/shasha/Attune/benchmarks/datasets/cocochorales_tiny/materialized/test/string_track217653/stems_audio/3_viola.wav,/Users/sarah/Desktop/shasha/Attune/benchmarks/datasets/cocochorales_tiny/materialized/test/string_track217653/stems_midi/3_viola.mid,/Users/sarah/Desktop/shasha/Attune/benchmarks/datasets/cocochorales_tiny/pitch_data/test__string_track217653__3_viola.pitch.pkl.xz,1,tune
string_track217938,test__string_track217938__3_viola,string,viola,/Users/sarah/Desktop/shasha/Attune/benchmarks/datasets/cocochorales_tiny/materialized/test/string_track217938/stems_audio/3_viola.wav,/Users/sarah/Desktop/shasha/Attune/benchmarks/datasets/cocochorales_tiny/materialized/test/string_track217938/stems_midi/3_viola.mid,/Users/sarah/Desktop/shasha/Attune/benchmarks/datasets/cocochorales_tiny/pitch_data/test__string_track217938__3_viola.pitch.pkl.xz,2,tune
string_track217023,test__string_track217023__3_viola,string,viola,/Users/sarah/Desktop/shasha/Attune/benchmarks/datasets/cocochorales_tiny/materialized/test/string_track217023/stems_audio/3_viola.wav,/Users/sarah/Desktop/shasha/Attune/benchmarks/datasets/cocochorales_tiny/materialized/test/string_track217023/stems_midi/3_viola.mid,/Users/sarah/Desktop/shasha/Attune/benchmarks/datasets/cocochorales_tiny/pitch_data/test__string_track217023__3_viola.pitch.pkl.xz,3,tune
string_track217632,test__string_track217632__3_viola,string,viola,/Users/sarah/Desktop/shasha/Attune/benchmarks/datasets/cocochorales_tiny/materialized/test/string_track217632/stems_audio/3_viola.wav,/Users/sarah/Desktop/shasha/Attune/benchmarks/datasets/cocochorales_tiny/materialized/test/string_track217632/stems_midi/3_viola.mid,/Users/sarah/Desktop/shasha/Attune/benchmarks/datasets/cocochorales_tiny/pitch_data/test__string_track217632__3_viola.pitch.pkl.xz,4,tune
string_track217988,test__string_track217988__3_viola,string,viola,/Users/sarah/Desktop/shasha/Attune/benchmarks/datasets/cocochorales_tiny/materialized/test/string_track217988/stems_audio/3_viola.wav,/Users/sarah/Desktop/shasha/Attune/benchmarks/datasets/cocochorales_tiny/materialized/test/string_track217988/stems_midi/3_viola.mid,/Users/sarah/Desktop/shasha/Attune/benchmarks/datasets/cocochorales_tiny/pitch_data/test__string_track217988__3_viola.pitch.pkl.xz,5,tune
string_track217116,test__string_track217116__3_viola,string,viola,/Users/sarah/Desktop/shasha/Attune/benchmarks/datasets/cocochorales_tiny/materialized/test/string_track217116/stems_audio/3_viola.wav,/Users/sarah/Desktop/shasha/Attune/benchmarks/datasets/cocochorales_tiny/materialized/test/string_track217116/stems_midi/3_viola.mid,/Users/sarah/Desktop/shasha/Attune/benchmarks/datasets/cocochorales_tiny/pitch_data/test__string_track217116__3_viola.pitch.pkl.xz,6,tune
string_track217729,test__string_track217729__3_viola,string,viola,/Users/sarah/Desktop/shasha/Attune/benchmarks/datasets/cocochorales_tiny/materialized/test/string_track217729/stems_audio/3_viola.wav,/Users/sarah/Desktop/shasha/Attune/benchmarks/datasets/cocochorales_tiny/materialized/test/string_track217729/stems_midi/3_viola.mid,/Users/sarah/Desktop/shasha/Attune/benchmarks/datasets/cocochorales_tiny/pitch_data/test__string_track217729__3_viola.pitch.pkl.xz,7,tune
string_track217146,test__string_track217146__3_viola,string,viola,/Users/sarah/Desktop/shasha/Attune/benchmarks/datasets/cocochorales_tiny/materialized/test/string_track217146/stems_audio/3_viola.wav,/Users/sarah/Desktop/shasha/Attune/benchmarks/datasets/cocochorales_tiny/materialized/test/string_track217146/stems_midi/3_viola.mid,/Users/sarah/Desktop/shasha/Attune/benchmarks/datasets/cocochorales_tiny/pitch_data/test__string_track217146__3_viola.pitch.pkl.xz,8,holdout
string_track217271,test__string_track217271__3_viola,string,viola,/Users/sarah/Desktop/shasha/Attune/benchmarks/datasets/cocochorales_tiny/materialized/test/string_track217271/stems_audio/3_viola.wav,/Users/sarah/Desktop/shasha/Attune/benchmarks/datasets/cocochorales_tiny/materialized/test/string_track217271/stems_midi/3_viola.mid,/Users/sarah/Desktop/shasha/Attune/benchmarks/datasets/cocochorales_tiny/pitch_data/test__string_track217271__3_viola.pitch.pkl.xz,9,holdout
string_track217613,test__string_track217613__1_violin,string,violin,/Users/sarah/Desktop/shasha/Attune/benchmarks/datasets/cocochorales_tiny/materialized/test/string_track217613/stems_audio/1_violin.wav,/Users/sarah/Desktop/shasha/Attune/benchmarks/datasets/cocochorales_tiny/materialized/test/string_track217613/stems_midi/1_violin.mid,/Users/sarah/Desktop/shasha/Attune/benchmarks/datasets/cocochorales_tiny/pitch_data/test__string_track217613__1_violin.pitch.pkl.xz,0,tune
string_track216009,test__string_track216009__1_violin,string,violin,/Users/sarah/Desktop/shasha/Attune/benchmarks/datasets/cocochorales_tiny/materialized/test/string_track216009/stems_audio/1_violin.wav,/Users/sarah/Desktop/shasha/Attune/benchmarks/datasets/cocochorales_tiny/materialized/test/string_track216009/stems_midi/1_violin.mid,/Users/sarah/Desktop/shasha/Attune/benchmarks/datasets/cocochorales_tiny/pitch_data/test__string_track216009__1_violin.pitch.pkl.xz,1,tune
string_track216539,test__string_track216539__1_violin,string,violin,/Users/sarah/Desktop/shasha/Attune/benchmarks/datasets/cocochorales_tiny/materialized/test/string_track216539/stems_audio/1_violin.wav,/Users/sarah/Desktop/shasha/Attune/benchmarks/datasets/cocochorales_tiny/materialized/test/string_track216539/stems_midi/1_violin.mid,/Users/sarah/Desktop/shasha/Attune/benchmarks/datasets/cocochorales_tiny/pitch_data/test__string_track216539__1_violin.pitch.pkl.xz,2,tune
string_track217993,test__string_track217993__2_violin,string,violin,/Users/sarah/Desktop/shasha/Attune/benchmarks/datasets/cocochorales_tiny/materialized/test/string_track217993/stems_audio/2_violin.wav,/Users/sarah/Desktop/shasha/Attune/benchmarks/datasets/cocochorales_tiny/materialized/test/string_track217993/stems_midi/2_violin.mid,/Users/sarah/Desktop/shasha/Attune/benchmarks/datasets/cocochorales_tiny/pitch_data/test__string_track217993__2_violin.pitch.pkl.xz,3,tune
string_track216521,test__string_track216521__1_violin,string,violin,/Users/sarah/Desktop/shasha/Attune/benchmarks/datasets/cocochorales_tiny/materialized/test/string_track216521/stems_audio/1_violin.wav,/Users/sarah/Desktop/shasha/Attune/benchmarks/datasets/cocochorales_tiny/materialized/test/string_track216521/stems_midi/1_violin.mid,/Users/sarah/Desktop/shasha/Attune/benchmarks/datasets/cocochorales_tiny/pitch_data/test__string_track216521__1_violin.pitch.pkl.xz,4,tune
string_track216032,test__string_track216032__1_violin,string,violin,/Users/sarah/Desktop/shasha/Attune/benchmarks/datasets/cocochorales_tiny/materialized/test/string_track216032/stems_audio/1_violin.wav,/Users/sarah/Desktop/shasha/Attune/benchmarks/datasets/cocochorales_tiny/materialized/test/string_track216032/stems_midi/1_violin.mid,/Users/sarah/Desktop/shasha/Attune/benchmarks/datasets/cocochorales_tiny/pitch_data/test__string_track216032__1_violin.pitch.pkl.xz,5,tune
string_track216099,test__string_track216099__2_violin,string,violin,/Users/sarah/Desktop/shasha/Attune/benchmarks/datasets/cocochorales_tiny/materialized/test/string_track216099/stems_audio/2_violin.wav,/Users/sarah/Desktop/shasha/Attune/benchmarks/datasets/cocochorales_tiny/materialized/test/string_track216099/stems_midi/2_violin.mid,/Users/sarah/Desktop/shasha/Attune/benchmarks/datasets/cocochorales_tiny/pitch_data/test__string_track216099__2_violin.pitch.pkl.xz,6,tune
string_track216158,test__string_track216158__1_violin,string,violin,/Users/sarah/Desktop/shasha/Attune/benchmarks/datasets/cocochorales_tiny/materialized/test/string_track216158/stems_audio/1_violin.wav,/Users/sarah/Desktop/shasha/Attune/benchmarks/datasets/cocochorales_tiny/materialized/test/string_track216158/stems_midi/1_violin.mid,/Users/sarah/Desktop/shasha/Attune/benchmarks/datasets/cocochorales_tiny/pitch_data/test__string_track216158__1_violin.pitch.pkl.xz,7,tune
string_track217385,test__string_track217385__2_violin,string,violin,/Users/sarah/Desktop/shasha/Attune/benchmarks/datasets/cocochorales_tiny/materialized/test/string_track217385/stems_audio/2_violin.wav,/Users/sarah/Desktop/shasha/Attune/benchmarks/datasets/cocochorales_tiny/materialized/test/string_track217385/stems_midi/2_violin.mid,/Users/sarah/Desktop/shasha/Attune/benchmarks/datasets/cocochorales_tiny/pitch_data/test__string_track217385__2_violin.pitch.pkl.xz,8,holdout
string_track216876,test__string_track216876__2_violin,string,violin,/Users/sarah/Desktop/shasha/Attune/benchmarks/datasets/cocochorales_tiny/materialized/test/string_track216876/stems_audio/2_violin.wav,/Users/sarah/Desktop/shasha/Attune/benchmarks/datasets/cocochorales_tiny/materialized/test/string_track216876/stems_midi/2_violin.mid,/Users/sarah/Desktop/shasha/Attune/benchmarks/datasets/cocochorales_tiny/pitch_data/test__string_track216876__2_violin.pitch.pkl.xz,9,holdout
woodwind_track229743,test__woodwind_track229743__4_bassoon,woodwind,bassoon,/Users/sarah/Desktop/shasha/Attune/benchmarks/datasets/cocochorales_tiny/materialized/test/woodwind_track229743/stems_audio/4_bassoon.wav,/Users/sarah/Desktop/shasha/Attune/benchmarks/datasets/cocochorales_tiny/materialized/test/woodwind_track229743/stems_midi/4_bassoon.mid,/Users/sarah/Desktop/shasha/Attune/benchmarks/datasets/cocochorales_tiny/pitch_data/test__woodwind_track229743__4_bassoon.pitch.pkl.xz,0,tune
woodwind_track228079,test__woodwind_track228079__4_bassoon,woodwind,bassoon,/Users/sarah/Desktop/shasha/Attune/benchmarks/datasets/cocochorales_tiny/materialized/test/woodwind_track228079/stems_audio/4_bassoon.wav,/Users/sarah/Desktop/shasha/Attune/benchmarks/datasets/cocochorales_tiny/materialized/test/woodwind_track228079/stems_midi/4_bassoon.mid,/Users/sarah/Desktop/shasha/Attune/benchmarks/datasets/cocochorales_tiny/pitch_data/test__woodwind_track228079__4_bassoon.pitch.pkl.xz,1,tune
woodwind_track228741,test__woodwind_track228741__4_bassoon,woodwind,bassoon,/Users/sarah/Desktop/shasha/Attune/benchmarks/datasets/cocochorales_tiny/materialized/test/woodwind_track228741/stems_audio/4_bassoon.wav,/Users/sarah/Desktop/shasha/Attune/benchmarks/datasets/cocochorales_tiny/materialized/test/woodwind_track228741/stems_midi/4_bassoon.mid,/Users/sarah/Desktop/shasha/Attune/benchmarks/datasets/cocochorales_tiny/pitch_data/test__woodwind_track228741__4_bassoon.pitch.pkl.xz,2,tune
woodwind_track228532,test__woodwind_track228532__4_bassoon,woodwind,bassoon,/Users/sarah/Desktop/shasha/Attune/benchmarks/datasets/cocochorales_tiny/materialized/test/woodwind_track228532/stems_audio/4_bassoon.wav,/Users/sarah/Desktop/shasha/Attune/benchmarks/datasets/cocochorales_tiny/materialized/test/woodwind_track228532/stems_midi/4_bassoon.mid,/Users/sarah/Desktop/shasha/Attune/benchmarks/datasets/cocochorales_tiny/pitch_data/test__woodwind_track228532__4_bassoon.pitch.pkl.xz,3,tune
woodwind_track228141,test__woodwind_track228141__4_bassoon,woodwind,bassoon,/Users/sarah/Desktop/shasha/Attune/benchmarks/datasets/cocochorales_tiny/materialized/test/woodwind_track228141/stems_audio/4_bassoon.wav,/Users/sarah/Desktop/shasha/Attune/benchmarks/datasets/cocochorales_tiny/materialized/test/woodwind_track228141/stems_midi/4_bassoon.mid,/Users/sarah/Desktop/shasha/Attune/benchmarks/datasets/cocochorales_tiny/pitch_data/test__woodwind_track228141__4_bassoon.pitch.pkl.xz,4,tune
woodwind_track229197,test__woodwind_track229197__4_bassoon,woodwind,bassoon,/Users/sarah/Desktop/shasha/Attune/benchmarks/datasets/cocochorales_tiny/materialized/test/woodwind_track229197/stems_audio/4_bassoon.wav,/Users/sarah/Desktop/shasha/Attune/benchmarks/datasets/cocochorales_tiny/materialized/test/woodwind_track229197/stems_midi/4_bassoon.mid,/Users/sarah/Desktop/shasha/Attune/benchmarks/datasets/cocochorales_tiny/pitch_data/test__woodwind_track229197__4_bassoon.pitch.pkl.xz,5,tune
woodwind_track228418,test__woodwind_track228418__4_bassoon,woodwind,bassoon,/Users/sarah/Desktop/shasha/Attune/benchmarks/datasets/cocochorales_tiny/materialized/test/woodwind_track228418/stems_audio/4_bassoon.wav,/Users/sarah/Desktop/shasha/Attune/benchmarks/datasets/cocochorales_tiny/materialized/test/woodwind_track228418/stems_midi/4_bassoon.mid,/Users/sarah/Desktop/shasha/Attune/benchmarks/datasets/cocochorales_tiny/pitch_data/test__woodwind_track228418__4_bassoon.pitch.pkl.xz,6,tune
woodwind_track229771,test__woodwind_track229771__4_bassoon,woodwind,bassoon,/Users/sarah/Desktop/shasha/Attune/benchmarks/datasets/cocochorales_tiny/materialized/test/woodwind_track229771/stems_audio/4_bassoon.wav,/Users/sarah/Desktop/shasha/Attune/benchmarks/datasets/cocochorales_tiny/materialized/test/woodwind_track229771/stems_midi/4_bassoon.mid,/Users/sarah/Desktop/shasha/Attune/benchmarks/datasets/cocochorales_tiny/pitch_data/test__woodwind_track229771__4_bassoon.pitch.pkl.xz,7,tune
woodwind_track229893,test__woodwind_track229893__4_bassoon,woodwind,bassoon,/Users/sarah/Desktop/shasha/Attune/benchmarks/datasets/cocochorales_tiny/materialized/test/woodwind_track229893/stems_audio/4_bassoon.wav,/Users/sarah/Desktop/shasha/Attune/benchmarks/datasets/cocochorales_tiny/materialized/test/woodwind_track229893/stems_midi/4_bassoon.mid,/Users/sarah/Desktop/shasha/Attune/benchmarks/datasets/cocochorales_tiny/pitch_data/test__woodwind_track229893__4_bassoon.pitch.pkl.xz,8,holdout
woodwind_track228384,test__woodwind_track228384__4_bassoon,woodwind,bassoon,/Users/sarah/Desktop/shasha/Attune/benchmarks/datasets/cocochorales_tiny/materialized/test/woodwind_track228384/stems_audio/4_bassoon.wav,/Users/sarah/Desktop/shasha/Attune/benchmarks/datasets/cocochorales_tiny/materialized/test/woodwind_track228384/stems_midi/4_bassoon.mid,/Users/sarah/Desktop/shasha/Attune/benchmarks/datasets/cocochorales_tiny/pitch_data/test__woodwind_track228384__4_bassoon.pitch.pkl.xz,9,holdout
woodwind_track229989,test__woodwind_track229989__3_clarinet,woodwind,clarinet,/Users/sarah/Desktop/shasha/Attune/benchmarks/datasets/cocochorales_tiny/materialized/test/woodwind_track229989/stems_audio/3_clarinet.wav,/Users/sarah/Desktop/shasha/Attune/benchmarks/datasets/cocochorales_tiny/materialized/test/woodwind_track229989/stems_midi/3_clarinet.mid,/Users/sarah/Desktop/shasha/Attune/benchmarks/datasets/cocochorales_tiny/pitch_data/test__woodwind_track229989__3_clarinet.pitch.pkl.xz,0,tune
woodwind_track228614,test__woodwind_track228614__3_clarinet,woodwind,clarinet,/Users/sarah/Desktop/shasha/Attune/benchmarks/datasets/cocochorales_tiny/materialized/test/woodwind_track228614/stems_audio/3_clarinet.wav,/Users/sarah/Desktop/shasha/Attune/benchmarks/datasets/cocochorales_tiny/materialized/test/woodwind_track228614/stems_midi/3_clarinet.mid,/Users/sarah/Desktop/shasha/Attune/benchmarks/datasets/cocochorales_tiny/pitch_data/test__woodwind_track228614__3_clarinet.pitch.pkl.xz,1,tune
woodwind_track228537,test__woodwind_track228537__3_clarinet,woodwind,clarinet,/Users/sarah/Desktop/shasha/Attune/benchmarks/datasets/cocochorales_tiny/materialized/test/woodwind_track228537/stems_audio/3_clarinet.wav,/Users/sarah/Desktop/shasha/Attune/benchmarks/datasets/cocochorales_tiny/materialized/test/woodwind_track228537/stems_midi/3_clarinet.mid,/Users/sarah/Desktop/shasha/Attune/benchmarks/datasets/cocochorales_tiny/pitch_data/test__woodwind_track228537__3_clarinet.pitch.pkl.xz,2,tune
woodwind_track229455,test__woodwind_track229455__3_clarinet,woodwind,clarinet,/Users/sarah/Desktop/shasha/Attune/benchmarks/datasets/cocochorales_tiny/materialized/test/woodwind_track229455/stems_audio/3_clarinet.wav,/Users/sarah/Desktop/shasha/Attune/benchmarks/datasets/cocochorales_tiny/materialized/test/woodwind_track229455/stems_midi/3_clarinet.mid,/Users/sarah/Desktop/shasha/Attune/benchmarks/datasets/cocochorales_tiny/pitch_data/test__woodwind_track229455__3_clarinet.pitch.pkl.xz,3,tune
woodwind_track228149,test__woodwind_track228149__3_clarinet,woodwind,clarinet,/Users/sarah/Desktop/shasha/Attune/benchmarks/datasets/cocochorales_tiny/materialized/test/woodwind_track228149/stems_audio/3_clarinet.wav,/Users/sarah/Desktop/shasha/Attune/benchmarks/datasets/cocochorales_tiny/materialized/test/woodwind_track228149/stems_midi/3_clarinet.mid,/Users/sarah/Desktop/shasha/Attune/benchmarks/datasets/cocochorales_tiny/pitch_data/test__woodwind_track228149__3_clarinet.pitch.pkl.xz,4,tune
woodwind_track228126,test__woodwind_track228126__3_clarinet,woodwind,clarinet,/Users/sarah/Desktop/shasha/Attune/benchmarks/datasets/cocochorales_tiny/materialized/test/woodwind_track228126/stems_audio/3_clarinet.wav,/Users/sarah/Desktop/shasha/Attune/benchmarks/datasets/cocochorales_tiny/materialized/test/woodwind_track228126/stems_midi/3_clarinet.mid,/Users/sarah/Desktop/shasha/Attune/benchmarks/datasets/cocochorales_tiny/pitch_data/test__woodwind_track228126__3_clarinet.pitch.pkl.xz,5,tune
woodwind_track229008,test__woodwind_track229008__3_clarinet,woodwind,clarinet,/Users/sarah/Desktop/shasha/Attune/benchmarks/datasets/cocochorales_tiny/materialized/test/woodwind_track229008/stems_audio/3_clarinet.wav,/Users/sarah/Desktop/shasha/Attune/benchmarks/datasets/cocochorales_tiny/materialized/test/woodwind_track229008/stems_midi/3_clarinet.mid,/Users/sarah/Desktop/shasha/Attune/benchmarks/datasets/cocochorales_tiny/pitch_data/test__woodwind_track229008__3_clarinet.pitch.pkl.xz,6,tune
woodwind_track229677,test__woodwind_track229677__3_clarinet,woodwind,clarinet,/Users/sarah/Desktop/shasha/Attune/benchmarks/datasets/cocochorales_tiny/materialized/test/woodwind_track229677/stems_audio/3_clarinet.wav,/Users/sarah/Desktop/shasha/Attune/benchmarks/datasets/cocochorales_tiny/materialized/test/woodwind_track229677/stems_midi/3_clarinet.mid,/Users/sarah/Desktop/shasha/Attune/benchmarks/datasets/cocochorales_tiny/pitch_data/test__woodwind_track229677__3_clarinet.pitch.pkl.xz,7,tune
woodwind_track228028,test__woodwind_track228028__3_clarinet,woodwind,clarinet,/Users/sarah/Desktop/shasha/Attune/benchmarks/datasets/cocochorales_tiny/materialized/test/woodwind_track228028/stems_audio/3_clarinet.wav,/Users/sarah/Desktop/shasha/Attune/benchmarks/datasets/cocochorales_tiny/materialized/test/woodwind_track228028/stems_midi/3_clarinet.mid,/Users/sarah/Desktop/shasha/Attune/benchmarks/datasets/cocochorales_tiny/pitch_data/test__woodwind_track228028__3_clarinet.pitch.pkl.xz,8,holdout
woodwind_track229402,test__woodwind_track229402__3_clarinet,woodwind,clarinet,/Users/sarah/Desktop/shasha/Attune/benchmarks/datasets/cocochorales_tiny/materialized/test/woodwind_track229402/stems_audio/3_clarinet.wav,/Users/sarah/Desktop/shasha/Attune/benchmarks/datasets/cocochorales_tiny/materialized/test/woodwind_track229402/stems_midi/3_clarinet.mid,/Users/sarah/Desktop/shasha/Attune/benchmarks/datasets/cocochorales_tiny/pitch_data/test__woodwind_track229402__3_clarinet.pitch.pkl.xz,9,holdout
woodwind_track228171,test__woodwind_track228171__1_flute,woodwind,flute,/Users/sarah/Desktop/shasha/Attune/benchmarks/datasets/cocochorales_tiny/materialized/test/woodwind_track228171/stems_audio/1_flute.wav,/Users/sarah/Desktop/shasha/Attune/benchmarks/datasets/cocochorales_tiny/materialized/test/woodwind_track228171/stems_midi/1_flute.mid,/Users/sarah/Desktop/shasha/Attune/benchmarks/datasets/cocochorales_tiny/pitch_data/test__woodwind_track228171__1_flute.pitch.pkl.xz,0,tune
woodwind_track228215,test__woodwind_track228215__1_flute,woodwind,flute,/Users/sarah/Desktop/shasha/Attune/benchmarks/datasets/cocochorales_tiny/materialized/test/woodwind_track228215/stems_audio/1_flute.wav,/Users/sarah/Desktop/shasha/Attune/benchmarks/datasets/cocochorales_tiny/materialized/test/woodwind_track228215/stems_midi/1_flute.mid,/Users/sarah/Desktop/shasha/Attune/benchmarks/datasets/cocochorales_tiny/pitch_data/test__woodwind_track228215__1_flute.pitch.pkl.xz,1,tune
woodwind_track229436,test__woodwind_track229436__1_flute,woodwind,flute,/Users/sarah/Desktop/shasha/Attune/benchmarks/datasets/cocochorales_tiny/materialized/test/woodwind_track229436/stems_audio/1_flute.wav,/Users/sarah/Desktop/shasha/Attune/benchmarks/datasets/cocochorales_tiny/materialized/test/woodwind_track229436/stems_midi/1_flute.mid,/Users/sarah/Desktop/shasha/Attune/benchmarks/datasets/cocochorales_tiny/pitch_data/test__woodwind_track229436__1_flute.pitch.pkl.xz,2,tune
woodwind_track229991,test__woodwind_track229991__1_flute,woodwind,flute,/Users/sarah/Desktop/shasha/Attune/benchmarks/datasets/cocochorales_tiny/materialized/test/woodwind_track229991/stems_audio/1_flute.wav,/Users/sarah/Desktop/shasha/Attune/benchmarks/datasets/cocochorales_tiny/materialized/test/woodwind_track229991/stems_midi/1_flute.mid,/Users/sarah/Desktop/shasha/Attune/benchmarks/datasets/cocochorales_tiny/pitch_data/test__woodwind_track229991__1_flute.pitch.pkl.xz,3,tune
woodwind_track228549,test__woodwind_track228549__1_flute,woodwind,flute,/Users/sarah/Desktop/shasha/Attune/benchmarks/datasets/cocochorales_tiny/materialized/test/woodwind_track228549/stems_audio/1_flute.wav,/Users/sarah/Desktop/shasha/Attune/benchmarks/datasets/cocochorales_tiny/materialized/test/woodwind_track228549/stems_midi/1_flute.mid,/Users/sarah/Desktop/shasha/Attune/benchmarks/datasets/cocochorales_tiny/pitch_data/test__woodwind_track228549__1_flute.pitch.pkl.xz,4,tune
woodwind_track228697,test__woodwind_track228697__1_flute,woodwind,flute,/Users/sarah/Desktop/shasha/Attune/benchmarks/datasets/cocochorales_tiny/materialized/test/woodwind_track228697/stems_audio/1_flute.wav,/Users/sarah/Desktop/shasha/Attune/benchmarks/datasets/cocochorales_tiny/materialized/test/woodwind_track228697/stems_midi/1_flute.mid,/Users/sarah/Desktop/shasha/Attune/benchmarks/datasets/cocochorales_tiny/pitch_data/test__woodwind_track228697__1_flute.pitch.pkl.xz,5,tune
woodwind_track228071,test__woodwind_track228071__1_flute,woodwind,flute,/Users/sarah/Desktop/shasha/Attune/benchmarks/datasets/cocochorales_tiny/materialized/test/woodwind_track228071/stems_audio/1_flute.wav,/Users/sarah/Desktop/shasha/Attune/benchmarks/datasets/cocochorales_tiny/materialized/test/woodwind_track228071/stems_midi/1_flute.mid,/Users/sarah/Desktop/shasha/Attune/benchmarks/datasets/cocochorales_tiny/pitch_data/test__woodwind_track228071__1_flute.pitch.pkl.xz,6,tune
woodwind_track229934,test__woodwind_track229934__1_flute,woodwind,flute,/Users/sarah/Desktop/shasha/Attune/benchmarks/datasets/cocochorales_tiny/materialized/test/woodwind_track229934/stems_audio/1_flute.wav,/Users/sarah/Desktop/shasha/Attune/benchmarks/datasets/cocochorales_tiny/materialized/test/woodwind_track229934/stems_midi/1_flute.mid,/Users/sarah/Desktop/shasha/Attune/benchmarks/datasets/cocochorales_tiny/pitch_data/test__woodwind_track229934__1_flute.pitch.pkl.xz,7,tune
woodwind_track228339,test__woodwind_track228339__1_flute,woodwind,flute,/Users/sarah/Desktop/shasha/Attune/benchmarks/datasets/cocochorales_tiny/materialized/test/woodwind_track228339/stems_audio/1_flute.wav,/Users/sarah/Desktop/shasha/Attune/benchmarks/datasets/cocochorales_tiny/materialized/test/woodwind_track228339/stems_midi/1_flute.mid,/Users/sarah/Desktop/shasha/Attune/benchmarks/datasets/cocochorales_tiny/pitch_data/test__woodwind_track228339__1_flute.pitch.pkl.xz,8,holdout
woodwind_track229552,test__woodwind_track229552__1_flute,woodwind,flute,/Users/sarah/Desktop/shasha/Attune/benchmarks/datasets/cocochorales_tiny/materialized/test/woodwind_track229552/stems_audio/1_flute.wav,/Users/sarah/Desktop/shasha/Attune/benchmarks/datasets/cocochorales_tiny/materialized/test/woodwind_track229552/stems_midi/1_flute.mid,/Users/sarah/Desktop/shasha/Attune/benchmarks/datasets/cocochorales_tiny/pitch_data/test__woodwind_track229552__1_flute.pitch.pkl.xz,9,holdout
woodwind_track229598,test__woodwind_track229598__2_oboe,woodwind,oboe,/Users/sarah/Desktop/shasha/Attune/benchmarks/datasets/cocochorales_tiny/materialized/test/woodwind_track229598/stems_audio/2_oboe.wav,/Users/sarah/Desktop/shasha/Attune/benchmarks/datasets/cocochorales_tiny/materialized/test/woodwind_track229598/stems_midi/2_oboe.mid,/Users/sarah/Desktop/shasha/Attune/benchmarks/datasets/cocochorales_tiny/pitch_data/test__woodwind_track229598__2_oboe.pitch.pkl.xz,0,tune
woodwind_track228724,test__woodwind_track228724__2_oboe,woodwind,oboe,/Users/sarah/Desktop/shasha/Attune/benchmarks/datasets/cocochorales_tiny/materialized/test/woodwind_track228724/stems_audio/2_oboe.wav,/Users/sarah/Desktop/shasha/Attune/benchmarks/datasets/cocochorales_tiny/materialized/test/woodwind_track228724/stems_midi/2_oboe.mid,/Users/sarah/Desktop/shasha/Attune/benchmarks/datasets/cocochorales_tiny/pitch_data/test__woodwind_track228724__2_oboe.pitch.pkl.xz,1,tune
woodwind_track229359,test__woodwind_track229359__2_oboe,woodwind,oboe,/Users/sarah/Desktop/shasha/Attune/benchmarks/datasets/cocochorales_tiny/materialized/test/woodwind_track229359/stems_audio/2_oboe.wav,/Users/sarah/Desktop/shasha/Attune/benchmarks/datasets/cocochorales_tiny/materialized/test/woodwind_track229359/stems_midi/2_oboe.mid,/Users/sarah/Desktop/shasha/Attune/benchmarks/datasets/cocochorales_tiny/pitch_data/test__woodwind_track229359__2_oboe.pitch.pkl.xz,2,tune
woodwind_track228928,test__woodwind_track228928__2_oboe,woodwind,oboe,/Users/sarah/Desktop/shasha/Attune/benchmarks/datasets/cocochorales_tiny/materialized/test/woodwind_track228928/stems_audio/2_oboe.wav,/Users/sarah/Desktop/shasha/Attune/benchmarks/datasets/cocochorales_tiny/materialized/test/woodwind_track228928/stems_midi/2_oboe.mid,/Users/sarah/Desktop/shasha/Attune/benchmarks/datasets/cocochorales_tiny/pitch_data/test__woodwind_track228928__2_oboe.pitch.pkl.xz,3,tune
woodwind_track229864,test__woodwind_track229864__2_oboe,woodwind,oboe,/Users/sarah/Desktop/shasha/Attune/benchmarks/datasets/cocochorales_tiny/materialized/test/woodwind_track229864/stems_audio/2_oboe.wav,/Users/sarah/Desktop/shasha/Attune/benchmarks/datasets/cocochorales_tiny/materialized/test/woodwind_track229864/stems_midi/2_oboe.mid,/Users/sarah/Desktop/shasha/Attune/benchmarks/datasets/cocochorales_tiny/pitch_data/test__woodwind_track229864__2_oboe.pitch.pkl.xz,4,tune
woodwind_track229248,test__woodwind_track229248__2_oboe,woodwind,oboe,/Users/sarah/Desktop/shasha/Attune/benchmarks/datasets/cocochorales_tiny/materialized/test/woodwind_track229248/stems_audio/2_oboe.wav,/Users/sarah/Desktop/shasha/Attune/benchmarks/datasets/cocochorales_tiny/materialized/test/woodwind_track229248/stems_midi/2_oboe.mid,/Users/sarah/Desktop/shasha/Attune/benchmarks/datasets/cocochorales_tiny/pitch_data/test__woodwind_track229248__2_oboe.pitch.pkl.xz,5,tune
woodwind_track228181,test__woodwind_track228181__2_oboe,woodwind,oboe,/Users/sarah/Desktop/shasha/Attune/benchmarks/datasets/cocochorales_tiny/materialized/test/woodwind_track228181/stems_audio/2_oboe.wav,/Users/sarah/Desktop/shasha/Attune/benchmarks/datasets/cocochorales_tiny/materialized/test/woodwind_track228181/stems_midi/2_oboe.mid,/Users/sarah/Desktop/shasha/Attune/benchmarks/datasets/cocochorales_tiny/pitch_data/test__woodwind_track228181__2_oboe.pitch.pkl.xz,6,tune
woodwind_track229328,test__woodwind_track229328__2_oboe,woodwind,oboe,/Users/sarah/Desktop/shasha/Attune/benchmarks/datasets/cocochorales_tiny/materialized/test/woodwind_track229328/stems_audio/2_oboe.wav,/Users/sarah/Desktop/shasha/Attune/benchmarks/datasets/cocochorales_tiny/materialized/test/woodwind_track229328/stems_midi/2_oboe.mid,/Users/sarah/Desktop/shasha/Attune/benchmarks/datasets/cocochorales_tiny/pitch_data/test__woodwind_track229328__2_oboe.pitch.pkl.xz,7,tune
woodwind_track228904,test__woodwind_track228904__2_oboe,woodwind,oboe,/Users/sarah/Desktop/shasha/Attune/benchmarks/datasets/cocochorales_tiny/materialized/test/woodwind_track228904/stems_audio/2_oboe.wav,/Users/sarah/Desktop/shasha/Attune/benchmarks/datasets/cocochorales_tiny/materialized/test/woodwind_track228904/stems_midi/2_oboe.mid,/Users/sarah/Desktop/shasha/Attune/benchmarks/datasets/cocochorales_tiny/pitch_data/test__woodwind_track228904__2_oboe.pitch.pkl.xz,8,holdout
woodwind_track229003,test__woodwind_track229003__2_oboe,woodwind,oboe,/Users/sarah/Desktop/shasha/Attune/benchmarks/datasets/cocochorales_tiny/materialized/test/woodwind_track229003/stems_audio/2_oboe.wav,/Users/sarah/Desktop/shasha/Attune/benchmarks/datasets/cocochorales_tiny/materialized/test/woodwind_track229003/stems_midi/2_oboe.mid,/Users/sarah/Desktop/shasha/Attune/benchmarks/datasets/cocochorales_tiny/pitch_data/test__woodwind_track229003__2_oboe.pitch.pkl.xz,9,holdout
