alpha_onset,alpha_duration,gamma_pitch,gamma_time,ins_base,del_base,pair_precision,pair_recall,pair_f1,false_mistakes_per_ref,indels_per_ref,mixed_error_precision,mixed_error_recall,mixed_error_f1,mixed_pitch_precision,mixed_pitch_recall,mixed_pitch_f1,mixed_duration_precision,mixed_duration_recall,mixed_duration_f1,mixed_correct_precision,mixed_correct_recall,mixed_correct_f1,mixed_source_pair_recall,mixed_indels_per_event
0.5,0.5,32.0,2.0,5.0,5.0,0.9371914588741889,0.9956938722883302,0.962532635617429,0.057217056199697636,0.057217056199697636,0.6412552075679624,0.7683409656454527,0.6985402629914903,0.4808506513443076,0.6248225896190703,0.5427036556312288,0.9601304779276649,0.9895423655292076,0.9737089837731686,1.0,0.9960564283309004,0.9980155191804015,0.9415691721102877,0.7989062768315772
0.25,0.75,32.0,2.0,5.0,5.0,0.9371914588741889,0.9956938722883302,0.962532635617429,0.057217056199697636,0.057217056199697636,0.6424023937151486,0.7690240257547424,0.6995171030028572,0.4820142151740949,0.6260852158816965,0.5439382235324633,0.9614646322790605,0.9895423655292076,0.9743877640572122,1.0,0.9962768868846922,0.9981260408426472,0.9419252974664131,0.7975401566129978
0.75,0.25,32.0,2.0,5.0,5.0,0.9371914588741889,0.9956938722883302,0.962532635617429,0.057217056199697636,0.057217056199697636,0.6416704899599891,0.7695664558415313,0.6992807505740831,0.4808506513443076,0.6248225896190703,0.5427036556312288,0.9601304779276649,0.9927474937343358,0.9753756504398353,1.0,0.9960564283309004,0.9980155191804015,0.9418415032649717,0.7989062768315772
1.0,0.0,32.0,2.0,5.0,5.0,0.9371914588741889,0.9956938722883302,0.962532635617429,0.057217056199697636,0.057217056199697636,0.6434892197453087,0.7734016218815144,0.7019532331710434,0.4817187068998632,0.6260852158816965,0.5437324622155909,0.9616630449774733,1.0,0.979788341785376,1.0,0.9960564283309004,0.9980155191804015,0.9428653999091442,0.7989062768315772
0.25,0.75,32.0,8.0,5.0,5.0,0.9370313619406786,0.9960275392886637,0.9625303684000777,0.055988554971196404,0.055988554971196404,0.6714316606980949,0.7904306605295245,0.7256682059727056,0.5212418857149826,0.6606991240306518,0.5821498688122994,0.9614646322790605,0.9895423655292076,0.9743877640572122,1.0,0.9962768868846922,0.9981260408426472,0.9474339129650643,0.7547268870634337
0.5,0.5,32.0,8.0,5.0,5.0,0.936913189671771,0.9960275392886637,0.9624560029849533,0.055707023439664875,0.055707023439664875,0.6714316606980949,0.7904306605295245,0.7256682059727056,0.5212418857149826,0.6606991240306518,0.5821498688122994,0.9614646322790605,0.9895423655292076,0.9743877640572122,1.0,0.9962768868846922,0.9981260408426472,0.9474339129650643,0.7547268870634337
0.75,0.25,32.0,8.0,5.0,5.0,0.936913189671771,0.9960275392886637,0.9624560029849533,0.055707023439664875,0.055707023439664875,0.6717873517550054,0.7916561507256029,0.7263889266934264,0.5212418857149826,0.6606991240306518,0.5821498688122994,0.9614646322790605,0.9927474937343358,0.9760544307238788,1.0,0.9962768868846922,0.9981260408426472,0.9477062441197485,0.7547268870634337
1.0,0.0,32.0,8.0,5.0,5.0,0.936913189671771,0.9960275392886637,0.9624560029849533,0.055707023439664875,0.055707023439664875,0.6736130835506878,0.795491316765586,0.7290737765435931,0.5221284105376777,0.6619617502932781,0.5831915354789661,0.9630040411460556,1.0,0.9804941292425245,1.0,0.9962768868846922,0.9981260408426472,0.9487301407639208,0.7547268870634337
0.5,0.5,32.0,4.0,5.0,5.0,0.9370269851899783,0.9956938722883302,0.962406627552913,0.05674357135121278,0.05674357135121278,0.6469854521228565,0.7725538088801138,0.7037325125686511,0.4882972990480204,0.6320739195248625,0.5502717004409857,0.9614646322790605,0.9895423655292076,0.9743877640572122,1.0,0.9962768868846922,0.9981260408426472,0.942840022675493,0.7904805903622552
0.25,0.75,32.0,4.0,5.0,5.0,0.9370269851899783,0.9956938722883302,0.962406627552913,0.05674357135121278,0.05674357135121278,0.6469854521228565,0.7725538088801138,0.7037325125686511,0.4882972990480204,0.6320739195248625,0.5502717004409857,0.9614646322790605,0.9895423655292076,0.9743877640572122,1.0,0.9962768868846922,0.9981260408426472,0.942840022675493,0.7904805903622552
0.75,0.25,32.0,4.0,5.0,5.0,0.9370269851899783,0.9956938722883302,0.962406627552913,0.05674357135121278,0.05674357135121278,0.6473725988514667,0.7737792990761921,0.7044635067206979,0.4882972990480204,0.6320739195248625,0.5502717004409857,0.9614646322790605,0.9927474937343358,0.9760544307238788,1.0,0.9962768868846922,0.9981260408426472,0.9431123538301772,0.7904805903622552
1.0,0.0,32.0,4.0,5.0,5.0,0.9370269851899783,0.9956938722883302,0.962406627552913,0.05674357135121278,0.05674357135121278,0.6492109216169056,0.7776144651161753,0.7071525151975199,0.4891838238707154,0.6333365457874887,0.5513133671076523,0.9630040411460556,1.0,0.9804941292425245,1.0,0.9962768868846922,0.9981260408426472,0.9441362504743496,0.7904805903622552
0.5,0.5,32.0,1.0,5.0,5.0,0.9370382725996791,0.995520261177219,0.9623698752007623,0.057217056199697636,0.057217056199697636,0.640104814750903,0.7673247054828511,0.6974163594827184,0.47950727572767615,0.6234785035975648,0.5413222742498475,0.9601304779276649,0.9895423655292076,0.9737089837731686,1.0,0.9960564283309004,0.9980155191804015,0.9413240740710721,0.8009387971567804
0.25,0.75,32.0,1.0,5.0,5.0,0.9370382725996791,0.995520261177219,0.9623698752007623,0.057217056199697636,0.057217056199697636,0.640104814750903,0.7673247054828511,0.6974163594827184,0.47950727572767615,0.6234785035975648,0.5413222742498475,0.9601304779276649,0.9895423655292076,0.9737089837731686,1.0,0.9960564283309004,0.9980155191804015,0.9413240740710721,0.8009387971567804
0.75,0.25,32.0,1.0,5.0,5.0,0.9370382725996791,0.995520261177219,0.9623698752007623,0.057217056199697636,0.057217056199697636,0.6405200971429296,0.7685501956789297,0.6981568470653112,0.47950727572767615,0.6234785035975648,0.5413222742498475,0.9601304779276649,0.9927474937343358,0.9753756504398353,1.0,0.9960564283309004,0.9980155191804015,0.9415964052257562,0.8009387971567804
1.0,0.0,32.0,1.0,5.0,5.0,0.9370382725996791,0.995520261177219,0.9623698752007623,0.057217056199697636,0.057217056199697636,0.6423388269282492,0.7723853617189128,0.7008293296622714,0.48037533128323173,0.6247411298601911,0.5423510808342096,0.9616630449774733,1.0,0.979788341785376,1.0,0.9960564283309004,0.9980155191804015,0.9426203018699284,0.8009387971567804
0.5,0.5,32.0,16.0,5.0,5.0,0.9365893521230849,0.9962278598014843,0.9623522951204458,0.05460164520882708,0.05460164520882708,0.7572101315190971,0.846465847170338,0.7989169478402088,0.6365301382181456,0.750390755894958,0.6881663095395908,0.9773901293638136,0.994235588972431,0.985438421119666,1.0,0.9985443920459268,0.9992695665109769,0.9642950088158552,0.6410381834816262
0.25,0.75,32.0,16.0,5.0,5.0,0.9365893521230849,0.9962278598014843,0.9623522951204458,0.05460164520882708,0.05460164520882708,0.7572101315190971,0.846465847170338,0.7989169478402088,0.6365301382181456,0.750390755894958,0.6881663095395908,0.9773901293638136,0.994235588972431,0.985438421119666,1.0,0.9985443920459268,0.9992695665109769,0.9642950088158552,0.6410381834816262
0.75,0.25,32.0,16.0,5.0,5.0,0.9365893521230849,0.9962278598014843,0.9623522951204458,0.05460164520882708,0.05460164520882708,0.7579669210018856,0.8472777055403359,0.7997004236236847,0.6384510568057309,0.7500093676417161,0.6890900692873925,0.9755156515024935,0.9963189223057644,0.9854386379603833,1.0,0.9985443920459268,0.9992695665109769,0.9645286885112401,0.6391001989855022
1.0,0.0,32.0,16.0,5.0,5.0,0.9365893521230849,0.9962278598014843,0.9623522951204458,0.05460164520882708,0.05460164520882708,0.7542698804954604,0.846408493641572,0.7972280863848242,0.6343656360536435,0.7476488054985452,0.6857052001882376,0.9714483985128268,0.9975490196078431,0.9839730459700803,1.0,0.9982609453339086,0.999127359457507,0.9645864543599294,0.6391001989855022
0.0,1.0,32.0,8.0,5.0,5.0,0.9368577508295676,0.9958346380540958,0.962347619862066,0.055988554971196404,0.055988554971196404,0.6683858804350744,0.7893566746171653,0.7233304050330643,0.52099523644884,0.6598098549962215,0.5816405843580021,0.950924837751263,0.9874590321958743,0.9677913101310863,1.0,0.9932401819087316,0.9965898840046471,0.9446127823050502,0.7547268870634337
0.5,0.5,32.0,0.5,5.0,5.0,0.9370295920441235,0.9953032472883301,0.9622591538288803,0.057633722866364305,0.057633722866364305,0.640104814750903,0.7673247054828511,0.6974163594827184,0.47950727572767615,0.6234785035975648,0.5413222742498475,0.9601304779276649,0.9895423655292076,0.9737089837731686,1.0,0.9960564283309004,0.9980155191804015,0.9413240740710721,0.8009387971567804
0.25,0.75,32.0,0.5,5.0,5.0,0.9370295920441235,0.9953032472883301,0.9622591538288803,0.057633722866364305,0.057633722866364305,0.640104814750903,0.7673247054828511,0.6974163594827184,0.47950727572767615,0.6234785035975648,0.5413222742498475,0.9601304779276649,0.9895423655292076,0.9737089837731686,1.0,0.9960564283309004,0.9980155191804015,0.9413240740710721,0.8009387971567804
0.75,0.25,32.0,0.5,5.0,5.0,0.9370295920441235,0.9953032472883301,0.9622591538288803,0.057633722866364305,0.057633722866364305,0.6405200971429296,0.7685501956789297,0.6981568470653112,0.47950727572767615,0.6234785035975648,0.5413222742498475,0.9601304779276649,0.9927474937343358,0.9753756504398353,1.0,0.9960564283309004,0.9980155191804015,0.9415964052257562,0.8009387971567804
1.0,0.0,32.0,0.5,5.0,5.0,0.9370295920441235,0.9953032472883301,0.9622591538288803,0.057633722866364305,0.057633722866364305,0.6423388269282492,0.7723853617189128,0.7008293296622714,0.48037533128323173,0.6247411298601911,0.5423510808342096,0.9616630449774733,1.0,0.979788341785376,1.0,0.9960564283309004,0.9980155191804015,0.9426203018699284,0.8009387971567804
0.0,1.0,32.0,4.0,5.0,5.0,0.9368533740788672,0.9955009710537622,0.9622238790149013,0.05674357135121278,0.05674357135121278,0.6426285149079538,0.7697325686531062,0.6998576913947981,0.48607335990824635,0.6286500882784506,0.5475437695706226,0.9491210859475112,0.9874590321958743,0.9668234433095609,1.0,0.9923177559109438,0.9961256853944517,0.9392428382913584,0.7904805903622552
0.0,1.0,32.0,1.0,5.0,5.0,0.936864661488568,0.9953273599426512,0.9621871266627507,0.057217056199697636,0.057217056199697636,0.6363423444168803,0.7656288290232283,0.6943855811656187,0.4791707835694352,0.6225892345631346,0.5407582616387333,0.947616999189341,0.9861149461743689,0.9654679312762148,1.0,0.9918703574012846,0.9958999067192336,0.9373829749320229,0.8009387971567804
0.0,1.0,32.0,2.0,5.0,5.0,0.936864661488568,0.9953273599426512,0.9621871266627507,0.057217056199697636,0.057217056199697636,0.6387110130208901,0.7669743904660065,0.6963604452922012,0.48079689088502175,0.6239240108979109,0.5423325442546826,0.9487221038909204,0.9874590321958743,0.9666910215307977,1.0,0.9923123041567874,0.9961240005240545,0.9383231739326025,0.7975401566129978
0.5,0.5,32.0,32.0,5.0,5.0,0.9362874437823835,0.9962278598014843,0.962167786342187,0.05408322314092585,0.053890321906357945,0.8794854722637448,0.9180068641373028,0.8980390345531459,0.8180159781382099,0.8662091703181413,0.8408400645371034,0.9768429913166755,0.9938679419136075,0.9849034547310409,1.0,0.9984768347985028,0.999235584565732,0.9839679839210894,0.47967527902553514
0.75,0.25,32.0,32.0,5.0,5.0,0.9362400345943493,0.9962278598014843,0.9621615459685929,0.05407580386267324,0.053875483349852725,0.8781942214441921,0.9183387677320741,0.897460475287046,0.816878022956137,0.8651964388366599,0.8397249188815022,0.97441243576112,0.9960609243697479,0.9846885846885848,1.0,0.998181326524271,0.9990873046131816,0.9840731105599584,0.47804129209743057
1.0,0.0,32.0,32.0,5.0,5.0,0.9362400345943493,0.9962278598014843,0.9621615459685929,0.05407580386267324,0.053875483349852725,0.8795132439193586,0.9242126852216085,0.900869404810598,0.8208254333792957,0.8744682184173639,0.8461480555206718,0.9722678279179827,0.9975490196078431,0.9841916801594222,1.0,0.9978858182500394,0.9989379655181131,0.9844886461630825,0.4816581902455787
0.5,0.5,16.0,1.0,5.0,5.0,0.936331779571499,0.9960349585669164,0.9621241984161276,0.05429671067325396,0.05429671067325396,0.6469854521228565,0.7725538088801138,0.7037325125686511,0.4882972990480204,0.6320739195248625,0.5502717004409857,0.9614646322790605,0.9895423655292076,0.9743877640572122,1.0,0.9962768868846922,0.9981260408426472,0.942840022675493,0.7904805903622552
0.25,0.75,16.0,1.0,5.0,5.0,0.936331779571499,0.9960349585669164,0.9621241984161276,0.05429671067325396,0.05429671067325396,0.6469854521228565,0.7725538088801138,0.7037325125686511,0.4882972990480204,0.6320739195248625,0.5502717004409857,0.9614646322790605,0.9895423655292076,0.9743877640572122,1.0,0.9962768868846922,0.9981260408426472,0.942840022675493,0.7904805903622552
0.75,0.25,16.0,1.0,5.0,5.0,0.936331779571499,0.9960349585669164,0.9621241984161276,0.05429671067325396,0.05429671067325396,0.6473725988514667,0.7737792990761921,0.7044635067206979,0.4882972990480204,0.6320739195248625,0.5502717004409857,0.9614646322790605,0.9927474937343358,0.9760544307238788,1.0,0.9962768868846922,0.9981260408426472,0.9431123538301772,0.7904805903622552
0.0,1.0,32.0,16.0,5.0,5.0,0.9364477220061259,0.9957869426939006,0.9620966007374294,0.05507513005731193,0.05507513005731193,0.7556066987851148,0.8473298457541029,0.7983622682194716,0.6378964010975664,0.7531246752663247,0.6901142888019921,0.9716335876455845,0.9921522556390978,0.9811813804838759,1.0,0.9960211955821795,0.9979975501085607,0.9616661855493458,0.6429761679777503
0.5,0.5,16.0,4.0,5.0,5.0,0.9361543047737649,0.9962278598014843,0.962086908469301,0.05355613180767509,0.05355613180767509,0.7344648930377878,0.831798612414584,0.7797303293388693,0.6063215775834911,0.7265947510793046,0.6605055381702725,0.9694821017189438,0.994235588972431,0.9811310313767044,1.0,0.9975448787654373,0.9987645632740928,0.9596758138957474,0.6660878804156787
0.25,0.75,16.0,4.0,5.0,5.0,0.9361543047737649,0.9962278598014843,0.962086908469301,0.05355613180767509,0.05355613180767509,0.7391619192913651,0.8349992231733343,0.7837765065632462,0.6115450511040661,0.7324109219412421,0.6660090566508354,0.974343212830055,0.994235588972431,0.983582770250857,1.0,0.9979533754974635,0.9989698177896922,0.9603478569065,0.6655006123865501
0.75,0.25,16.0,4.0,5.0,5.0,0.9361543047737649,0.9962278598014843,0.962086908469301,0.05355613180767509,0.05355613180767509,0.7362379426831781,0.833736596910708,0.7815821811907212,0.6088738093023894,0.7284063452822033,0.6627504361294562,0.9695813080681502,0.9963189223057644,0.9821981045474361,1.0,0.9975448787654373,0.9987645632740928,0.9601575094641482,0.6641498959195546
1.0,0.0,16.0,4.0,5.0,5.0,0.9361543047737649,0.9962278598014843,0.962086908469301,0.05355613180767509,0.05355613180767509,0.7372620077280231,0.8359197105933395,0.7831022728129337,0.6098207789993592,0.7296689715448296,0.6638326872117072,0.96963262169705,1.0,0.9840813317596107,1.0,0.9975448787654373,0.9987645632740928,0.9607624956460574,0.6641498959195546
0.5,0.5,16.0,8.0,5.0,5.0,0.9361543047737649,0.9962278598014843,0.962086908469301,0.05355613180767509,0.05355613180767509,0.8708920950598499,0.9139152105780317,0.8915982407388454,0.804619905510419,0.8588941026726912,0.8303062141656895,0.9794734626971469,0.9963189223057644,0.9875217544529992,1.0,0.998760281510521,0.999377791619202,0.9823536743123067,0.49650336708828885
0.75,0.25,16.0,8.0,5.0,5.0,0.9361543047737649,0.9962278598014843,0.962086908469301,0.05355613180767509,0.05355613180767509,0.8726160160054689,0.916737886194825,0.8938642070684383,0.8088390931854891,0.862389168462165,0.8341955669356395,0.9774997784866205,0.9985119047619048,0.9875810242491111,1.0,0.998760281510521,0.999377791619202,0.9824664088000411,0.4971841949749991
1.0,0.0,16.0,8.0,5.0,5.0,0.9361543047737649,0.9962278598014843,0.962086908469301,0.05355613180767509,0.05355613180767509,0.8682076941977313,0.9150516808320087,0.8907214474667229,0.8040188712957592,0.860028606318994,0.8305124098901994,0.9734325254969538,0.9975490196078431,0.9849893061326819,1.0,0.9984768347985028,0.999235584565732,0.9823437994683553,0.4971841949749991
0.0,1.0,32.0,0.5,5.0,5.0,0.9368559809330125,0.9951103460537621,0.9620764052908686,0.057633722866364305,0.057633722866364305,0.6368576511408582,0.7650140008540984,0.6944484257742225,0.4783100802630797,0.6210709931950601,0.5396471505276222,0.949532557382662,0.9874590321958743,0.9672667215334926,1.0,0.9927264121773046,0.9963360030937031,0.9382486448852442,0.8009387971567804
1.0,0.0,16.0,1.0,5.0,5.0,0.9361261874662358,0.9960349585669164,0.9619928958951193,0.05382322582476911,0.05382322582476911,0.6492109216169056,0.7776144651161753,0.7071525151975199,0.4891838238707154,0.6333365457874887,0.5513133671076523,0.9630040411460556,1.0,0.9804941292425245,1.0,0.9962768868846922,0.9981260408426472,0.9441362504743496,0.7904805903622552
0.5,0.5,16.0,2.0,5.0,5.0,0.9361261874662358,0.9960349585669164,0.9619928958951193,0.05382322582476911,0.05382322582476911,0.6679565645305684,0.7878664127508238,0.7225358225522992,0.5168197608660287,0.656974085628194,0.5779222310392741,0.9614646322790605,0.9895423655292076,0.9743877640572122,1.0,0.9962768868846922,0.9981260408426472,0.9467273731993467,0.7598553826208351
0.25,0.75,16.0,2.0,5.0,5.0,0.9361261874662358,0.9960349585669164,0.9619928958951193,0.05382322582476911,0.05382322582476911,0.6679565645305684,0.7878664127508238,0.7225358225522992,0.5168197608660287,0.656974085628194,0.5779222310392741,0.9614646322790605,0.9895423655292076,0.9743877640572122,1.0,0.9962768868846922,0.9981260408426472,0.9467273731993467,0.7598553826208351
0.75,0.25,16.0,2.0,5.0,5.0,0.9361261874662358,0.9960349585669164,0.9619928958951193,0.05382322582476911,0.05382322582476911,0.668312255587479,0.7890919029469022,0.7232565432730199,0.5168197608660287,0.656974085628194,0.5779222310392741,0.9614646322790605,0.9927474937343358,0.9760544307238788,1.0,0.9962768868846922,0.9981260408426472,0.9469997043540309,0.7598553826208351
1.0,0.0,16.0,2.0,5.0,5.0,0.9361261874662358,0.9960349585669164,0.9619928958951193,0.05382322582476911,0.05382322582476911,0.6701379873831614,0.7929270689868854,0.7259413931231867,0.5177062856887237,0.6582367118908203,0.5789638977059407,0.9630040411460556,1.0,0.9804941292425245,1.0,0.9962768868846922,0.9981260408426472,0.9480236009982032,0.7598553826208351
0.5,0.5,32.0,64.0,5.0,5.0,0.9359670987883253,0.9962278598014843,0.9619875898776287,0.05361580861101132,0.053222586863622905,0.9367844626341322,0.9495025128997087,0.942688979497529,0.916306217114521,0.917752401784924,0.9164933280660529,0.9639362350469162,0.9940767973856209,0.9781329241006661,1.0,0.9975104428746641,0.9987477145925681,0.9930366499989041,0.39657961650121226
0.25,0.75,16.0,8.0,5.0,5.0,0.9360020611840213,0.9962278598014843,0.961986950556843,0.05336323057310719,0.053170329338539296,0.8701773826515891,0.9126131272446983,0.8905827426761032,0.8032543592919317,0.8565792878578765,0.8284450471636774,0.9794734626971469,0.9963189223057644,0.9875217544529992,1.0,0.998760281510521,0.999377791619202,0.9823536743123067,0.49520128375495553
0.75,0.25,2.0,32.0,5.0,5.0,0.9345997256080079,0.99862849342016,0.9619821979017958,0.05089260189829748,0.04512976612097366,0.8524654656282912,0.8987000371576257,0.8742131822362804,0.8320293414758191,0.8509276062300916,0.8407437979413306,0.8757278226947345,0.9708494441683483,0.9188986556869261,1.0,0.9861190010153408,0.9929759259754197,0.9854871810020782,0.32883793986036713
0.25,0.75,32.0,32.0,5.0,5.0,0.9361138326712725,0.9959798439284685,0.9619635379761741,0.05408322314092585,0.053890321906357945,0.8846476007954386,0.9210591897186982,0.9022173092467248,0.8239326912560099,0.8698323587239384,0.8456969305027311,0.9809615579352421,0.9963189223057644,0.9882522739335187,1.0,0.998760281510521,0.999377791619202,0.9845152042543094,0.47967527902553514
0.5,0.5,16.0,0.5,5.0,5.0,0.9361785932969893,0.9958613474558052,0.9619614379994609,0.05429671067325396,0.05429671067325396,0.6412552075679624,0.7683409656454527,0.6985402629914903,0.4808506513443076,0.6248225896190703,0.5427036556312288,0.9601304779276649,0.9895423655292076,0.9737089837731686,1.0,0.9960564283309004,0.9980155191804015,0.9415691721102877,0.7989062768315772
0.25,0.75,16.0,0.5,5.0,5.0,0.9361785932969893,0.9958613474558052,0.9619614379994609,0.05429671067325396,0.05429671067325396,0.6412552075679624,0.7683409656454527,0.6985402629914903,0.4808506513443076,0.6248225896190703,0.5427036556312288,0.9601304779276649,0.9895423655292076,0.9737089837731686,1.0,0.9960564283309004,0.9980155191804015,0.9415691721102877,0.7989062768315772
0.75,0.25,16.0,0.5,5.0,5.0,0.9361785932969893,0.9958613474558052,0.9619614379994609,0.05429671067325396,0.05429671067325396,0.6416704899599891,0.7695664558415313,0.6992807505740831,0.4808506513443076,0.6248225896190703,0.5427036556312288,0.9601304779276649,0.9927474937343358,0.9753756504398353,1.0,0.9960564283309004,0.9980155191804015,0.9418415032649717,0.7989062768315772
1.0,0.0,16.0,0.5,5.0,5.0,0.9361785932969893,0.9958613474558052,0.9619614379994609,0.05429671067325396,0.05429671067325396,0.6434892197453087,0.7734016218815144,0.7019532331710434,0.4817187068998632,0.6260852158816965,0.5437324622155909,0.9616630449774733,1.0,0.979788341785376,1.0,0.9960564283309004,0.9980155191804015,0.9428653999091442,0.7989062768315772
0.75,0.25,1.0,16.0,5.0,5.0,0.9341549598169235,0.9992146164021164,0.9619506472327153,0.04950753917064322,0.04290788627970022,0.8443384700761954,0.8947870684613752,0.867981651214447,0.8228378020211218,0.8435615348015201,0.8324519673445566,0.8688429020598138,0.973453610835015,0.9156468292678933,1.0,0.9842903204608876,0.992027610808453,0.9839931094778862,0.3224739907719598
0.5,0.5,8.0,2.0,5.0,5.0,0.9358882656658141,0.9962278598014843,0.9619153394163531,0.05322968356456018,0.05290323532144528,0.9190189703731518,0.9394567150803884,0.9288619776675935,0.8836145279866675,0.8999738986108353,0.8911657928793001,0.974343212830055,0.9985119047619048,0.9857772724453593,1.0,0.9981692649620576,0.9990780428979172,0.9888119937784551,0.43886332243422443
0.25,0.75,8.0,2.0,5.0,5.0,0.9358882656658141,0.9962278598014843,0.9619153394163531,0.05322968356456018,0.05290323532144528,0.9190189703731518,0.9394567150803884,0.9288619776675935,0.8836145279866675,0.8999738986108353,0.8911657928793001,0.974343212830055,0.9985119047619048,0.9857772724453593,1.0,0.9981692649620576,0.9990780428979172,0.9888119937784551,0.43886332243422443
0.75,0.25,8.0,2.0,5.0,5.0,0.9358882656658141,0.9962278598014843,0.9619153394163531,0.05322968356456018,0.05290323532144528,0.9190189703731518,0.9394567150803884,0.9288619776675935,0.8836145279866675,0.8999738986108353,0.8911657928793001,0.974343212830055,0.9985119047619048,0.9857772724453593,1.0,0.9981692649620576,0.9990780428979172,0.9888119937784551,0.43886332243422443
1.0,0.0,8.0,2.0,5.0,5.0,0.9358882656658141,0.9962278598014843,0.9619153394163531,0.05322968356456018,0.05290323532144528,0.9197526839974904,0.9408228352989676,0.9298996120761956,0.8848050041771437,0.9012365248734616,0.8923912830753786,0.9743945264589547,1.0,0.9865343735314077,1.0,0.998760281510521,0.999377791619202,0.9897713064565177,0.4368308021090212
0.5,0.5,8.0,4.0,5.0,5.0,0.9358882656658141,0.9962278598014843,0.9619153394163531,0.05322968356456018,0.05290323532144528,0.9349150590965682,0.9491157376338016,0.9417650735334506,0.9042682752413804,0.9146525152572819,0.9089998141673169,0.9794734626971469,0.9985119047619048,0.9886478805791253,1.0,0.998760281510521,0.999377791619202,0.9917491220767013,0.42383004990485335
0.25,0.75,8.0,4.0,5.0,5.0,0.9358882656658141,0.9962278598014843,0.9619153394163531,0.05322968356456018,0.05290323532144528,0.9349150590965682,0.9491157376338016,0.9417650735334506,0.9042682752413804,0.9146525152572819,0.9089998141673169,0.9794734626971469,0.9985119047619048,0.9886478805791253,1.0,0.998760281510521,0.999377791619202,0.9917491220767013,0.42383004990485335
0.75,0.25,8.0,4.0,5.0,5.0,0.9358882656658141,0.9962278598014843,0.9619153394163531,0.05322968356456018,0.05290323532144528,0.9338466830281922,0.9479896115076755,0.9406685823053804,0.9039393278729594,0.9124595328011414,0.9077627471407762,0.9774997784866205,0.9985119047619048,0.9875810242491111,1.0,0.998760281510521,0.999377791619202,0.9915011062036855,0.42383004990485335
0.0,1.0,16.0,4.0,5.0,5.0,0.9359806936626538,0.9960349585669164,0.9619041599312893,0.05355613180767509,0.05355613180767509,0.7325838853315397,0.8294862461029754,0.777568024821533,0.6069511524750798,0.7282748996600586,0.6615360021571228,0.9659198204186593,0.9861149461743689,0.9752543138602546,1.0,0.9956460684983103,0.9978081561691668,0.9570902710115824,0.6693177129972862
0.5,0.5,16.0,16.0,5.0,5.0,0.9358024084062436,0.9962278598014843,0.9618807522707912,0.05316291006028668,0.052769688312898265,0.9240925682423479,0.9434213813650342,0.9334335056586057,0.887529293612693,0.906353949893499,0.8963853243315656,0.9768429913166755,0.9960609243697479,0.9860295808571671,1.0,0.9984768347985028,0.999235584565732,0.9902501464985285,0.43048023149817677
0.75,0.25,16.0,16.0,5.0,5.0,0.9358024084062436,0.9962278598014843,0.9618807522707912,0.05316291006028668,0.052769688312898265,0.9228621466171895,0.9432157892597711,0.9326605453118041,0.8867545987232955,0.9058507292815827,0.8957385744364345,0.97441243576112,0.9960609243697479,0.9846885846885848,1.0,0.998181326524271,0.9990873046131816,0.9904876194235898,0.4282872490420364
1.0,0.0,16.0,16.0,5.0,5.0,0.9358024084062436,0.9962278598014843,0.9618807522707912,0.05316291006028668,0.052769688312898265,0.9218103198663495,0.9454728086011573,0.9331417254425619,0.8862561454645448,0.9084217291351914,0.8966987524439372,0.9722678279179827,0.9975490196078431,0.9841916801594222,1.0,0.9978858182500394,0.9989379655181131,0.9906566067032424,0.4282872490420364
1.0,0.0,1.0,16.0,5.0,5.0,0.9341446040664362,0.9989666005291005,0.9618607066939121,0.05085672751506751,0.04345613189373532,0.8469135567217229,0.8989073514196516,0.8713741634748157,0.8283654171386191,0.8491809272535044,0.8379997086224393,0.867428517035515,0.9765042060731103,0.9166335609309058,1.0,0.9854968373496988,0.9926587293228705,0.9851445164515159,0.3268137470986853
0.5,0.5,8.0,0.5,5.0,5.0,0.9358532516602119,0.9960349585669164,0.9618189398041549,0.05336323057310719,0.053170329338539296,0.9050664696500647,0.9326596935177184,0.9184127132397607,0.8620335416248182,0.8884217838368933,0.8745625560381258,0.9715654350522772,0.9985119047619048,0.9843404908361638,1.0,0.9977607682300315,0.998872788382318,0.9868307371474598,0.45245736555956445
0.25,0.75,8.0,0.5,5.0,5.0,0.9358532516602119,0.9960349585669164,0.9618189398041549,0.05336323057310719,0.053170329338539296,0.9050664696500647,0.9326596935177184,0.9184127132397607,0.8620335416248182,0.8884217838368933,0.8745625560381258,0.9715654350522772,0.9985119047619048,0.9843404908361638,1.0,0.9977607682300315,0.998872788382318,0.9868307371474598,0.45245736555956445
0.75,0.25,8.0,0.5,5.0,5.0,0.9358532516602119,0.9960349585669164,0.9618189398041549,0.05336323057310719,0.053170329338539296,0.9050664696500647,0.9326596935177184,0.9184127132397607,0.8620335416248182,0.8884217838368933,0.8745625560381258,0.9715654350522772,0.9985119047619048,0.9843404908361638,1.0,0.9977607682300315,0.998872788382318,0.9868307371474598,0.45245736555956445
1.0,0.0,8.0,0.5,5.0,5.0,0.9358532516602119,0.9960349585669164,0.9618189398041549,0.05336323057310719,0.053170329338539296,0.9058001832744033,0.9340258137362977,0.9194503476483629,0.8632240178152943,0.8896844100995196,0.8757880462342044,0.971616748681177,1.0,0.9850975919222124,1.0,0.9977607682300315,0.998872788382318,0.9870087998255226,0.45245736555956445
0.25,0.75,8.0,1.0,5.0,5.0,0.9358532516602119,0.9960349585669164,0.9618189398041549,0.05336323057310719,0.053170329338539296,0.9050664696500647,0.9326596935177184,0.9184127132397607,0.8620335416248182,0.8884217838368933,0.8745625560381258,0.9715654350522772,0.9985119047619048,0.9843404908361638,1.0,0.9977607682300315,0.998872788382318,0.9868307371474598,0.45245736555956445
0.0,1.0,16.0,2.0,5.0,5.0,0.9359525763551247,0.9958420573323484,0.9618101473571076,0.05382322582476911,0.05382322582476911,0.6653086533415978,0.7868330376246894,0.7204575389454981,0.5166150524954853,0.6561569666659138,0.5774665361334294,0.9525099826787992,0.9874590321958743,0.9686751485149246,1.0,0.9928976832359554,0.9964188286790504,0.9436275493508423,0.7598553826208351
1.0,0.0,8.0,4.0,5.0,5.0,0.9356886128880363,0.9962278598014843,0.961809141130301,0.05302936305173967,0.05250259429580425,0.92917997773467,0.9463034061448594,0.93742995026694,0.898704345464064,0.9100989706579705,0.9039219354537825,0.9734325254969538,0.9975490196078431,0.9849893061326819,1.0,0.9984768347985028,0.999235584565732,0.991131948548528,0.42383004990485335
0.25,0.75,32.0,64.0,5.0,5.0,0.9357934876772142,0.9959798439284685,0.9617833415116156,0.05361580861101132,0.053222586863622905,0.9317094533834264,0.9406829186462811,0.9358604029250487,0.9051760545566493,0.9064280353270217,0.905328396160888,0.9684737411711096,0.9877171482628139,0.977543354607783,1.0,0.996643371721102,0.9983086747827395,0.9914566131568687,0.3949015844709231
0.25,0.75,16.0,16.0,5.0,5.0,0.9358284500729103,0.9959798439284685,0.96178270219083,0.05336323057310719,0.053170329338539296,0.927791076882717,0.9448397200183251,0.9360462293539666,0.8914757769389716,0.9086750549659627,0.8995487275260245,0.9809615579352421,0.9963189223057644,0.9882522739335187,1.0,0.998760281510521,0.999377791619202,0.990436616470998,0.43211421842628134
0.0,1.0,32.0,32.0,5.0,5.0,0.9359402215601613,0.9957869426939006,0.9617807894381624,0.05408322314092585,0.053890321906357945,0.8809737138861675,0.9174918250108769,0.898609656520467,0.8157231405972105,0.8656093133294158,0.8393642259668184,0.9859910192147034,0.992251461988304,0.9889230223281947,1.0,0.9985998515913906,0.9992958832403959,0.9832319063540501,0.4816132635216592
0.0,1.0,16.0,0.5,5.0,5.0,0.9360049821858781,0.9956684462212374,0.9617786894614492,0.05429671067325396,0.05429671067325396,0.6391552301051039,0.7667133211259897,0.6965491692943613,0.48081701970949836,0.6236777054791917,0.5422630998102382,0.9508667117340576,0.9874590321958743,0.9679455018175361,1.0,0.9929468707310966,0.996446524755949,0.9388498682805851,0.7975401566129978
0.0,1.0,16.0,1.0,5.0,5.0,0.9360049821858781,0.9956684462212374,0.9617786894614492,0.05429671067325396,0.05429671067325396,0.6432041826243613,0.7708579324204909,0.7006929120810949,0.4879682780822343,0.631184650490432,0.5497115623634153,0.9489511535407367,0.9861149461743689,0.9661467115602581,1.0,0.9920908159550764,0.9960104283814794,0.9388989235364439,0.7904805903622552
0.5,0.5,8.0,1.0,5.0,5.0,0.9357394561420046,0.9960349585669164,0.961747328663665,0.05322968356456018,0.05290323532144528,0.9050664696500647,0.9326596935177184,0.9184127132397607,0.8620335416248182,0.8884217838368933,0.8745625560381258,0.9715654350522772,0.9985119047619048,0.9843404908361638,1.0,0.9977607682300315,0.998872788382318,0.9868307371474598,0.45245736555956445
0.75,0.25,8.0,1.0,5.0,5.0,0.9357394561420046,0.9960349585669164,0.961747328663665,0.05322968356456018,0.05290323532144528,0.9050664696500647,0.9326596935177184,0.9184127132397607,0.8620335416248182,0.8884217838368933,0.8745625560381258,0.9715654350522772,0.9985119047619048,0.9843404908361638,1.0,0.9977607682300315,0.998872788382318,0.9868307371474598,0.45245736555956445
1.0,0.0,8.0,1.0,5.0,5.0,0.9357394561420046,0.9960349585669164,0.961747328663665,0.05322968356456018,0.05290323532144528,0.9058001832744033,0.9340258137362977,0.9194503476483629,0.8632240178152943,0.8896844100995196,0.8757880462342044,0.971616748681177,1.0,0.9850975919222124,1.0,0.9977607682300315,0.998872788382318,0.9870087998255226,0.45245736555956445
0.0,1.0,8.0,2.0,5.0,5.0,0.9357146545547029,0.9960349585669164,0.9617325908783414,0.05322968356456018,0.05290323532144528,0.9217379219103198,0.9414640457422441,0.9312594007146603,0.8864551553703442,0.9030434589070878,0.8941172006862571,0.978101859763044,0.9985119047619048,0.9879661956076179,1.0,0.9983941036830549,0.9991928051651846,0.9882805668721848,0.43886332243422443
0.5,0.5,8.0,8.0,5.0,5.0,0.9355026009832744,0.9962278598014843,0.9616851331937931,0.052792620627497254,0.0520291094473194,0.9560863366540517,0.9587688994062428,0.9571863442197722,0.9446839121082645,0.9326374194779127,0.9382679470084149,0.9710559542796385,0.9960609243697479,0.9829020027295888,1.0,0.9977995270559776,0.9988938184886719,0.9950046254786399,0.38528178535608365
0.75,0.25,8.0,8.0,5.0,5.0,0.9355026009832744,0.9962278598014843,0.9616851331937931,0.052792620627497254,0.0520291094473194,0.9536368417045568,0.959100803001014,0.9560703514494274,0.9418889344680856,0.9327035570440502,0.9368888505206227,0.9686253987240829,0.9960609243697479,0.9815610065610065,1.0,0.9978059511488957,0.9988970536876366,0.9950000057728228,0.3869157722841882
0.5,0.5,16.0,32.0,5.0,5.0,0.9355026009832744,0.9962278598014843,0.9616851331937931,0.052792620627497254,0.0520291094473194,0.9442373339917589,0.9507111817259113,0.947082362315606,0.9305014164519837,0.9202957488029088,0.9249183968604752,0.9621818490820039,0.9940767973856209,0.977131923099665,1.0,0.9966231314283464,0.9983003972651426,0.9943089907374212,0.3764610704584739
0.75,0.25,32.0,64.0,5.0,5.0,0.9356268539947558,0.9959798439284685,0.9616792363128962,0.05367516283703221,0.05295549284652889,0.9163513660426164,0.9419086259969415,0.9282435947060129,0.8981726465549635,0.9092656332488825,0.9030384755103628,0.9385608513075617,0.9887857920946157,0.9617060033178454,1.0,0.9951207720818943,0.9975409873302828,0.9909948031543817,0.39230330071173863
1.0,0.0,32.0,64.0,5.0,5.0,0.9356268539947558,0.9959798439284685,0.9616792363128962,0.05394928564404975,0.05295549284652889,0.9173109272228498,0.9465695979885697,0.9309918390664857,0.9008569210223262,0.9145168847994762,0.9069676260361835,0.9367870038100302,0.9922580143168379,0.9624711272775839,1.0,0.9948353839540404,0.9973968154299788,0.991454640344482,0.39230330071173863
1.0,0.0,2.0,32.0,5.0,5.0,0.9342401825972552,0.9983804775471442,0.9616706760311522,0.05152553387599851,0.04479374461559732,0.8649527681345722,0.9104623217972058,0.8863627538325458,0.8492471297385981,0.8661345930522789,0.8569114785118237,0.8829818163310913,0.9800756346445388,0.9271084139243219,1.0,0.9876271256093281,0.9937431354971666,0.9873460780500799,0.337565677025563
1.0,0.0,8.0,8.0,5.0,5.0,0.9354673438248554,0.9962278598014843,0.9616635318113046,0.05275524024472213,0.05195434868176916,0.9525401342091184,0.9613578223424003,0.9565527632867691,0.941389943005472,0.9352745568976588,0.9378876497912209,0.9664807908809457,0.9975490196078431,0.9810641020318439,1.0,0.9975104428746641,0.9987477145925681,0.9951689930524755,0.3869157722841882
0.0,1.0,8.0,1.0,5.0,5.0,0.9356796405491007,0.9958420573323484,0.9616361912661432,0.05336323057310719,0.053170329338539296,0.9112978874160748,0.9365340344960168,0.9234872128097447,0.870341033476718,0.894854412541981,0.8819564755905839,0.9765462218622973,0.9985119047619048,0.9870443383146635,1.0,0.9975862253312359,0.998786449825524,0.9865240696068636,0.4499321130343119
0.5,0.5,2.0,64.0,5.0,5.0,0.9339181547910739,0.9987185846560847,0.9616239642696697,0.05001709950986932,0.04345613189373532,0.8303067274508272,0.8822124573879897,0.8546969761887224,0.8024578238251304,0.8345578587192702,0.8172343848652833,0.8653648441699913,0.95493557862213,0.9058796471922984,1.0,0.9845986769209554,0.9922031724031766,0.9823130345864111,0.32782529796150234
0.75,0.25,1.0,32.0,5.0,5.0,0.9339181547910739,0.9987185846560847,0.9616239642696697,0.05042828372039564,0.04345613189373532,0.8273891717372188,0.8824228950984274,0.8532637466786547,0.7995399700739433,0.8329552946167063,0.8150403861966335,0.8621450145714852,0.9573865590142868,0.9052560831012421,1.0,0.9837219072941857,0.9917568640865585,0.9818110265542827,0.32574196462816896
0.75,0.25,2.0,64.0,5.0,5.0,0.9339181547910739,0.9987185846560847,0.9616239642696697,0.05042828372039564,0.04345613189373532,0.8329438647309164,0.8855188703306256,0.857648237024999,0.8065385270725004,0.8379404136643253,0.8210491117705764,0.8655577129841836,0.9573865590142868,0.9071190206313858,1.0,0.9846447907471898,0.9922266107974286,0.982803090046346,0.32883793986036713
0.5,0.5,1.0,64.0,5.0,5.0,0.9339181547910739,0.9987185846560847,0.9616239642696697,0.05063506250447705,0.04345613189373532,0.8128605651048316,0.8729973204899073,0.8409483474167505,0.7801118448278034,0.8223471131898011,0.7996448271292116,0.8551889058397477,0.9509965029918778,0.8980619610657053,1.0,0.9813521205236833,0.9905319353496336,0.9790897636536972,0.32446937026346934
1.0,0.0,1.0,32.0,5.0,5.0,0.9339181547910739,0.9987185846560847,0.9616239642696697,0.05122323986074651,0.04345613189373532,0.8502466207865861,0.9025646327798086,0.8748005837409458,0.8328258892704987,0.8547637684714262,0.8429975567301417,0.8699104943909931,0.9779923013112054,0.91851999389139,1.0,0.9860227209175044,0.9929201909657244,0.9857423863463418,0.3339937056013344
1.0,0.0,2.0,64.0,5.0,5.0,0.9339181547910739,0.9987185846560847,0.9616239642696697,0.05122323986074651,0.04345613189373532,0.8527866454171279,0.9041986197079132,0.8769441145649192,0.835018871726639,0.8571447208523786,0.8452806617529727,0.8733827166132153,0.9779923013112054,0.9205624775515208,1.0,0.9863246532846541,0.9930773592040733,0.9859933903624061,0.33562769252943897
0.75,0.25,0.5,32.0,5.0,5.0,0.9339181547910739,0.9987185846560847,0.9616239642696697,0.05122478995995287,0.04345613189373532,0.8106817932150095,0.8751064763255713,0.8406553055091228,0.779696495569575,0.8209596305624683,0.7987118753672441,0.8491873932818627,0.9573865590142868,0.8973780075033582,1.0,0.9813782654501719,0.990550668749231,0.979784965691341,0.32574196462816896
0.75,0.25,1.0,64.0,5.0,5.0,0.9339181547910739,0.9987185846560847,0.9616239642696697,0.05122478995995287,0.04345613189373532,0.8132919464717144,0.8765684646296649,0.8427115423479683,0.7830928541129922,0.8233405829434207,0.8015931728137589,0.8507151710596403,0.9573865590142868,0.8982259877685448,1.0,0.9818802734823003,0.9908078345344077,0.9804162788226541,0.3272039529322625
0.75,0.25,0.5,64.0,5.0,5.0,0.9339181547910739,0.9987185846560847,0.9616239642696697,0.051550628995469326,0.04345613189373532,0.807674600335378,0.8733592220109229,0.8381926541168884,0.7769580428311221,0.8197691543719922,0.7966830503833932,0.8453261564794493,0.9532198923476201,0.8934789399961347,1.0,0.9811272614341077,0.99042090257849,0.9793141113142365,0.32574196462816896
1.0,0.0,0.5,32.0,5.0,5.0,0.9339181547910739,0.9987185846560847,0.9616239642696697,0.05174002293486326,0.04345613189373532,0.8264402005656991,0.8897728877052904,0.855909805242908,0.8036897201338302,0.8365086250226282,0.818792832220995,0.852544088892615,0.9708494441683483,0.905472404962433,1.0,0.98287094026887,0.9913120329991982,0.9825494702055503,0.32974981736012327
1.0,0.0,1.0,64.0,5.0,5.0,0.9339181547910739,0.9987185846560847,0.9616239642696697,0.05174002293486326,0.04345613189373532,0.8341631794561309,0.8940167759465015,0.8619696037710421,0.8140207836769681,0.8439528590293622,0.8277293305103863,0.856979873133166,0.9708494441683483,0.9078193179178986,1.0,0.9841353092868621,0.9919514813306617,0.9835996792557594,0.3339937056013344
1.0,0.0,0.5,64.0,5.0,5.0,0.9339181547910739,0.9987185846560847,0.9616239642696697,0.05209780258951791,0.04345613189373532,0.8300645653695642,0.8915657955543447,0.858627402581775,0.809844705197484,0.8414602995055528,0.8243373165019339,0.8530116191649121,0.9682452775016817,0.9044895458381266,1.0,0.9839248715764244,0.9918454606405632,0.98316830005932,0.3339937056013344
0.0,1.0,16.0,8.0,5.0,5.0,0.9356548389617991,0.9957869426939006,0.9615999536528183,0.05336323057310719,0.053170329338539296,0.8705036996029086,0.9128412246656725,0.8908519159409981,0.8030410658481394,0.8580048336382609,0.8290316105904311,0.9820806545348879,0.994235588972431,0.9878656066874458,1.0,0.9983661857890543,0.9991786094616093,0.9815450810194594,0.49713926825107957
0.0,1.0,16.0,16.0,5.0,5.0,0.9356548389617991,0.9957869426939006,0.9615999536528183,0.05336323057310719,0.053170329338539296,0.926080591495671,0.9412049922130449,0.9333811309214316,0.8850374577975572,0.9036946814685743,0.8937316975217812,0.9888680033416876,0.9943347953216374,0.9914268771081218,1.0,0.9984044835891174,0.9991970015029538,0.9897200316284517,0.4288462445700722
0.75,0.25,4.0,64.0,5.0,5.0,0.9344788501466305,0.9978543832710499,0.9615948279857772,0.05148731340480998,0.04631918913399865,0.8622314853969857,0.9061700402149184,0.8828478157568483,0.8449571135947678,0.8617056767907708,0.8525792901047494,0.8818743030259973,0.9744208727397768,0.9238480667409883,1.0,0.9872245491197952,0.9935342339700437,0.9868259842077635,0.3346879090029311
0.25,0.75,8.0,8.0,5.0,5.0,0.9355286426499411,0.9959798439284685,0.961587083113832,0.052992941140317766,0.052429750472960425,0.9575154327701161,0.955397951373827,0.9563071468827243,0.9434422757962957,0.927306156537954,0.9349728156143011,0.9768940976177819,0.9964285714285714,0.9862775036660655,1.0,0.997654408744093,0.9988211301136354,0.9949454911397395,0.38086917065700127
0.75,0.25,16.0,32.0,5.0,5.0,0.935462163612674,0.9959798439284685,0.9615723987060586,0.05322226428630757,0.05250259429580425,0.9258741281038546,0.9472267619474072,0.9357432548273795,0.9148551674654256,0.9183824792316706,0.9159472619361487,0.9385608513075617,0.9887857920946157,0.9617060033178454,1.0,0.9951207720818943,0.9975409873302828,0.992516903062285,0.38166702881080705
0.5,0.5,8.0,16.0,5.0,5.0,0.9352813319200936,0.9962278598014843,0.9615395238747967,0.05251849782047971,0.05148086383328432,0.9432328060530262,0.9466661051176118,0.9446027777331127,0.9316701787501703,0.9154460940244759,0.9231344846482158,0.9571313440314988,0.9919934640522876,0.9733440443117862,1.0,0.9958256151219862,0.9978985329175488,0.9942613291126646,0.3619297948904057
0.0,1.0,8.0,4.0,5.0,5.0,0.9355410434435919,0.9957869426939006,0.9615283425123282,0.05322968356456018,0.05290323532144528,0.9413074749902082,0.9525444458135262,0.9467277117228856,0.9094739684057429,0.9200826376967051,0.9143140245633584,0.9896630781499202,0.9985119047619048,0.9939637446159196,1.0,0.9995791245791246,0.9997884940778342,0.9924435281285957,0.42383004990485335
0.5,0.5,1.0,16.0,5.0,5.0,0.9337838346156353,0.9987153426185289,0.9615248866507047,0.04909635496011691,0.04290788627970022,0.818069265662356,0.8744357952400503,0.8441176213145014,0.7882478879759348,0.8200592878988604,0.8028534308150955,0.8550412225715934,0.9575397452887966,0.9001265358156073,1.0,0.9808791334791382,0.9902587799733791,0.9792193312141474,0.31306831527625706
0.5,0.5,1.0,32.0,5.0,5.0,0.9337201772082279,0.9987185846560847,0.9614874555331104,0.04946885389583424,0.04290788627970022,0.8260249901717781,0.8798034993869264,0.8512217613164487,0.797777910395217,0.8307880174494291,0.8129849885516546,0.8620924935630817,0.95493557862213,0.9039456673720707,1.0,0.9832504267775245,0.9915051585940481,0.9811704740113352,0.322386036930136
0.25,0.75,16.0,32.0,5.0,5.0,0.9353289898721634,0.9959798439284685,0.9614808848277799,0.052792620627497254,0.0520291094473194,0.9355180800269419,0.9389741196814057,0.9369369954228589,0.9162511365416576,0.9044988738822425,0.9098711121902544,0.9611084213057897,0.9878267973856208,0.973691125755554,1.0,0.9958458554147418,0.9979068104351456,0.9929104202007227,0.37164992236229283
0.0,1.0,16.0,32.0,5.0,5.0,0.9354688270570373,0.9957869426939006,0.9614759457163103,0.053126488148864774,0.05269684449005444,0.9386775867727407,0.9408202140068894,0.9395378057372118,0.9148328334303483,0.9101016598003003,0.9119424749949081,0.9736013663838742,0.9814671482628139,0.9771557198303241,1.0,0.9967169648171245,0.998347468680381,0.9926126129257403,0.37940335146568044
0.0,1.0,32.0,64.0,5.0,5.0,0.9354688270570373,0.9957869426939006,0.9614759457163103,0.053126488148864774,0.05269684449005444,0.9283491230794985,0.9355020780564237,0.9317189468675244,0.8971268795495222,0.9009848138175124,0.8986146342651425,0.9736013663838742,0.9814671482628139,0.9771557198303241,1.0,0.9967169648171245,0.998347468680381,0.9910905130178372,0.3900396233666119
0.0,1.0,8.0,0.5,5.0,5.0,0.935526454274591,0.9956684462212374,0.9614734308494765,0.05336323057310719,0.053170329338539296,0.909053655415852,0.9360430131716622,0.9221095046468335,0.8673317742174587,0.8939240563484668,0.8799590768540546,0.9754976930963773,0.9985119047619048,0.9865325038513455,1.0,0.9973881663096473,0.9986877555455197,0.9860347751341226,0.45245736555956445
1.0,0.0,0.5,8.0,5.0,5.0,0.9336820320094369,0.9987495866402116,0.961468980171509,0.05030848190103241,0.04263376347268268,0.8345104719010639,0.8911884573533008,0.8609542163076985,0.8139480420014298,0.83489521296779,0.8236160024816419,0.8571712531340303,0.9791083727397769,0.9112591078036719,1.0,0.9828466377082038,0.9912885255566694,0.9827411193842855,0.3165138964072602
0.5,0.5,2.0,32.0,5.0,5.0,0.9341600697049653,0.9980327690192886,0.961436686412484,0.05020729488075363,0.04512976612097366,0.8325400103964756,0.8819475313418136,0.8556295433988077,0.8052247443633491,0.8337277182339574,0.8182045496180185,0.866664252822341,0.95493557862213,0.9064702979139426,1.0,0.9843053711928671,0.9920483753350222,0.9820849430009946,0.32384802523422956
0.5,0.5,4.0,1.0,5.0,5.0,0.9351885010666382,0.9962278598014843,0.9614326828120446,0.05230001960035675,0.0510439073930384,0.959352258046462,0.9562948096859674,0.957654928294651,0.9496215486936789,0.9283721971196816,0.9385897315405504,0.9716857642844485,0.9964285714285714,0.9834997258882877,1.0,0.9968374152800407,0.9984085888595099,0.9951359673714403,0.37149969645696307
0.25,0.75,4.0,1.0,5.0,5.0,0.9351885010666382,0.9962278598014843,0.9614326828120446,0.05230001960035675,0.0510439073930384,0.959352258046462,0.9562948096859674,0.957654928294651,0.9496215486936789,0.9283721971196816,0.9385897315405504,0.9716857642844485,0.9964285714285714,0.9834997258882877,1.0,0.9968374152800407,0.9984085888595099,0.9951359673714403,0.37149969645696307
0.75,0.25,4.0,1.0,5.0,5.0,0.9351885010666382,0.9962278598014843,0.9614326828120446,0.05230001960035675,0.0510439073930384,0.9564914237902787,0.9542622893607641,0.9551926984227825,0.9469333766506681,0.9256840250766708,0.9359015594975396,0.9685291986278828,0.9964285714285714,0.9816959740845359,1.0,0.9968374152800407,0.9984085888595099,0.9948755507047736,0.37149969645696307
1.0,0.0,4.0,1.0,5.0,5.0,0.9351885010666382,0.9962278598014843,0.9614326828120446,0.05230001960035675,0.0510439073930384,0.9571858682347233,0.9556284095793433,0.9562257562740223,0.9481960029132943,0.9269466513392971,0.9371641857601659,0.9685291986278828,0.9979166666666667,0.9824535498421118,1.0,0.9968374152800407,0.9984085888595099,0.9950536133828362,0.37149969645696307
0.5,0.5,4.0,2.0,5.0,5.0,0.9351885010666382,0.9962278598014843,0.9614326828120446,0.05230001960035675,0.0510439073930384,0.9551058382840538,0.9517324488040341,0.953243787353232,0.9460363978125127,0.9212892317326021,0.9332123811008141,0.966214383813068,0.9964285714285714,0.9805054978940597,1.0,0.9962584602937907,0.9981170427109715,0.9948903266424546,0.3630310855750298
0.25,0.75,4.0,2.0,5.0,5.0,0.9351885010666382,0.9962278598014843,0.9614326828120446,0.05230001960035675,0.0510439073930384,0.9501849996019828,0.9494801965517817,0.9495685736780183,0.9398960469353198,0.9169032668203214,0.9279267310783218,0.9624549853168274,0.9964285714285714,0.9784264958150577,1.0,0.9956876840380829,0.9978277011809493,0.994394294896423,0.3607788333227775
1.0,0.0,16.0,32.0,5.0,5.0,0.9352408945494931,0.9959798439284685,0.9614267893870622,0.05322226428630757,0.05195434868176916,0.924008830527026,0.950425745634942,0.9363363267740592,0.915158489551836,0.9212527784013118,0.917495460081017,0.9333147815878079,0.9922580143168379,0.9606595330746853,1.0,0.9945843799379762,0.9972709342618016,0.9927663025419475,0.3802050405067135
0.0,1.0,8.0,8.0,5.0,5.0,0.93535503153883,0.9957869426939006,0.9614043345758203,0.052992941140317766,0.052429750472960425,0.9563751127437764,0.953093212928632,0.9545899147431968,0.9363786724340594,0.9234644993966734,0.9294891928356942,0.9848005430242273,0.9944444444444445,0.9894521068406686,1.0,0.9978294665554084,0.998908289887057,0.9949030176614019,0.37893118616087723
1.0,0.0,0.5,16.0,5.0,5.0,0.9336535603169205,0.9985015707671958,0.9613687464838258,0.05122323986074651,0.043182009086717765,0.8305865692654512,0.8902406900092575,0.8585228087604652,0.8081417729842153,0.8344888466340045,0.8205384942199375,0.8559363268146516,0.9765042060731103,0.9097095686598324,1.0,0.9829942722291317,0.9913770642491607,0.9828124063615146,0.3215038110333977
1.0,0.0,4.0,64.0,5.0,5.0,0.9342705168132972,0.997606367398034,0.9613683787104149,0.05228825613519917,0.04631918913399865,0.8708323058543681,0.915704084741151,0.8919490276150221,0.855407524003831,0.8724459535010868,0.8631457498456147,0.8887518326709607,0.9842423013112055,0.9321563733573619,1.0,0.9879125137371819,0.9938873073974709,0.9878377244127671,0.34179117980690665
0.25,0.75,8.0,16.0,5.0,5.0,0.9351077208089825,0.9959798439284685,0.9613352755087835,0.05251849782047971,0.05148086383328432,0.9418568068532945,0.9427925167506825,0.9420016397725223,0.9295876563890882,0.9107224843145222,0.9196719711262795,0.9575683210551631,0.9878267973856208,0.9716779790055652,1.0,0.9958458554147418,0.9979068104351456,0.9937848984477086,0.3596775426381535
0.5,0.5,4.0,64.0,5.0,5.0,0.9342524008712682,0.9975480107220304,0.9613344113191106,0.05107612919428366,0.04631918913399865,0.843061888451747,0.8898444227121373,0.8650393251225635,0.8148523857673063,0.8451138034651513,0.8287047405186558,0.8784293139192436,0.9570189119554632,0.9140516514465049,1.0,0.985712615056702,0.9927686508730953,0.9837487039375263,0.335384510215077
1.0,0.0,1.0,8.0,5.0,5.0,0.9336210741989687,0.9984673267455131,0.9613283457702014,0.04985476139286545,0.04290788627970022,0.8492507752243733,0.8976276172040621,0.8717857081868962,0.8298908759903298,0.8451204888010514,0.8367965995267764,0.8705354506648945,0.9791083727397769,0.9188232851926514,1.0,0.9849765392553396,0.9923741015826043,0.9847876032245004,0.3211136051998205
0.75,0.25,4.0,2.0,5.0,5.0,0.9349888482888605,0.9962278598014843,0.9613264845259927,0.052099699087536235,0.050643266367397376,0.9515005855296236,0.950545433300158,0.9507726007735182,0.9446914263588457,0.9212892317326021,0.932522005248551,0.9601958652945495,0.9939775910364146,0.9760653434539052,1.0,0.9961665316304336,0.9980689988388963,0.9945184293286157,0.3628857367378205
1.0,0.0,4.0,2.0,5.0,5.0,0.9349888482888605,0.9962278598014843,0.9613264845259927,0.052099699087536235,0.050643266367397376,0.9496325838069706,0.9509425612706752,0.9500218319862802,0.9425778997887974,0.9207402637923298,0.931208141978166,0.9584823010809852,0.9954656862745098,0.9759034457310319,1.0,0.9958830849184154,0.9979267917854263,0.994455644222478,0.3628857367378205
0.5,0.5,4.0,4.0,5.0,5.0,0.9349888482888605,0.9962278598014843,0.9613264845259927,0.052099699087536235,0.050643266367397376,0.9383514692394299,0.9406263037104857,0.9391382452158842,0.9286924927901895,0.9047683410172297,0.9162189401262131,0.9488638736994001,0.9919934640522876,0.9690355525259294,1.0,0.9950288619506895,0.9974942691810202,0.9935881560544404,0.3517310138582914
0.75,0.25,4.0,4.0,5.0,5.0,0.9349888482888605,0.9962278598014843,0.9613264845259927,0.052099699087536235,0.050643266367397376,0.9397490236077753,0.9415764726294048,0.9403671205072593,0.9303393796150949,0.9068394911146956,0.9181315742756894,0.9501927166400851,0.9919934640522876,0.9697735584363492,1.0,0.9953041299321655,0.997635330758492,0.9938285640785908,0.3539832661105436
1.0,0.0,4.0,4.0,5.0,5.0,0.9349888482888605,0.9962278598014843,0.9613264845259927,0.052099699087536235,0.050643266367397376,0.9379560079392526,0.9446863184815122,0.9409501997304316,0.929628663709913,0.9095547911126043,0.9191299312523071,0.946469825968665,0.9954656862745098,0.969403044200412,1.0,0.9947576176418697,0.9973585777062222,0.9939698621858174,0.35406448768299326
0.5,0.5,4.0,8.0,5.0,5.0,0.9349888482888605,0.9962278598014843,0.9613264845259927,0.052099699087536235,0.050643266367397376,0.9280417830137954,0.9368591918019264,0.9319891288930394,0.91599833149763,0.8981758192073165,0.9066161918588685,0.940816488078485,0.9919934640522876,0.9646284818677101,1.0,0.9938892223385428,0.9969198932849216,0.9928620152076472,0.3483750861602584
0.75,0.25,8.0,16.0,5.0,5.0,0.9350548826447312,0.9959798439284685,0.9613027814505543,0.052711399055047604,0.05148086383328432,0.9152988877778058,0.9370844613896265,0.9254393804733256,0.9053383591868243,0.9031427187542076,0.9037102906819908,0.9253154161871268,0.9867024587612824,0.9534856005322253,1.0,0.9929208832323139,0.9964274604828685,0.991305346626511,0.3610385292932578
1.0,0.0,8.0,16.0,5.0,5.0,0.9350548826447312,0.9959798439284685,0.9613027814505543,0.05298552186206515,0.05148086383328432,0.9231232505030759,0.949686369853763,0.935563908821636,0.9189244880764451,0.9204022518783002,0.9190781727227436,0.9254355080835345,0.9922580143168379,0.9562348514760907,1.0,0.9934718781996922,0.99670798338146,0.9927083211115142,0.36801047351770405
0.5,0.5,4.0,0.5,5.0,5.0,0.9350396915428286,0.9960349585669164,0.9612646720593565,0.05230001960035675,0.0510439073930384,0.9513047299118248,0.9506439168899327,0.9507742175912498,0.9400221592131349,0.9187728076391376,0.9289903420600063,0.9650674191792613,0.9964285714285714,0.9798985982740023,1.0,0.9968374152800407,0.9984085888595099,0.9940233936026165,0.3751180689277946
0.25,0.75,4.0,0.5,5.0,5.0,0.9350396915428286,0.9960349585669164,0.9612646720593565,0.05230001960035675,0.0510439073930384,0.9513047299118248,0.9506439168899327,0.9507742175912498,0.9400221592131349,0.9187728076391376,0.9289903420600063,0.9650674191792613,0.9964285714285714,0.9798985982740023,1.0,0.9968374152800407,0.9984085888595099,0.9940233936026165,0.3751180689277946
0.75,0.25,4.0,0.5,5.0,5.0,0.9350396915428286,0.9960349585669164,0.9612646720593565,0.05230001960035675,0.0510439073930384,0.9513047299118248,0.9506439168899327,0.9507742175912498,0.9400221592131349,0.9187728076391376,0.9289903420600063,0.9650674191792613,0.9964285714285714,0.9798985982740023,1.0,0.9968374152800407,0.9984085888595099,0.9940233936026165,0.3751180689277946
1.0,0.0,4.0,0.5,5.0,5.0,0.9350396915428286,0.9960349585669164,0.9612646720593565,0.05230001960035675,0.0510439073930384,0.9520208413167253,0.9520100371085118,0.9518126910907388,0.9412847854757612,0.9200354339017638,0.9302529683226326,0.9651187328081612,0.9979166666666667,0.9806556993600507,1.0,0.9968374152800407,0.9984085888595099,0.9942014562806792,0.3751180689277946
0.25,0.75,2.0,32.0,5.0,5.0,0.9339846599938953,0.9978260891251086,0.96125032826057,0.05008690022910897,0.045178328669536215,0.8108847176053566,0.8697989326970982,0.838145677698242,0.7749162910850312,0.8163747519244455,0.7939858843717632,0.856543792418153,0.948334952260474,0.8976314152664123,1.0,0.9794258871751692,0.9895127442046056,0.9769235668114237,0.31829668225878266
0.0,1.0,4.0,1.0,5.0,5.0,0.9350148899555272,0.9960349585669164,0.9612499342740329,0.05230001960035675,0.0510439073930384,0.966030863280908,0.9597235178656917,0.9627300640398063,0.9550516711331022,0.933802319559105,0.9440198539799738,0.9818753797372218,0.9964285714285714,0.988815589925082,1.0,0.997866696059082,0.9989253120082404,0.9960131219613464,0.37149969645696307
1.0,0.0,2.0,16.0,5.0,5.0,0.9342386222116562,0.9973551094874624,0.9612326997590657,0.05201413332818163,0.046678384536297496,0.8760433154557833,0.9148827294804812,0.8942365914570028,0.8612532574301106,0.8714656889913602,0.8656206483778089,0.8922253090498162,0.9826798013112055,0.9333189274215264,1.0,0.9885082085556284,0.9941873969325946,0.9883781097083876,0.337565677025563
0.75,0.25,0.5,16.0,5.0,5.0,0.9334555827340746,0.9985015707671958,0.9612322377472666,0.04988003810636055,0.04263376347268268,0.8194851224852853,0.8780547652707388,0.8467451262966158,0.7918156410538478,0.8245558237172353,0.8069773302263962,0.853226169255581,0.9599907256809534,0.9006245866854714,1.0,0.9819253638232667,0.9908193978979752,0.9805421473565099,0.3179758847113538
0.25,0.75,4.0,64.0,5.0,5.0,0.9340442408185624,0.9975893467008663,0.961201830435744,0.050383207654322644,0.04577094351996356,0.824083214162911,0.8758836238627622,0.8480345963000172,0.7906522325962285,0.8268000887990578,0.8071599746433032,0.866828314659197,0.9478141189271407,0.9033733829430887,1.0,0.9817796416801917,0.9907268178673179,0.9791023281933348,0.32504636810448906
0.25,0.75,16.0,64.0,5.0,5.0,0.9349097432261364,0.9959798439284685,0.9611987667722245,0.05224437501346216,0.05093261821924922,0.9218623932451456,0.9335016688097463,0.9272034529118413,0.904237692520199,0.8989411612820813,0.9010545981936545,0.9431273588562862,0.9810555404957682,0.9607511264278586,1.0,0.9942365571574596,0.997095762320649,0.9922471537777032,0.3578828095934205
0.5,0.5,2.0,16.0,5.0,5.0,0.9340649259030914,0.9975109143307672,0.9611668923799725,0.05022893783410456,0.04613013892226241,0.8595385677946297,0.8985260995257408,0.8777987774701309,0.8387395390358955,0.8495890993096099,0.8435384977754598,0.8832135951137499,0.9730859637761915,0.9236784722804473,1.0,0.9867652896889328,0.9932890362322357,0.9858423065066918,0.327507950500282
0.5,0.5,0.5,32.0,5.0,5.0,0.9332953263238181,0.9985015707671958,0.9611315936248833,0.05008681689044197,0.04224796100354688,0.7988481000502619,0.8654497513414748,0.8298605260996021,0.7648873464427471,0.8109896072244519,0.7864150732318941,0.8429800359900025,0.9489131696585443,0.8899558584694711,1.0,0.9789370235658142,0.9892934494741698,0.9766067222795406,0.314793079255923
0.25,0.75,4.0,4.0,5.0,5.0,0.9348152371777494,0.9959798439284685,0.9611222361599796,0.052099699087536235,0.050643266367397376,0.9443868930286824,0.9428263565646083,0.9433492133318909,0.9334136170765311,0.9069979954207971,0.9197076333730667,0.9565959564314827,0.9944444444444445,0.9743951804465331,1.0,0.995390064990464,0.9976783582896709,0.9941907449206159,0.35192040779768535
0.25,0.75,4.0,8.0,5.0,5.0,0.9348152371777494,0.9959798439284685,0.9611222361599796,0.052099699087536235,0.050643266367397376,0.9318776912812768,0.9354560628968157,0.9333364440918296,0.9188678058842105,0.8979043119757812,0.9079217300157391,0.9471830024872788,0.9878267973856208,0.9661916371820141,1.0,0.9943286664135375,0.9971426609175736,0.9927587206658272,0.34859329336982464
0.75,0.25,0.5,8.0,5.0,5.0,0.9332708795418329,0.9985241176647427,0.9611185516524997,0.04967029958730989,0.04192244017021354,0.8239808873901756,0.8836150144507288,0.8516392504027074,0.8001222814259106,0.8269364917137952,0.8126385747299189,0.8521152990345372,0.9713702775016816,0.9042443701438949,1.0,0.9807463213033206,0.9902041662419623,0.9802987032712202,0.3111265720026152
0.75,0.25,4.0,8.0,5.0,5.0,0.9347623990134982,0.9959798439284685,0.9610897421017502,0.05229260032210414,0.050643266367397376,0.9103978458130935,0.9304210659233415,0.9196746616791679,0.8991769758287497,0.8922634213806573,0.8951516768452942,0.921440514285909,0.9867024587612824,0.9514384121478275,1.0,0.9920703278014807,0.9959936166355615,0.9908231034622137,0.3506273384125107
1.0,0.0,4.0,8.0,5.0,5.0,0.9347623990134982,0.9959798439284685,0.9610897421017502,0.05229260032210414,0.050643266367397376,0.9116824036925447,0.935432767432366,0.9227740088462384,0.9028479016770948,0.8994571748737529,0.9005691579149492,0.9195764791981897,0.9881905539993775,0.951188401371501,1.0,0.9920825587212461,0.9959998620358254,0.9913511961303666,0.3525212778064501
0.0,1.0,4.0,0.5,5.0,5.0,0.9348660804317176,0.9958420573323484,0.9610819235213448,0.05230001960035675,0.0510439073930384,0.957727403127793,0.954072625069657,0.9557430635154671,0.9454522816525582,0.924202930078561,0.9344204644994297,0.9744064232551075,0.9964285714285714,0.9849748173343094,1.0,0.997866696059082,0.9989253120082404,0.9949005481925227,0.3751180689277946
0.5,0.5,16.0,64.0,5.0,5.0,0.9348284333693689,0.9957318280554525,0.9610660390263118,0.05317842309663306,0.05148086383328432,0.906262742738058,0.9315619507323277,0.9180976921951532,0.890729828512757,0.8969556814448402,0.8931584882612061,0.9238422986221161,0.9811917060731102,0.9501690468395226,1.0,0.9918812704764796,0.9958989742230732,0.9905947020797549,0.3586730735415791
0.75,0.25,16.0,64.0,5.0,5.0,0.9348284333693689,0.9957318280554525,0.9610660390263118,0.05317842309663306,0.05148086383328432,0.901856021674669,0.9328841482716306,0.9163745164905306,0.8907485061393099,0.8979493001973213,0.8937699557841938,0.9124572655265567,0.9853583727397769,0.945545645267227,1.0,0.9913105026730992,0.9956085862936298,0.990595173517678,0.35552647598708687
1.0,0.0,16.0,64.0,5.0,5.0,0.9348284333693689,0.9957318280554525,0.9610660390263118,0.05352564531885528,0.05148086383328432,0.905952243868572,0.9407907161666283,0.9223104259084686,0.8980696038351216,0.9081663778057033,0.902483566427382,0.9117470382538294,0.9889298013112056,0.9469432619874244,1.0,0.991879983295609,0.9959029281861443,0.9914799813990359,0.3621944226435136
0.0,1.0,4.0,2.0,5.0,5.0,0.934841278844416,0.9957869426939006,0.96104568590802,0.05230001960035675,0.0510439073930384,0.9510511895712197,0.9487284182749004,0.9497073051246264,0.9378264430089178,0.91633591451227,0.9266518372017449,0.9684099967405889,0.9944444444444445,0.9808486441368388,1.0,0.9961131000828248,0.9980433324273398,0.9945887009483173,0.35799184235170695
0.0,1.0,4.0,4.0,5.0,5.0,0.934841278844416,0.9957869426939006,0.96104568590802,0.05230001960035675,0.0510439073930384,0.9475959561741258,0.9443893931025418,0.9458169174820895,0.9338298086046746,0.9089558956379983,0.9209385670023175,0.9646919428223061,0.9944444444444445,0.9788434034688075,1.0,0.9958154810352058,0.9978939895360615,0.9945678995105219,0.35067662670315797
0.25,0.75,8.0,32.0,5.0,5.0,0.9346771374302746,0.9959798439284685,0.9610425458138958,0.05194651281302643,0.05033689381837777,0.9136104864154361,0.9268694396919827,0.9197684015519988,0.8933534825462764,0.8883520938381753,0.8903481512220889,0.9383950559889027,0.9810555404957682,0.9582994912623386,1.0,0.9932853576042433,0.9966157570318802,0.9914523787178678,0.3512505804756569
0.0,1.0,8.0,16.0,5.0,5.0,0.9347361321150253,0.9957869426939006,0.9610160182342128,0.05224437501346216,0.05093261821924922,0.9447316368339841,0.9436094781966107,0.9439890151079983,0.9261449745017915,0.9115362197719982,0.9183404798772298,0.9703632561145139,0.9878267973856208,0.9786125337871381,1.0,0.9961131000828248,0.9980433324273398,0.9941013548470861,0.3627693471292117
0.0,1.0,16.0,64.0,5.0,5.0,0.9347361321150253,0.9957869426939006,0.9610160182342128,0.05224437501346216,0.05093261821924922,0.9099195235120017,0.9199376762692153,0.9146284561996252,0.8801209733944115,0.8855720809793435,0.8822136480721646,0.9540683701045544,0.9674173549583953,0.9600714863324286,1.0,0.9935059631777943,0.9967304015043262,0.9893224135592219,0.3605252676792499
0.75,0.25,8.0,32.0,5.0,5.0,0.9346903336218942,0.9957318280554525,0.960986348680228,0.053025236822123255,0.051174491284264705,0.8999854691745548,0.9293896396423337,0.913727380674685,0.8879128658348009,0.8928801757733583,0.8898198826896607,0.9124572655265567,0.9853583727397769,0.945545645267227,1.0,0.991059498657035,0.9954811723364285,0.9903847358072403,0.35203196735779
1.0,0.0,8.0,32.0,5.0,5.0,0.9346903336218942,0.9957318280554525,0.960986348680228,0.053372459044345476,0.051174491284264705,0.9017620367122631,0.9364217511183487,0.9180327352083641,0.8920654630483721,0.9021622370189538,0.8964794256406324,0.9098530988598901,0.9868464679778722,0.9449591350032974,1.0,0.9916289792795449,0.9957762841017962,0.9910286959043978,0.358794449843296
0.75,0.25,2.0,16.0,5.0,5.0,0.9339070976202631,0.9972215624789155,0.9609626440139595,0.05037361376003049,0.04613013892226241,0.8655213266475018,0.9062347358471131,0.8846092847487222,0.847674109698486,0.8606999211943425,0.8534728088794757,0.8856394138683141,0.9770994441683484,0.9270601995902178,1.0,0.9873312074811705,0.9935895189750042,0.9867758337524616,0.33175183874149317
0.0,1.0,4.0,8.0,5.0,5.0,0.9346416260666383,0.9957869426939006,0.9609394876219679,0.052099699087536235,0.050643266367397376,0.9381560284415151,0.9379587246291904,0.9378665504197334,0.9217531760510683,0.9017956387545555,0.9113212469146724,0.9599261476153345,0.9878267973856208,0.973008964430034,1.0,0.9954401056598304,0.9977054525828186,0.9934678083112515,0.34859329336982464
0.25,0.75,4.0,16.0,5.0,5.0,0.9345080356986729,0.9959798439284685,0.9609252410090909,0.051709770388784,0.04986340896989292,0.8973325055848339,0.9152364395564581,0.9057655804636117,0.8775009488955389,0.8733941678879632,0.8750190318215451,0.9214560690857131,0.9754007785910063,0.9464672624915681,1.0,0.991543033686289,0.9957306218404196,0.9895293942576927,0.33842994389779557
0.5,0.5,8.0,32.0,5.0,5.0,0.934595827573507,0.9957318280554525,0.9609098180679831,0.052880560896197325,0.05088513943241285,0.9051496958933036,0.9295294304071245,0.9165304476070447,0.8906486233156242,0.8942675094018293,0.891827793167642,0.9220879126572038,0.9811917060731102,0.9491680458385217,1.0,0.9918812704764796,0.9958989742230732,0.9905947020797549,0.3545572198830425
1.0,0.0,4.0,16.0,5.0,5.0,0.934595827573507,0.9957318280554525,0.9609098180679831,0.053227783118419546,0.05088513943241285,0.8919281278377048,0.9249612039754286,0.9073699946654434,0.8788350472073501,0.8851752813223207,0.8813707240312562,0.9060652200720112,0.9868464679778722,0.9426473963543495,1.0,0.9898854749330986,0.9948812938965692,0.989544412812434,0.3465622977621042
0.0,1.0,8.0,32.0,5.0,5.0,0.9345035263191636,0.9957869426939006,0.9608597972758841,0.05194651281302643,0.05033689381837777,0.9028591946440034,0.9140034049824233,0.9080930414531183,0.8704455696998469,0.8754085190286585,0.8722816904311329,0.9509118044479887,0.9696103374145357,0.9593938606548028,1.0,0.991461739043986,0.9956904891163867,0.988439776752871,0.34803354885203813
0.5,0.5,2.0,0.5,5.0,5.0,0.9343449434425867,0.9959798439284685,0.9607886959776492,0.051577514971602116,0.04928324156987258,0.9049473616383068,0.9216439031557965,0.9127168234364018,0.8913428591368784,0.8748351138079681,0.8826072062221343,0.9194615767395372,0.9929563492063492,0.9529897401266189,1.0,0.9896754087581683,0.9947689229984596,0.988664630512993,0.3320108866028038
0.25,0.75,2.0,0.5,5.0,5.0,0.9343449434425867,0.9959798439284685,0.9607886959776492,0.051577514971602116,0.04928324156987258,0.9049473616383068,0.9216439031557965,0.9127168234364018,0.8913428591368784,0.8748351138079681,0.8826072062221343,0.9194615767395372,0.9929563492063492,0.9529897401266189,1.0,0.9896754087581683,0.9947689229984596,0.988664630512993,0.3320108866028038
0.75,0.25,2.0,0.5,5.0,5.0,0.9343449434425867,0.9959798439284685,0.9607886959776492,0.051577514971602116,0.04928324156987258,0.9022165653028593,0.9196113828305933,0.910312528385048,0.8886546870938677,0.8721469417649573,0.8799190341791236,0.9167906365685972,0.9929563492063492,0.9513428363058022,1.0,0.9896754087581683,0.9947689229984596,0.9884042138463264,0.3320108866028038
1.0,0.0,2.0,0.5,5.0,5.0,0.9343449434425867,0.9959798439284685,0.9607886959776492,0.051577514971602116,0.04928324156987258,0.90634435103786,0.9235229483106105,0.9143458136880418,0.8957971905599006,0.8781053352233509,0.8864276290067631,0.9173616664159426,0.9934815592903828,0.9522220092244487,1.0,0.9902393956326555,0.9950587003627507,0.9892417772724794,0.33494695686424175
0.5,0.5,2.0,1.0,5.0,5.0,0.9343449434425867,0.9959798439284685,0.9607886959776492,0.051577514971602116,0.04928324156987258,0.9031855575509212,0.9206022364891299,0.9112825147731775,0.8913428591368784,0.8748351138079681,0.8826072062221343,0.9155142083184846,0.9905053688141923,0.9496739243108031,1.0,0.9896754087581683,0.9947689229984596,0.988664630512993,0.3320108866028038
0.25,0.75,2.0,1.0,5.0,5.0,0.9343449434425867,0.9959798439284685,0.9607886959776492,0.051577514971602116,0.04928324156987258,0.9049473616383068,0.9216439031557965,0.9127168234364018,0.8913428591368784,0.8748351138079681,0.8826072062221343,0.9194615767395372,0.9929563492063492,0.9529897401266189,1.0,0.9896754087581683,0.9947689229984596,0.988664630512993,0.3320108866028038
0.75,0.25,2.0,1.0,5.0,5.0,0.9343449434425867,0.9959798439284685,0.9607886959776492,0.051577514971602116,0.04928324156987258,0.9038168706822344,0.9212241270363936,0.9119090811892177,0.8925683493329569,0.8759925212153755,0.8837976824126105,0.9155142083184846,0.9905053688141923,0.9496739243108031,1.0,0.9898766970029347,0.9948707938793327,0.9888312971796597,0.3320108866028038
1.0,0.0,2.0,1.0,5.0,5.0,0.9343449434425867,0.9959798439284685,0.9607886959776492,0.051577514971602116,0.04928324156987258,0.9072301469817955,0.9252083669350154,0.9156368936191427,0.8964993903483968,0.8801393204708704,0.8878103030051454,0.9183190423733186,0.9934815592903828,0.9529494395648165,1.0,0.9901572371654038,0.9950173901692398,0.9894280128216124,0.33494695686424175
0.5,0.5,2.0,2.0,5.0,5.0,0.9343449434425867,0.9959798439284685,0.9607886959776492,0.051577514971602116,0.04928324156987258,0.9012848860600626,0.9182226144631284,0.9091507886372495,0.8891119984822337,0.8714927549694663,0.8798518667537749,0.9142862695905459,0.9905053688141923,0.9489112988132891,1.0,0.9898525738785077,0.9948582170590831,0.988804910179773,0.3299783662776006
0.75,0.25,2.0,2.0,5.0,5.0,0.9343449434425867,0.9959798439284685,0.9607886959776492,0.051577514971602116,0.04928324156987258,0.9012499738393603,0.9189530514549982,0.9095191420215912,0.8883987763654299,0.8718661121976622,0.8797217250913753,0.9145266542059306,0.9905053688141923,0.9492172064655234,1.0,0.9901480821527393,0.9950118384426067,0.9890701197912249,0.3320108866028038
1.0,0.0,2.0,2.0,5.0,5.0,0.9343449434425867,0.9959798439284685,0.9607886959776492,0.051577514971602116,0.04928324156987258,0.9051338815090056,0.9247971827244891,0.9143509665285107,0.893414751389145,0.879132879247038,0.8858174070061019,0.9169004446311915,0.9934815592903828,0.9521577149132475,1.0,0.9904165607529949,0.995152276711829,0.9898986078189681,0.33494695686424175
0.75,0.25,4.0,16.0,5.0,5.0,0.9343978499906611,0.9957318280554525,0.960773309331424,0.052332315282162235,0.05033689381837777,0.8943586833932603,0.9246915749849194,0.9084736889509558,0.881044643166946,0.885724249262593,0.8827676722367149,0.9086693867386778,0.9853583727397769,0.9432339066182792,1.0,0.9901708630609526,0.9950244783181041,0.9896128984578428,0.3465622977621042
0.5,0.5,8.0,64.0,5.0,5.0,0.9342159123498419,0.995911425756602,0.9607579392154464,0.0522162048977896,0.049556427435597405,0.8720962553297293,0.9083724857278553,0.8890639376736759,0.8520310777981193,0.8664970177800284,0.8584576493321113,0.896083364233519,0.97196989234762,0.9305136161493949,1.0,0.9887890135836855,0.9943265868174499,0.9874669988156791,0.34371747276069203
0.0,1.0,4.0,16.0,5.0,5.0,0.9343344245875618,0.9957869426939006,0.9607424924710792,0.051709770388784,0.04986340896989292,0.8933790016923958,0.9086437295979392,0.9005731099654182,0.8671562045280695,0.866497403262704,0.8662965407568689,0.9283114753974308,0.9704988178066926,0.9476469181955153,1.0,0.9902583228949178,0.9950732664854578,0.9874370469596454,0.3317642970872849
0.5,0.5,2.0,4.0,5.0,5.0,0.934206843695112,0.9959798439284685,0.9607090056315654,0.05142432869709231,0.04897686902085297,0.8895020109006632,0.9125696673086567,0.9003142726006796,0.8760910398040532,0.8641749532968258,0.8697105091248906,0.9033190607373077,0.9863387021475257,0.9410034823682089,1.0,0.9889761692021904,0.9944174135899292,0.9880485646967946,0.325752863496257
0.5,0.5,0.5,64.0,5.0,5.0,0.932945374940006,0.9978143843123463,0.9606585840352481,0.051480281957999204,0.04279620661758197,0.8005539807926892,0.8670743972025865,0.8313212019669981,0.7659885964940288,0.8141155688271023,0.7880383297919207,0.8443470312111083,0.9468298363252111,0.8898804587230188,1.0,0.9797157129091053,0.989689406848432,0.9774131179954337,0.32446937026346934
0.5,0.5,4.0,16.0,5.0,5.0,0.9342287482590593,0.9957318280554525,0.9606560045266193,0.052095572857919804,0.04986340896989292,0.8979350376859506,0.9235875846551829,0.9099050585451202,0.8837334449366301,0.8847967680762493,0.8836906752512119,0.9143041473633579,0.9811917060731102,0.9447544971115098,1.0,0.9905900583908641,0.9952412312595408,0.989489531397024,0.3453185166675768
0.5,0.5,0.5,16.0,5.0,5.0,0.9328360969331371,0.998028085918711,0.960655359952895,0.049631614312500905,0.04192244017021354,0.8096253723394304,0.8714389367744418,0.8383647795344876,0.7794245963813452,0.8170495591031276,0.7969147471079672,0.8482764808561938,0.9554564119554633,0.8954651531369833,1.0,0.9799295327182062,0.9897808940646838,0.9781854246050502,0.31152510539971384
0.5,0.5,4.0,32.0,5.0,5.0,0.9340672680403679,0.995911425756602,0.9606176362994082,0.0519035182191755,0.04893105407836921,0.8663307932582823,0.9015262066724246,0.8827831312289969,0.847263243573532,0.8559089946920054,0.8509757860602231,0.8877319933821481,0.9704817971095249,0.9251118707533195,1.0,0.9882309469516914,0.9940400285286768,0.9868101862396318,0.3321420445750704
0.25,0.75,2.0,64.0,5.0,5.0,0.9329353955329253,0.9977458260240123,0.9606153696739708,0.04945201661135148,0.04258236544636689,0.7967747920867502,0.8628469927742531,0.8273862811526206,0.7556304982819674,0.8118562283955053,0.7813852762057633,0.8519694777161598,0.9374057450512746,0.8902917218669456,1.0,0.9775737318971598,0.9885854203472836,0.9745471343555709,0.31993066918688723
1.0,0.0,8.0,64.0,5.0,5.0,0.9341028526664696,0.9957556209132972,0.9606137084462155,0.05330847885190566,0.04926707558374555,0.8892018196455926,0.9303971774781982,0.9085613779479066,0.8765879119881417,0.893821891271014,0.884464621612688,0.9023784422728024,0.9868464679778722,0.9407227172142728,1.0,0.9896484654338461,0.9947698650198014,0.9895822018136409,0.35283546979895014
0.0,1.0,2.0,0.5,5.0,5.0,0.9341713323314756,0.9957869426939006,0.9606059474396375,0.051577514971602116,0.04928324156987258,0.9076091083262288,0.9228796288793806,0.9147812267761563,0.8926790537442423,0.8766420478415945,0.8841774223733602,0.9253805019483652,0.9929563492063492,0.956508740042251,1.0,0.9907046895372096,0.9952933567957972,0.9890486884559563,0.3320108866028038
0.25,0.75,2.0,2.0,5.0,5.0,0.9341769326898985,0.9957318280554525,0.9605883754648286,0.051577514971602116,0.04928324156987258,0.8964373466717435,0.9163767337077863,0.9057485247593834,0.8837747384135158,0.8685237533591602,0.8756606283078145,0.9102391014808777,0.9905053688141923,0.9466829344684808,1.0,0.988799004081851,0.9943238372408508,0.9878972488561883,0.3277853838214602
0.5,0.5,32.0,0.0,5.0,5.0,0.9354525972568081,0.9935137680645211,0.9605861647896248,0.057633722866364305,0.057633722866364305,0.6270864154666619,0.765301371465542,0.6885945458538294,0.4724384484157638,0.6145115459848431,0.5334355362804618,0.9163484205897064,0.9979166666666667,0.95322757277216,1.0,0.9843366864852494,0.992069442361725,0.9323957875321094,0.8009387971567804
0.25,0.75,32.0,0.0,5.0,5.0,0.9354525972568081,0.9935137680645211,0.9605861647896248,0.057633722866364305,0.057633722866364305,0.6270864154666619,0.765301371465542,0.6885945458538294,0.4724384484157638,0.6145115459848431,0.5334355362804618,0.9163484205897064,0.9979166666666667,0.95322757277216,1.0,0.9843366864852494,0.992069442361725,0.9323957875321094,0.8009387971567804
0.75,0.25,32.0,0.0,5.0,5.0,0.9354525972568081,0.9935137680645211,0.9605861647896248,0.057633722866364305,0.057633722866364305,0.6270864154666619,0.765301371465542,0.6885945458538294,0.4724384484157638,0.6145115459848431,0.5334355362804618,0.9163484205897064,0.9979166666666667,0.95322757277216,1.0,0.9843366864852494,0.992069442361725,0.9323957875321094,0.8009387971567804
0.0,1.0,32.0,0.0,5.0,5.0,0.9354525972568081,0.9935137680645211,0.9605861647896248,0.057633722866364305,0.057633722866364305,0.6270864154666619,0.765301371465542,0.6885945458538294,0.4724384484157638,0.6145115459848431,0.5334355362804618,0.9163484205897064,0.9979166666666667,0.95322757277216,1.0,0.9843366864852494,0.992069442361725,0.9323957875321094,0.8009387971567804
1.0,0.0,32.0,0.0,5.0,5.0,0.9354525972568081,0.9935137680645211,0.9605861647896248,0.057633722866364305,0.057633722866364305,0.6270864154666619,0.765301371465542,0.6885945458538294,0.4724384484157638,0.6145115459848431,0.5334355362804618,0.9163484205897064,0.9979166666666667,0.95322757277216,1.0,0.9843366864852494,0.992069442361725,0.9323957875321094,0.8009387971567804
0.25,0.75,2.0,16.0,5.0,5.0,0.9335608936450269,0.9967668667117197,0.960565930841511,0.05038676611693283,0.04613013892226241,0.83409369435315,0.8802443815876684,0.8555276811001676,0.8019464699029736,0.8278339775848367,0.8138118386019051,0.8742140728162148,0.9579287897954881,0.911556528934875,1.0,0.982796194086418,0.9912463184359007,0.9803136578335706,0.31757946914402857
0.75,0.25,8.0,64.0,5.0,5.0,0.9340531519331753,0.9956220739047502,0.9605496058821131,0.05236088082371553,0.049556427435597405,0.8835394124648596,0.9199567647745939,0.9005648971294872,0.8681284284380809,0.88020347139784,0.873422794494794,0.9015169134507474,0.9827542060731101,0.9382700047125406,1.0,0.98900403439392,0.9944370540649663,0.9886210645573228,0.3445781707779772
1.0,0.0,4.0,32.0,5.0,5.0,0.9340429867660865,0.9957556209132972,0.9605469349419421,0.053140468099217485,0.04893105407836921,0.8819228531755791,0.9201244924244264,0.8998228652394791,0.8674136516953436,0.8777770494401681,0.8718549197115998,0.8979953253896856,0.9868464679778722,0.9383668868545665,1.0,0.9887935966834823,0.9943315688328987,0.9888697560710745,0.34179117980690665
0.0,1.0,8.0,64.0,5.0,5.0,0.9338794503233202,0.9959665403950501,0.9605392812569423,0.050913825549110024,0.048271519290544955,0.8472340798902879,0.8780944672325305,0.861730499736908,0.8058436353927152,0.8371483727072743,0.8200424232716349,0.9102753022625735,0.934232525082389,0.9204337177128233,1.0,0.9850737084110971,0.9924154133961866,0.9802722735195859,0.3344497516249698
0.25,0.75,2.0,4.0,5.0,5.0,0.9340388329424237,0.9957318280554525,0.9605086851187448,0.05142432869709231,0.04897686902085297,0.8929437464609,0.9109483311939798,0.9013501895786273,0.8800373813431004,0.863837308499153,0.871498947467487,0.9071366483784247,0.982172035480859,0.9412180064425772,1.0,0.9895671857506537,0.9947150326375481,0.9880681657778703,0.325752863496257
1.0,0.0,0.5,4.0,5.0,5.0,0.932736993923878,0.9977768280081393,0.960496250189986,0.05001752180953212,0.04192244017021354,0.8207867843170119,0.8827820572185056,0.8492555261722458,0.7980784337981969,0.8230204054556776,0.8095167830926564,0.8469044320336093,0.9770250394064436,0.9031971889109552,1.0,0.9795886812758176,0.9896038066259801,0.9792714983452626,0.3070396501525354
0.75,0.25,2.0,4.0,5.0,5.0,0.9339803944197497,0.9957318280554525,0.9604722632073228,0.051617229931660215,0.04897686902085297,0.8861910887556123,0.9152471824739012,0.899663441742875,0.8710356564929228,0.8678847291840212,0.8689349505012802,0.902797100864535,0.9875291783380019,0.9407781627340719,1.0,0.9883299109831108,0.9940760648836956,0.9877011094420262,0.3330352509134326
1.0,0.0,2.0,4.0,5.0,5.0,0.9339803944197497,0.9957318280554525,0.9604722632073228,0.051617229931660215,0.04897686902085297,0.8955452278624132,0.9241450389732312,0.9088532466245055,0.8828432011771165,0.8823852925296931,0.8819953249224003,0.9091169962469304,0.9881905539993775,0.944941469009008,1.0,0.9894646741133059,0.9946565728112976,0.9891322630386926,0.3404165558832631
0.75,0.25,1.0,8.0,5.0,5.0,0.9328154841796689,0.997532497685684,0.9604638046096078,0.04908800827208273,0.04290788627970022,0.8433414279741077,0.8924787816569749,0.8661040691662217,0.8227833865298991,0.8376864008982134,0.8294300563312261,0.8658914342141251,0.9776202775016817,0.9152320707149287,1.0,0.9836405393173228,0.9916878438816327,0.9832688358069599,0.3165138964072602
1.0,0.0,2.0,8.0,5.0,5.0,0.9339684968067282,0.9957318280554525,0.9604436970022862,0.051989342635762166,0.048956504081133195,0.8818568306349781,0.917739105628074,0.8986286590102054,0.8677624003049617,0.8737412800398153,0.8700879639222799,0.8968007534619377,0.9868464679778722,0.9374467966645025,1.0,0.9887600906555405,0.9943093712957652,0.9885993251022861,0.33852320595069746
0.25,0.75,2.0,8.0,5.0,5.0,0.9339789670420405,0.9957318280554525,0.9604419116144712,0.05125631794440414,0.04864084751547663,0.8713342372799667,0.8977035924118678,0.8837507836901192,0.8506111130759835,0.8456121627574541,0.8477005355149108,0.8949673549131753,0.9754007785910063,0.9316315302679427,1.0,0.9874293793281786,0.9936299342189425,0.9860723651404522,0.3183718442279528
0.25,0.75,8.0,64.0,5.0,5.0,0.9338443236558848,0.9956634098835861,0.9604171821128742,0.05166795928375451,0.04900818182156232,0.8579173727283399,0.8929075857817935,0.8742430298975057,0.8276819092740596,0.8484753137379483,0.8371498714109208,0.8955827695910901,0.9574079564621547,0.9235398730651476,1.0,0.9871286368140174,0.9934782931535899,0.9843972365491925,0.33457959975385365
0.75,0.25,4.0,32.0,5.0,5.0,0.9339094397575396,0.9956220739047502,0.9604133879333951,0.05204819414510142,0.04893105407836921,0.8791262430834673,0.9157483962856544,0.8962246557857639,0.8632481524640548,0.873002841914602,0.8673679265860902,0.8974153675293485,0.9827542060731101,0.9360870743073203,1.0,0.9887186462660661,0.994292882164662,0.9883745162338514,0.33959819735076624
0.0,1.0,2.0,1.0,5.0,5.0,0.9340033215787874,0.9955389268208846,0.9604056269268169,0.051577514971602116,0.04928324156987258,0.9123139527240557,0.9258442162737927,0.9186119192906569,0.8977690158654545,0.8815278625100178,0.8891631773591153,0.9296315724358487,0.9929563492063492,0.9587337281074491,1.0,0.9909151272476473,0.9953988420278649,0.9897245336409108,0.3320108866028038
0.0,1.0,2.0,2.0,5.0,5.0,0.9340033215787874,0.9955389268208846,0.9604056269268169,0.051577514971602116,0.04928324156987258,0.9011156018327222,0.9177983280663725,0.9089579336034656,0.8863315565953339,0.871265703755573,0.8783090467973235,0.9184360575039209,0.9887896825396826,0.9507367342702452,1.0,0.9898282848608924,0.9948504236529776,0.9885293054068787,0.325752863496257
0.25,0.75,1.0,32.0,5.0,5.0,0.932670801058772,0.9975288121351235,0.9603601518881267,0.04945201661135148,0.04230824263934935,0.7880048633831856,0.8584996576342351,0.8205271116754623,0.7455676992389052,0.8055265997698616,0.7730666725367379,0.8457969678429921,0.9379265783846079,0.8861897200675752,1.0,0.9754356739463829,0.9874627275392062,0.972764129588756,0.3147209520570362
0.25,0.75,4.0,32.0,5.0,5.0,0.9337844577555017,0.9956634098835861,0.9603504086086007,0.05149994853106634,0.04867216031618598,0.8457084805980205,0.8864249408388466,0.8646244373985246,0.8141839044230168,0.8381150143151488,0.8250370293602786,0.8852472717555923,0.9574079564621547,0.9177963559844212,1.0,0.9847701224084017,0.9922694852914197,0.9824114816345441,0.3265083564085826
0.0,1.0,2.0,4.0,5.0,5.0,0.9338652218313127,0.9955389268208846,0.9603259365807331,0.05142432869709231,0.04897686902085297,0.8977395797067,0.9122072118318271,0.9045210407432913,0.8804717711178015,0.8654138204631123,0.8725175119854681,0.9189312050578918,0.982172035480859,0.9476591874620482,1.0,0.9902760485074138,0.9950747407174861,0.9884439200899613,0.3245090824017296
0.5,0.5,16.0,0.0,5.0,5.0,0.9346015985096737,0.9940718682319963,0.9602884489602054,0.05429671067325396,0.05429671067325396,0.6270864154666619,0.765301371465542,0.6885945458538294,0.4724384484157638,0.6145115459848431,0.5334355362804618,0.9163484205897064,0.9979166666666667,0.95322757277216,1.0,0.9843366864852494,0.992069442361725,0.9323957875321094,0.8009387971567804
0.25,0.75,16.0,0.0,5.0,5.0,0.9346015985096737,0.9940718682319963,0.9602884489602054,0.05429671067325396,0.05429671067325396,0.6270864154666619,0.765301371465542,0.6885945458538294,0.4724384484157638,0.6145115459848431,0.5334355362804618,0.9163484205897064,0.9979166666666667,0.95322757277216,1.0,0.9843366864852494,0.992069442361725,0.9323957875321094,0.8009387971567804
0.75,0.25,16.0,0.0,5.0,5.0,0.9346015985096737,0.9940718682319963,0.9602884489602054,0.05429671067325396,0.05429671067325396,0.6270864154666619,0.765301371465542,0.6885945458538294,0.4724384484157638,0.6145115459848431,0.5334355362804618,0.9163484205897064,0.9979166666666667,0.95322757277216,1.0,0.9843366864852494,0.992069442361725,0.9323957875321094,0.8009387971567804
0.0,1.0,16.0,0.0,5.0,5.0,0.9346015985096737,0.9940718682319963,0.9602884489602054,0.05429671067325396,0.05429671067325396,0.6270864154666619,0.765301371465542,0.6885945458538294,0.4724384484157638,0.6145115459848431,0.5334355362804618,0.9163484205897064,0.9979166666666667,0.95322757277216,1.0,0.9843366864852494,0.992069442361725,0.9323957875321094,0.8009387971567804
1.0,0.0,16.0,0.0,5.0,5.0,0.9346015985096737,0.9940718682319963,0.9602884489602054,0.05429671067325396,0.05429671067325396,0.6270864154666619,0.765301371465542,0.6885945458538294,0.4724384484157638,0.6145115459848431,0.5334355362804618,0.9163484205897064,0.9979166666666667,0.95322757277216,1.0,0.9843366864852494,0.992069442361725,0.9323957875321094,0.8009387971567804
0.0,1.0,4.0,32.0,5.0,5.0,0.9336106331190193,0.995718524522034,0.9602682593866557,0.050913825549110024,0.04795586272488839,0.8324416610806894,0.872126727302625,0.8510050255444123,0.7954696635421384,0.8238298422997329,0.8082875327564989,0.8838450447181855,0.9432469481593121,0.910789559683288,1.0,0.9820329535166931,0.9908524281590564,0.9779102495511692,0.31630820703576407
0.0,1.0,2.0,8.0,5.0,5.0,0.9338053559309295,0.9955389268208846,0.9602591630764595,0.05125631794440414,0.04864084751547663,0.864054334499897,0.8915028396101837,0.8769279997148977,0.8354460590578433,0.8385931438432738,0.8363776801816561,0.9007463029967321,0.9704988178066926,0.9321764649717799,1.0,0.9853839667117938,0.9925617611193288,0.9829364907390511,0.31209815457427686
0.5,0.5,0.5,8.0,5.0,5.0,0.9325728243261145,0.9973738022144886,0.9602497834076539,0.049476129265672464,0.04148841239243577,0.8022758188375648,0.8668284004875136,0.8319966230746956,0.7701515592178415,0.8074241227045221,0.7873841882003306,0.8427379599587334,0.9577712267702779,0.8925623634463641,1.0,0.9775947107441665,0.98856798775553,0.9764714401562485,0.3039802732097397
0.5,0.5,1.0,8.0,5.0,5.0,0.9325140830718163,0.997348364689051,0.9601918193036324,0.04910609276282346,0.04258236544636689,0.8316352633238816,0.882857519587819,0.855259460856031,0.8069601805815135,0.8233584663665439,0.8144724015461935,0.8597374843686175,0.973317445257673,0.9092943261220632,1.0,0.981679656231191,0.9906603060534716,0.9810850270598538,0.30892212363006544
0.5,0.5,2.0,8.0,5.0,5.0,0.9336940792440042,0.9954838121824366,0.9601687472788069,0.051642120413539945,0.04864084751547663,0.8742367749780894,0.9059026245076741,0.8888940936071378,0.8575684174060205,0.8577817043120762,0.857086245357168,0.89234999588618,0.9778517589831631,0.9306014567240325,1.0,0.9878432346104904,0.993828016250676,0.9869766060042875,0.32623161263303174
0.75,0.25,2.0,8.0,5.0,5.0,0.9336940792440042,0.9954838121824366,0.9601687472788069,0.051642120413539945,0.04864084751547663,0.8701088975136714,0.9057628337428832,0.8866612132717814,0.8535347362742156,0.8585873531397454,0.855441540781792,0.8878721820333663,0.9797036108350151,0.92871054417825,1.0,0.9875922390467538,0.9936993622508149,0.9870146556047888,0.328483864885284
1.0,0.0,1.0,4.0,5.0,5.0,0.9328966622453286,0.9966068222808419,0.9601007619789228,0.05042577576329701,0.04486267210387965,0.8473764165684168,0.8924433437078946,0.8681746034710351,0.8291660494055287,0.8369428543213336,0.8323851207255207,0.8665060522392812,0.9791083727397769,0.9158292730368549,1.0,0.9846269372984153,0.9921824869117838,0.9840188896574588,0.3158637381078482
0.25,0.75,1.0,16.0,5.0,5.0,0.9323830356062098,0.9972648978087091,0.9600701485263355,0.04943996028419098,0.04230824263934935,0.7996507010551039,0.8609534914964742,0.8278010023715102,0.7657001386122997,0.8038281920818705,0.7833363723834856,0.8422114388626958,0.9462516189271408,0.8874786934778567,1.0,0.9777070633688671,0.9886149849870941,0.9752163401222865,0.3039802732097397
0.5,0.5,8.0,0.0,5.0,5.0,0.9341504828790882,0.9940718682319963,0.9600006973510338,0.05336323057310719,0.053170329338539296,0.9007657348964121,0.9322227796415969,0.9159158129937176,0.8600365418125772,0.8864971857071083,0.8726009035334509,0.9631159147727343,1.0,0.9804977769246358,1.0,0.9952229603933788,0.9975956747214264,0.984343734356536,0.45245736555956445
0.25,0.75,8.0,0.0,5.0,5.0,0.9341504828790882,0.9940718682319963,0.9600006973510338,0.05336323057310719,0.053170329338539296,0.9007657348964121,0.9322227796415969,0.9159158129937176,0.8600365418125772,0.8864971857071083,0.8726009035334509,0.9631159147727343,1.0,0.9804977769246358,1.0,0.9952229603933788,0.9975956747214264,0.984343734356536,0.45245736555956445
0.75,0.25,8.0,0.0,5.0,5.0,0.9341504828790882,0.9940718682319963,0.9600006973510338,0.05336323057310719,0.053170329338539296,0.9007657348964121,0.9322227796415969,0.9159158129937176,0.8600365418125772,0.8864971857071083,0.8726009035334509,0.9631159147727343,1.0,0.9804977769246358,1.0,0.9952229603933788,0.9975956747214264,0.984343734356536,0.45245736555956445
0.0,1.0,8.0,0.0,5.0,5.0,0.9341504828790882,0.9940718682319963,0.9600006973510338,0.05336323057310719,0.053170329338539296,0.9007657348964121,0.9322227796415969,0.9159158129937176,0.8600365418125772,0.8864971857071083,0.8726009035334509,0.9631159147727343,1.0,0.9804977769246358,1.0,0.9952229603933788,0.9975956747214264,0.984343734356536,0.45245736555956445
1.0,0.0,8.0,0.0,5.0,5.0,0.9341504828790882,0.9940718682319963,0.9600006973510338,0.05336323057310719,0.053170329338539296,0.9007657348964121,0.9322227796415969,0.9159158129937176,0.8600365418125772,0.8864971857071083,0.8726009035334509,0.9631159147727343,1.0,0.9804977769246358,1.0,0.9952229603933788,0.9975956747214264,0.984343734356536,0.45245736555956445
0.25,0.75,0.5,16.0,5.0,5.0,0.9321836146340856,0.9968777704684567,0.9598165001029083,0.04966903050024036,0.04148841239243577,0.7846174913055936,0.8540015515736289,0.816477100626659,0.745537369524651,0.7981191923624541,0.7697262791226347,0.83659821012353,0.9379265783846079,0.8804386058560305,1.0,0.9752510433565583,0.9873625957633668,0.9725889036503695,0.3039802732097397
0.5,0.5,4.0,0.0,5.0,5.0,0.9336097402220226,0.9944190904542185,0.9597523158496216,0.05230001960035675,0.0510439073930384,0.9496183828610194,0.9502070030138111,0.9496837736671928,0.9380975610833499,0.9168482095093525,0.9270657439302213,0.9637538939433222,0.9979166666666667,0.979865037553477,1.0,0.9961369376920111,0.9980535077501732,0.9935818922255901,0.3751180689277946
0.25,0.75,4.0,0.0,5.0,5.0,0.9336097402220226,0.9944190904542185,0.9597523158496216,0.05230001960035675,0.0510439073930384,0.9496183828610194,0.9502070030138111,0.9496837736671928,0.9380975610833499,0.9168482095093525,0.9270657439302213,0.9637538939433222,0.9979166666666667,0.979865037553477,1.0,0.9961369376920111,0.9980535077501732,0.9935818922255901,0.3751180689277946
0.75,0.25,4.0,0.0,5.0,5.0,0.9336097402220226,0.9944190904542185,0.9597523158496216,0.05230001960035675,0.0510439073930384,0.9496183828610194,0.9502070030138111,0.9496837736671928,0.9380975610833499,0.9168482095093525,0.9270657439302213,0.9637538939433222,0.9979166666666667,0.979865037553477,1.0,0.9961369376920111,0.9980535077501732,0.9935818922255901,0.3751180689277946
0.0,1.0,4.0,0.0,5.0,5.0,0.9336097402220226,0.9944190904542185,0.9597523158496216,0.05230001960035675,0.0510439073930384,0.9496183828610194,0.9502070030138111,0.9496837736671928,0.9380975610833499,0.9168482095093525,0.9270657439302213,0.9637538939433222,0.9979166666666667,0.979865037553477,1.0,0.9961369376920111,0.9980535077501732,0.9935818922255901,0.3751180689277946
1.0,0.0,4.0,0.0,5.0,5.0,0.9336097402220226,0.9944190904542185,0.9597523158496216,0.05230001960035675,0.0510439073930384,0.9496183828610194,0.9502070030138111,0.9496837736671928,0.9380975610833499,0.9168482095093525,0.9270657439302213,0.9637538939433222,0.9979166666666667,0.979865037553477,1.0,0.9961369376920111,0.9980535077501732,0.9935818922255901,0.3751180689277946
0.0,1.0,2.0,16.0,5.0,5.0,0.9325389043811808,0.9959955508362371,0.9596418477643777,0.05012616396830985,0.04507845622995472,0.8201823921335644,0.8652932908392962,0.8409517228824722,0.7829163634888384,0.8147407040731472,0.7971990569621408,0.8718050014281422,0.9411636148259787,0.9023664786992315,1.0,0.9799559525035219,0.9897663635816222,0.9753544094356804,0.3104437628204974
0.75,0.25,0.5,4.0,5.0,5.0,0.9319314039045782,0.9968419989483103,0.9596317090293921,0.04925076868874939,0.04192244017021354,0.8150770400004158,0.8800498167813471,0.8448201858957813,0.7902320745586487,0.8171511513545155,0.8025585866346132,0.8436225989241901,0.9778517589831631,0.9014758672251011,1.0,0.9777426437810804,0.9886435423082265,0.9778115362301799,0.3017872907535994
0.75,0.25,1.0,4.0,5.0,5.0,0.9324237216323018,0.9961333374323571,0.9596176360362381,0.05024131395774145,0.04453715127054631,0.8419137330909838,0.8891183394199595,0.8636704424648189,0.8211249613612438,0.8298976052375643,0.8248659855837692,0.8638282903037862,0.9799350923164964,0.914571146422153,1.0,0.983070917125473,0.9913914787388989,0.9825313672271226,0.31055611055817
0.75,0.25,1.0,2.0,5.0,5.0,0.9324736318313853,0.9959404361977892,0.9595561260199325,0.05038583870715126,0.044896346672845165,0.8432991567605783,0.8865671557001402,0.8630288873942181,0.822219968468349,0.8246565325108676,0.8226086557128197,0.8658049768117225,0.9812791783380019,0.9160385866062465,1.0,0.9820071415453757,0.990820609973729,0.981225230153781,0.3055234830862829
1.0,0.0,1.0,2.0,5.0,5.0,0.9324736318313853,0.9959404361977892,0.9595561260199325,0.05038583870715126,0.044896346672845165,0.8486021041473117,0.8918680314978569,0.8683795031524032,0.8297562415522227,0.8323608865145636,0.8303264337728358,0.8680225963569285,0.9827672735760972,0.9180326253411333,1.0,0.9832074523669889,0.9914499093930664,0.9827165775502489,0.30852359023296677
0.25,0.75,1.0,8.0,5.0,5.0,0.9319239677643295,0.9966353190541303,0.9595435197567822,0.04926392104565175,0.04230824263934935,0.8211213443016061,0.8715306415192274,0.8442239192134643,0.7896686467311875,0.8140226694186898,0.8008128250229377,0.8593646717667026,0.9579287897954881,0.9018762227738826,1.0,0.980541272091581,0.9900681920309998,0.9783939271668691,0.3055234830862829
0.5,0.5,1.0,4.0,5.0,5.0,0.9322609612156351,0.9958853215593412,0.9594210951557348,0.05039914224056974,0.04453715127054631,0.8379403003111,0.8850424961769154,0.8594838479897483,0.8159817510406154,0.824881038107296,0.8196058853239901,0.8621219410974369,0.9757684256498299,0.9113733444410044,1.0,0.9815204651727553,0.9905715638334852,0.980745824755258,0.3055234830862829
0.0,1.0,2.0,32.0,5.0,5.0,0.9321392058434798,0.995963017102723,0.9593949875729684,0.05027177735295802,0.04412664597722851,0.788413303402192,0.8475950515861804,0.815399185828685,0.7422710906376833,0.8000678165280392,0.7680324832998741,0.8584274501152193,0.9181741086321381,0.8836588728383049,1.0,0.9749787815602892,0.9871764598340874,0.968444775771028,0.3103953694794211
0.0,1.0,4.0,64.0,5.0,5.0,0.9321850754458009,0.9957262746784806,0.959339597477446,0.0505680847781717,0.04471926082765587,0.7891680922546845,0.8486080889364271,0.8162946765981948,0.7426150567074558,0.8033382712477691,0.769701393589474,0.8604965364234362,0.915202294906648,0.8837772705176782,1.0,0.9752740043192801,0.9873430441776518,0.96840584200866,0.31586128029758914
0.25,0.75,1.0,64.0,5.0,5.0,0.9317327810231132,0.9963687249369994,0.9593374184847013,0.05117876252784765,0.04148841239243577,0.78036482681438,0.8550853735462828,0.8148895778795677,0.7371146892717481,0.8036330750315092,0.7673247082940339,0.8414010713356604,0.9323462212417507,0.8815805555526245,1.0,0.9746353135445732,0.9870552151075186,0.9713074763219725,0.31635493898514083
0.5,0.5,2.0,0.0,5.0,5.0,0.9330887159673794,0.9941710745812027,0.9592943522298932,0.0519186012501884,0.04996541412704514,0.9110131279226628,0.9266364383365752,0.9183939544388724,0.8956997330350829,0.8822026854966687,0.8885165707279862,0.9295053098095861,0.9944444444444445,0.9596368698000645,1.0,0.990389337953742,0.9951407482976026,0.9891796495677267,0.3351880834074516
0.25,0.75,2.0,0.0,5.0,5.0,0.9330887159673794,0.9941710745812027,0.9592943522298932,0.0519186012501884,0.04996541412704514,0.9110131279226628,0.9266364383365752,0.9183939544388724,0.8956997330350829,0.8822026854966687,0.8885165707279862,0.9295053098095861,0.9944444444444445,0.9596368698000645,1.0,0.990389337953742,0.9951407482976026,0.9891796495677267,0.3351880834074516
0.75,0.25,2.0,0.0,5.0,5.0,0.9330887159673794,0.9941710745812027,0.9592943522298932,0.0519186012501884,0.04996541412704514,0.9110131279226628,0.9266364383365752,0.9183939544388724,0.8956997330350829,0.8822026854966687,0.8885165707279862,0.9295053098095861,0.9944444444444445,0.9596368698000645,1.0,0.990389337953742,0.9951407482976026,0.9891796495677267,0.3351880834074516
0.0,1.0,2.0,0.0,5.0,5.0,0.9330887159673794,0.9941710745812027,0.9592943522298932,0.0519186012501884,0.04996541412704514,0.9110131279226628,0.9266364383365752,0.9183939544388724,0.8956997330350829,0.8822026854966687,0.8885165707279862,0.9295053098095861,0.9944444444444445,0.9596368698000645,1.0,0.990389337953742,0.9951407482976026,0.9891796495677267,0.3351880834074516
1.0,0.0,2.0,0.0,5.0,5.0,0.9330887159673794,0.9941710745812027,0.9592943522298932,0.0519186012501884,0.04996541412704514,0.9110131279226628,0.9266364383365752,0.9183939544388724,0.8956997330350829,0.8822026854966687,0.8885165707279862,0.9295053098095861,0.9944444444444445,0.9596368698000645,1.0,0.990389337953742,0.9951407482976026,0.9891796495677267,0.3351880834074516
0.5,0.5,1.0,2.0,5.0,5.0,0.932308056017142,0.9951467854041384,0.9592212221027115,0.05036094822527153,0.04456032516746882,0.8556191847252106,0.8913712946506207,0.8721425807806215,0.8349934637400449,0.8303809604127149,0.8320195913152157,0.8774850450378434,0.9842553688141923,0.9248359004470267,1.0,0.983792947603846,0.9917501456688664,0.9830101497401018,0.3055234830862829
0.25,0.75,0.5,8.0,5.0,5.0,0.9315038240919177,0.9955721894753758,0.9589548503996537,0.04982498492576804,0.04115239088705942,0.7880077427764234,0.8567972791807624,0.8192937570281215,0.7524499993753184,0.7974720287656791,0.7731272681099258,0.8343993227881957,0.9462516189271408,0.8825431776048408,1.0,0.9751057602905582,0.9872675358404687,0.9719701857778755,0.29786083103445676
0.75,0.25,0.5,2.0,5.0,5.0,0.9313716862644674,0.9955936523874637,0.9588712292929356,0.04943193179833991,0.0415864186648372,0.7950794704813743,0.8698215957086988,0.8288255731610183,0.7657237458951784,0.8014069357548584,0.7820614732480563,0.8307438012255423,0.9778517589831631,0.8920370496057367,1.0,0.9731048387608969,0.9861575820467747,0.972517658820005,0.290197718158527
1.0,0.0,0.5,2.0,5.0,5.0,0.9313716862644674,0.9955936523874637,0.9588712292929356,0.049779154020562134,0.0415864186648372,0.8108939047139576,0.8783497223168638,0.8418222977775346,0.784388343400075,0.8124846028283179,0.7972676317799334,0.8407592091767117,0.9793398542212585,0.9005884470173138,1.0,0.977497958194133,0.9885200838297586,0.9772726401591494,0.29947247593878457
0.25,0.75,1.0,4.0,5.0,5.0,0.931894479785934,0.9948746568768015,0.9588711749964093,0.0501813505241221,0.043927006958152416,0.844948287115149,0.8838862390221358,0.8630268500469519,0.8202757375719698,0.8242975956387727,0.8216687773256509,0.8733756401226788,0.973317445257673,0.9176691758966865,1.0,0.983089651326951,0.9913853418620513,0.9817234088732181,0.3055234830862829
0.5,0.5,0.5,4.0,5.0,5.0,0.9313702770833707,0.9954386424668288,0.9588213033911065,0.04949111740440052,0.04115239088705942,0.8130066313888703,0.8749510817730813,0.8413938347533468,0.7851045933766616,0.8120708730003265,0.7975628996882608,0.8461928998681506,0.9712341119243396,0.9000081747202509,1.0,0.9781220762881305,0.9888289246667487,0.9776080339794954,0.3017872907535994
0.25,0.75,0.5,32.0,5.0,5.0,0.9311718835872158,0.9958726931909676,0.9587977946795827,0.051537957930146504,0.04112921699013692,0.7685386004980699,0.8492494150192459,0.8055979100892364,0.7234234678939546,0.7929729018713361,0.7549079833197206,0.8321621484937963,0.9336063018869121,0.8766098044470051,1.0,0.9718476650970419,0.9855800831385486,0.9690885978717761,0.30950688407726296
0.0,1.0,1.0,8.0,5.0,5.0,0.931307014767632,0.9954007511528958,0.9587708151395163,0.049003637099211884,0.04157158010833198,0.8011189448282292,0.8554569959801355,0.8255786226816183,0.7641836298615096,0.7991973302122529,0.7795872306235148,0.852931144836179,0.9415312618848023,0.8905171838757986,1.0,0.9745144832166478,0.9868742146252835,0.9693752377231334,0.29409483344625115
0.25,0.75,1.0,2.0,5.0,5.0,0.9318807011263219,0.9946817556422336,0.9587694634363645,0.05036094822527153,0.04428620236045127,0.8549772261904031,0.8887336983733422,0.8706668413036738,0.834233423575307,0.8286992295935366,0.8307177096320083,0.8803394403844989,0.9800887021475257,0.9247358213146896,1.0,0.9838170707282731,0.9917625481790161,0.9822944567035304,0.3034909627610797
0.5,0.5,1.0,0.5,5.0,5.0,0.932273230863431,0.9936157150018395,0.9586237180271868,0.05161630252187863,0.04707103376068303,0.8235138892340537,0.8790516467523042,0.8487605475662198,0.7994153292795323,0.8134628087468637,0.8050915008645174,0.8518476500005461,0.9812791783380019,0.9074039712708991,1.0,0.976574107202275,0.9879846158605715,0.9752042971501137,0.29269191537666644
0.75,0.25,1.0,0.5,5.0,5.0,0.932273230863431,0.9936157150018395,0.9586237180271868,0.05161630252187863,0.04707103376068303,0.8351266646861149,0.8847548381125759,0.8582003896211509,0.8126152965236172,0.821340646261798,0.8160185765963061,0.859784157937054,0.9812791783380019,0.9138555841741249,1.0,0.9797063550649311,0.9896610450699774,0.9787104246010941,0.2987894763522762
1.0,0.0,1.0,0.5,5.0,5.0,0.932273230863431,0.9936157150018395,0.9586237180271868,0.05161630252187863,0.04707103376068303,0.8468886203680396,0.8908337842649114,0.8674234892211362,0.8266495947598606,0.8282640629868929,0.8266272832667139,0.8683526368654372,0.9857434640522875,0.9208858108603541,1.0,0.9821916084255347,0.9909383874360099,0.9813186894230436,0.30320866827146814
0.5,0.5,1.0,1.0,5.0,5.0,0.932273230863431,0.9936157150018395,0.9586237180271868,0.05161630252187863,0.04707103376068303,0.8493278281629563,0.8894676640463323,0.8680634524703327,0.8288062969165627,0.8270014367242666,0.8271017660926311,0.8710591373541958,0.9842553688141923,0.9217542683331366,1.0,0.9830419485615892,0.9913708930262182,0.981875920862628,0.30320866827146814
0.75,0.25,1.0,1.0,5.0,5.0,0.932273230863431,0.9936157150018395,0.9586237180271868,0.05161630252187863,0.04707103376068303,0.8462641026727602,0.8881655807129989,0.865798152410915,0.8245851640189592,0.8246866219094519,0.8238610253518904,0.8691528192714072,0.9842553688141923,0.9205781930643192,1.0,0.9827464402873575,0.9912215539311496,0.9816202971407466,0.30320866827146814
1.0,0.0,1.0,1.0,5.0,5.0,0.932273230863431,0.9936157150018395,0.9586237180271868,0.05161630252187863,0.04707103376068303,0.8454262017984701,0.8904226000543852,0.8663570490355212,0.823993116802198,0.8272576217630604,0.8248442290524854,0.8675815748521152,0.9857434640522875,0.9202283142351155,1.0,0.9824509320131258,0.9910711443049335,0.9817892844203993,0.30320866827146814
0.0,1.0,1.0,4.0,5.0,5.0,0.931536573803028,0.9946817556422336,0.9585865627962661,0.04998103001130159,0.04352636593251139,0.8218413494034281,0.8708812420644866,0.8441387583766939,0.790483728849302,0.8098387679565106,0.7988588202916653,0.8625385072521716,0.9663321511400259,0.9069618801510683,1.0,0.9775998405039954,0.9885222672272564,0.9742215085332936,0.29423341437751505
0.0,1.0,1.0,2.0,5.0,5.0,0.9315227951434161,0.9944888544076657,0.9584848512362211,0.05016062771245102,0.043885561334810246,0.8378446500882291,0.8814895012734921,0.8575453390385318,0.8131337783505387,0.8185722369776474,0.8147516161044139,0.8675773306519018,0.9800887021475257,0.9158026374174303,1.0,0.9795409786815129,0.9895159951608662,0.9770523285176768,0.29577662425405826
0.25,0.75,1.0,0.5,5.0,5.0,0.9320086363892776,0.9933987011129507,0.958368500241343,0.05161630252187863,0.046796910953665484,0.8252756933214392,0.8800933134189709,0.850194856229444,0.7994153292795323,0.8134628087468637,0.8050915008645174,0.8557950184215987,0.9837301587301588,0.9107197870867149,1.0,0.976574107202275,0.9879846158605715,0.9752042971501137,0.29269191537666644
0.25,0.75,0.5,4.0,5.0,5.0,0.9308604613782424,0.994942610720797,0.9583263579679687,0.04944862517440829,0.04075174986141839,0.7850521735282076,0.8579559578649105,0.8177700438208708,0.7476724731813351,0.7931458401191507,0.7684690289593634,0.8349546541933078,0.9588216469383452,0.8860662309976305,1.0,0.9716311442857309,0.9854072623171996,0.9689962641325752,0.2888632351167269
0.0,1.0,1.0,16.0,5.0,5.0,0.9309274973195004,0.9947835638399364,0.9583093681260761,0.049684341216283755,0.041137552330554196,0.778027796936582,0.84375832118695,0.808123491120995,0.7305556869443509,0.7913375683623616,0.7578984375553656,0.8489179994051107,0.9225010317090613,0.8807159573953894,1.0,0.9724923950157319,0.9859086749564923,0.9665718425483519,0.3023699265581449
1.0,0.0,0.5,1.0,5.0,5.0,0.9308922601499011,0.9947255968319081,0.9582397679407473,0.049686210698452145,0.041297066812985346,0.7768615742250365,0.8616951159267915,0.8144279692909229,0.7452947023344706,0.7876729609312405,0.7644377831875785,0.8153947446663815,0.9777077497665733,0.8816632758144353,1.0,0.9681465438275026,0.9835700016489324,0.9670331657772832,0.27760468253917564
0.25,0.75,1.0,1.0,5.0,5.0,0.9318458759726109,0.9931506852399347,0.9581719593608398,0.05161630252187863,0.046796910953665484,0.8346610753812399,0.8848720458653863,0.8578125758552694,0.8116941935320807,0.8205369457021553,0.8150356582450563,0.861520269048165,0.9842553688141923,0.9153188778249186,1.0,0.9786861222210484,0.989107947897161,0.9773296331716191,0.2972496882271222
0.0,1.0,1.0,0.5,5.0,5.0,0.9316722648614998,0.9929577840053668,0.9579892108228281,0.05161630252187863,0.046796910953665484,0.8142522203507986,0.8774025794234124,0.8428608518850721,0.7894513228404904,0.8098037929597015,0.7981778085155744,0.8426629714544545,0.9837301587301588,0.9026638549023446,1.0,0.9750001434871717,0.9871833054517142,0.9735811171959217,0.28641201107044634
0.0,1.0,1.0,1.0,5.0,5.0,0.9316722648614998,0.9929577840053668,0.9579892108228281,0.05161630252187863,0.046796910953665484,0.826117722454539,0.881628082204756,0.8515095569811456,0.8005678414570089,0.8161151534085094,0.8070353793216746,0.855640037280785,0.9837301587301588,0.9113506330783702,1.0,0.9773136089491361,0.9883995969070588,0.9755951088132786,0.2928304963079303
0.25,0.75,0.5,64.0,5.0,5.0,0.9304023177538059,0.9949684928472293,0.9579673346113067,0.05244271241563015,0.04112921699013692,0.7603906627898339,0.8447498585734176,0.7993282557077103,0.7129527034021512,0.7944910357170561,0.7500940114379224,0.8295745722849387,0.9183530196299534,0.8689653030229114,1.0,0.9716903582838331,0.9855159601155384,0.967763795680852,0.3176231040501006
0.0,1.0,2.0,64.0,5.0,5.0,0.9303921587100034,0.9947556620542222,0.9578892556632809,0.0503197779501571,0.04147357383593055,0.7468360636319763,0.8255642396924312,0.7825934422264789,0.69173578081696,0.7815224416030343,0.7315427018587107,0.8349250318251866,0.890079827175665,0.8575443856017544,1.0,0.9690651507139116,0.984096263686255,0.9598052208154729,0.3107460989968173
0.5,0.5,0.5,2.0,5.0,5.0,0.9301545859883138,0.9938265392922255,0.957458154191538,0.04989580530908843,0.040462398009566546,0.7719241401831249,0.8570526942884816,0.8096705378563267,0.7389509588583741,0.7839088412397014,0.7593811210996665,0.8132006769733219,0.970708901840306,0.8772046529601374,1.0,0.9679452555827361,0.9834671332608353,0.9662766717266713,0.27760468253917564
0.0,1.0,1.0,32.0,5.0,5.0,0.9298398772101413,0.9937139953875554,0.9572169651994341,0.05048778870284528,0.04075174986141839,0.7407931786417229,0.8215939528071853,0.7773389612348677,0.6852195771132563,0.774367559448152,0.7246198825973903,0.8289014258015807,0.890079827175665,0.8545536130707521,1.0,0.9678878082245124,0.9834670720737441,0.9588373463813408,0.3067758121115714
0.5,0.5,1.0,0.0,5.0,5.0,0.9307527189339116,0.9919688449050147,0.9570375754630396,0.05161630252187863,0.046796910953665484,0.8139635747466761,0.8787686996419916,0.843257254118146,0.7889389653238225,0.8110664192223278,0.7984479902118125,0.842797380056605,0.985218253968254,0.9034187740529389,1.0,0.9752825180603263,0.9873472643403282,0.9737542037593346,0.28641201107044634
0.25,0.75,1.0,0.0,5.0,5.0,0.9307527189339116,0.9919688449050147,0.9570375754630396,0.05161630252187863,0.046796910953665484,0.8139635747466761,0.8787686996419916,0.843257254118146,0.7889389653238225,0.8110664192223278,0.7984479902118125,0.842797380056605,0.985218253968254,0.9034187740529389,1.0,0.9752825180603263,0.9873472643403282,0.9737542037593346,0.28641201107044634
0.75,0.25,1.0,0.0,5.0,5.0,0.9307527189339116,0.9919688449050147,0.9570375754630396,0.05161630252187863,0.046796910953665484,0.8139635747466761,0.8787686996419916,0.843257254118146,0.7889389653238225,0.8110664192223278,0.7984479902118125,0.842797380056605,0.985218253968254,0.9034187740529389,1.0,0.9752825180603263,0.9873472643403282,0.9737542037593346,0.28641201107044634
0.0,1.0,1.0,0.0,5.0,5.0,0.9307527189339116,0.9919688449050147,0.9570375754630396,0.05161630252187863,0.046796910953665484,0.8139635747466761,0.8787686996419916,0.843257254118146,0.7889389653238225,0.8110664192223278,0.7984479902118125,0.842797380056605,0.985218253968254,0.9034187740529389,1.0,0.9752825180603263,0.9873472643403282,0.9737542037593346,0.28641201107044634
1.0,0.0,1.0,0.0,5.0,5.0,0.9307527189339116,0.9919688449050147,0.9570375754630396,0.05161630252187863,0.046796910953665484,0.8139635747466761,0.8787686996419916,0.843257254118146,0.7889389653238225,0.8110664192223278,0.7984479902118125,0.842797380056605,0.985218253968254,0.9034187740529389,1.0,0.9752825180603263,0.9873472643403282,0.9737542037593346,0.28641201107044634
0.0,1.0,0.5,8.0,5.0,5.0,0.9296598576878902,0.9934194765383491,0.9569965470861507,0.050332888470434455,0.04010320260726769,0.7438073589740973,0.8284369510250045,0.7810100029118279,0.6940310631787008,0.7653931307037501,0.7251095536466861,0.8183983607514688,0.9249520121012181,0.862226735806813,1.0,0.9614759068464762,0.9799829744825628,0.9555433273599775,0.27834293942497346
0.5,0.5,0.5,0.5,5.0,5.0,0.9297344968496445,0.993082491673178,0.9569052588862843,0.050141315971265754,0.04014674144390998,0.745558531638982,0.8482972683679902,0.7900856879729657,0.7117126696250655,0.7694846121719433,0.7369579975722456,0.7878430520129478,0.972794108339774,0.8626527341430871,1.0,0.9594804391043437,0.9788867830364767,0.9568300045610573,0.26243076196314624
0.75,0.25,0.5,0.5,5.0,5.0,0.9297344968496445,0.993082491673178,0.9569052588862843,0.050141315971265754,0.04014674144390998,0.7519937253611939,0.8505709152364034,0.795242039148547,0.7173019374829847,0.7723089497922961,0.7417831004529041,0.7948733220334138,0.972794108339774,0.867719271167414,1.0,0.9625488255372985,0.9806309312116066,0.9597838402986354,0.2660064921648927
1.0,0.0,0.5,0.5,5.0,5.0,0.9297344968496445,0.993082491673178,0.9569052588862843,0.050141315971265754,0.04014674144390998,0.7642236399827035,0.8565615860447391,0.8051179352877887,0.7311553532326852,0.7780682193956517,0.7522257709104642,0.8039670054916934,0.9783691254279488,0.8758376636858022,1.0,0.9658861256835097,0.9824288414251537,0.9640266208284477,0.2713125949970881
0.5,0.5,0.5,1.0,5.0,5.0,0.9297344968496445,0.993082491673178,0.9569052588862843,0.050141315971265754,0.04014674144390998,0.7784259892956578,0.8595936139743081,0.8147594588925612,0.7464674185447505,0.7848147464511034,0.7639813455133214,0.8176062025109746,0.9768810301898537,0.8833549976245343,1.0,0.9687296427757316,0.9839040215228129,0.9667793488932482,0.2757107431452362
0.25,0.75,0.5,1.0,5.0,5.0,0.9295766685668162,0.9928344758001622,0.9567123576517164,0.050141315971265754,0.04014674144390998,0.7728289923161477,0.8564316088488221,0.8098246901810634,0.7412253266153522,0.7836697842846357,0.7601245683752943,0.8135738734709057,0.9705213810670467,0.8778878876408035,1.0,0.9666918669680089,0.9827825750979033,0.9637773452763528,0.2718666286171344
0.25,0.75,0.5,2.0,5.0,5.0,0.9295766685668162,0.9928344758001622,0.9567123576517164,0.050141315971265754,0.04014674144390998,0.766737546433265,0.8510922981832216,0.8041877422077407,0.7305927186908813,0.7773872956556559,0.7518458684799096,0.8135412724564612,0.9659431066333344,0.8759581316611841,1.0,0.9668443134019098,0.9828699022690518,0.9639301080263646,0.27367822282003296
0.75,0.25,0.5,1.0,5.0,5.0,0.9295080475742822,0.9928344758001622,0.9566685164620418,0.05033421720583366,0.04014674144390998,0.7698843146912383,0.8557364447207974,0.8079305238649489,0.7371456155089132,0.7804792074381449,0.756817670141741,0.810180814136883,0.9739048397136633,0.8769490564433085,1.0,0.9672414557648804,0.9831035308338013,0.965250053028809,0.2757107431452362
0.0,1.0,0.5,4.0,5.0,5.0,0.9294086578141281,0.9926415745655941,0.956532759950567,0.050141315971265754,0.04014674144390998,0.7477840681825038,0.8354814451223426,0.7865211219428576,0.7052580311977298,0.7667238909395006,0.7325811869368876,0.8068157024152356,0.942192637546178,0.8624582993800982,1.0,0.9626299500503112,0.9806280547627467,0.9574451090008188,0.27175093537361983
0.0,1.0,0.5,16.0,5.0,5.0,0.9290144959941351,0.9929699477685078,0.9564068291713541,0.05084698410514413,0.04007689789346298,0.7100421760506618,0.8099005374876921,0.7540644789233336,0.6519492627768092,0.7521503196384276,0.6953876154434112,0.8013230241574539,0.897596977956573,0.8414183934442003,1.0,0.9565305890526005,0.9773687520495793,0.9480820288297864,0.2877276960294172
0.25,0.75,0.5,0.5,5.0,5.0,0.9284812651276627,0.9917494063557176,0.9556164866109924,0.05069935168555147,0.03977471763438617,0.7271397785785193,0.839876132133884,0.775184780536715,0.6923457869562211,0.7592539322002149,0.7211439264366714,0.7708413350053869,0.9675031030487687,0.8491681502024178,1.0,0.9543065702902164,0.9761232992833562,0.9508181762584583,0.25709967329872424
0.0,1.0,0.5,32.0,5.0,5.0,0.9282506091502287,0.9918972221452244,0.9555179392855827,0.05208450391841455,0.04007689789346298,0.6819980676254258,0.7960063434464394,0.731838911312095,0.6212432449853115,0.7423681796838739,0.6732370261359377,0.7814398381832591,0.8770838581787473,0.8206210250565626,1.0,0.9512737087957203,0.9745630347252187,0.9413513854075591,0.29006255253094043
0.0,1.0,1.0,64.0,5.0,5.0,0.9282506091502287,0.9918972221452244,0.9555179392855827,0.05208450391841455,0.04007689789346298,0.7058483627191533,0.8103973286665497,0.7525356907955306,0.6465779393721904,0.7652959846903028,0.6980712738892093,0.8053535155109643,0.8770838581787473,0.8355122805561114,1.0,0.9583426266306456,0.9784136029190439,0.9484120759587239,0.3035065680540811
0.0,1.0,0.5,0.5,5.0,5.0,0.9283132543749746,0.9915565051211498,0.9554368889098429,0.05069935168555147,0.03977471763438617,0.7060486452012436,0.8353871397892007,0.7607072839091743,0.6682220308471708,0.752003641560634,0.7042253035668153,0.753917807144359,0.9699540834409256,0.8387723090173586,1.0,0.9474713353048582,0.9724893679073007,0.9449636859677111,0.25118908659545464
0.0,1.0,0.5,1.0,5.0,5.0,0.9283132543749746,0.9915565051211498,0.9554368889098429,0.05069935168555147,0.03977471763438617,0.7371066612275287,0.8431522913043521,0.7828020763443302,0.7001758764774481,0.7651468044269829,0.7285430820170505,0.7849382862626643,0.9686274416731072,0.8585529804713711,1.0,0.9558954481932567,0.9769367103169829,0.953201672090949,0.2614076338566848
0.0,1.0,0.5,2.0,5.0,5.0,0.9283132543749746,0.9915565051211498,0.9554368889098429,0.05069935168555147,0.03977471763438617,0.7428876409928558,0.8403837738051368,0.7859327847350107,0.7018935611163578,0.7657200976458785,0.7303534694067971,0.7979362918504534,0.9588481633928803,0.8642040177870177,1.0,0.9605268063251016,0.9795722272001063,0.9565741772191264,0.26542996166134175
0.5,0.5,0.5,0.0,5.0,5.0,0.9262614314362031,0.9892654826874643,0.9532665830838251,0.051409578958278745,0.03930123278590132,0.683507224490814,0.8295523679860719,0.7441819776918265,0.6461424837217197,0.7435234220589092,0.6872189663114628,0.7312440233906199,0.9692491962228805,0.8235218976067012,1.0,0.9411602755003998,0.9689498952644656,0.938693721992195,0.24489399167519596
0.25,0.75,0.5,0.0,5.0,5.0,0.9262614314362031,0.9892654826874643,0.9532665830838251,0.051409578958278745,0.03930123278590132,0.683507224490814,0.8295523679860719,0.7441819776918265,0.6461424837217197,0.7435234220589092,0.6872189663114628,0.7312440233906199,0.9692491962228805,0.8235218976067012,1.0,0.9411602755003998,0.9689498952644656,0.938693721992195,0.24489399167519596
0.75,0.25,0.5,0.0,5.0,5.0,0.9262614314362031,0.9892654826874643,0.9532665830838251,0.051409578958278745,0.03930123278590132,0.683507224490814,0.8295523679860719,0.7441819776918265,0.6461424837217197,0.7435234220589092,0.6872189663114628,0.7312440233906199,0.9692491962228805,0.8235218976067012,1.0,0.9411602755003998,0.9689498952644656,0.938693721992195,0.24489399167519596
0.0,1.0,0.5,0.0,5.0,5.0,0.9262614314362031,0.9892654826874643,0.9532665830838251,0.051409578958278745,0.03930123278590132,0.683507224490814,0.8295523679860719,0.7441819776918265,0.6461424837217197,0.7435234220589092,0.6872189663114628,0.7312440233906199,0.9692491962228805,0.8235218976067012,1.0,0.9411602755003998,0.9689498952644656,0.938693721992195,0.24489399167519596
1.0,0.0,0.5,0.0,5.0,5.0,0.9262614314362031,0.9892654826874643,0.9532665830838251,0.051409578958278745,0.03930123278590132,0.683507224490814,0.8295523679860719,0.7441819776918265,0.6461424837217197,0.7435234220589092,0.6872189663114628,0.7312440233906199,0.9692491962228805,0.8235218976067012,1.0,0.9411602755003998,0.9689498952644656,0.938693721992195,0.24489399167519596
0.0,1.0,0.5,64.0,5.0,5.0,0.925026182245868,0.9881136022157712,0.9520421341419554,0.05607629170653011,0.04007689789346298,0.6750125159286601,0.7984446730251685,0.7291236519172141,0.613636445324599,0.7501442116494367,0.6716061931357912,0.7787238588195781,0.8701685920723047,0.8178006633126143,1.0,0.9482874717277348,0.9730192404569374,0.9379994009934145,0.29298597197895065
