track,track_id,ensemble,instrument,role,method,ruptures_algorithm,model,jump,variant,pitch_thresh,gap_window_frames,min_note_factor,penalty_scale,unv_thresh,exclude_transitions,merge_adjacent,Precision,Recall,F-measure,Average Overlap Ratio,Estimated Notes,Reference Notes,note_compute_time,audio_seconds,realtime_factor,error
brass_track222094,test__brass_track222094__4_tuba,brass,tuba,tune,pelt-l1,pelt,l1,1,pelt-l1,0.5,3,0.75,1.0,0.9,True,True,0.8285714285714286,0.7837837837837838,0.8055555555555555,0.8305774317974217,35,37,2.0526257909368724,15.124,7.368123340736652,
brass_track222094,test__brass_track222094__4_tuba,brass,tuba,tune,pelt-l2,pelt,l2,1,pelt-l2,0.5,3,0.75,1.0,0.9,True,True,0.8285714285714286,0.7837837837837838,0.8055555555555555,0.8312267693804171,35,37,1.6765826251357794,15.124,9.020730486679815,
brass_track222094,test__brass_track222094__4_tuba,brass,tuba,tune,pelt-rbf,pelt,rbf,1,pelt-rbf,0.5,3,0.75,1.0,0.9,True,True,0.8285714285714286,0.7837837837837838,0.8055555555555555,0.8345722446104153,35,37,0.6328560831025243,15.124,23.898008415840533,
brass_track222094,test__brass_track222094__4_tuba,brass,tuba,tune,kernelcpd-linear,kernelcpd,l2,1,kernelcpd-linear,0.5,3,0.75,1.0,0.9,True,True,0.8285714285714286,0.7837837837837838,0.8055555555555555,0.8312267693804171,35,37,0.04723487515002489,15.124,320.18714883788635,
brass_track222094,test__brass_track222094__4_tuba,brass,tuba,tune,kernelcpd-gaussian,kernelcpd,rbf,1,kernelcpd-gaussian,0.5,3,0.75,1.0,0.9,True,True,0.8285714285714286,0.7837837837837838,0.8055555555555555,0.8345722446104153,35,37,0.04473483399488032,15.124,338.0810578559623,
brass_track222094,test__brass_track222094__4_tuba,brass,tuba,tune,kernelcpd-cosine,kernelcpd,cosine,1,kernelcpd-cosine,0.5,3,0.75,1.0,0.9,True,True,0.75,0.6486486486486487,0.6956521739130435,0.8150653105289573,32,37,0.03558608400635421,15.124,424.99759167936196,
brass_track222106,test__brass_track222106__2_horn,brass,horn,holdout,pelt-l1,pelt,l1,1,pelt-l1,0.5,3,0.75,1.0,0.9,True,True,1.0,1.0,1.0,0.900028063734234,20,20,9.779403165914118,13.988,1.4303531373729275,
brass_track222106,test__brass_track222106__2_horn,brass,horn,holdout,pelt-l2,pelt,l2,1,pelt-l2,0.5,3,0.75,1.0,0.9,True,True,1.0,1.0,1.0,0.9009616550521267,20,20,7.770546624902636,13.988,1.800130759806781,
brass_track222106,test__brass_track222106__2_horn,brass,horn,holdout,pelt-rbf,pelt,rbf,1,pelt-rbf,0.5,3,0.75,1.0,0.9,True,True,0.9,0.9,0.9,0.8953522322137503,20,20,56.67929324996658,13.988,0.24679206810695806,
brass_track222106,test__brass_track222106__2_horn,brass,horn,holdout,kernelcpd-linear,kernelcpd,l2,1,kernelcpd-linear,0.5,3,0.75,1.0,0.9,True,True,1.0,1.0,1.0,0.9009616550521267,20,20,0.039416333893314004,13.988,354.87826031361874,
brass_track222106,test__brass_track222106__2_horn,brass,horn,holdout,kernelcpd-gaussian,kernelcpd,rbf,1,kernelcpd-gaussian,0.5,3,0.75,1.0,0.9,True,True,0.9,0.9,0.9,0.8953522322137503,20,20,0.06713145808316767,13.988,208.36729008135913,
brass_track222106,test__brass_track222106__2_horn,brass,horn,holdout,kernelcpd-cosine,kernelcpd,cosine,1,kernelcpd-cosine,0.5,3,0.75,1.0,0.9,True,True,0.8888888888888888,0.8,0.8421052631578948,0.8866555003950966,18,20,0.05115454085171223,13.988,273.44591051161393,
brass_track222115,test__brass_track222115__1_trumpet,brass,trumpet,tune,pelt-l1,pelt,l1,1,pelt-l1,0.5,3,0.75,1.0,0.9,True,True,1.0,1.0,1.0,0.9175991804554247,22,22,3.889084832975641,15.032,3.865176679239116,
brass_track222115,test__brass_track222115__1_trumpet,brass,trumpet,tune,pelt-l2,pelt,l2,1,pelt-l2,0.5,3,0.75,1.0,0.9,True,True,1.0,1.0,1.0,0.9175991804554247,22,22,2.5737832919694483,15.032,5.840429552442069,
brass_track222115,test__brass_track222115__1_trumpet,brass,trumpet,tune,pelt-rbf,pelt,rbf,1,pelt-rbf,0.5,3,0.75,1.0,0.9,True,True,1.0,1.0,1.0,0.9175991804554247,22,22,7.055510124890134,15.032,2.1305334035268038,
brass_track222115,test__brass_track222115__1_trumpet,brass,trumpet,tune,kernelcpd-linear,kernelcpd,l2,1,kernelcpd-linear,0.5,3,0.75,1.0,0.9,True,True,1.0,1.0,1.0,0.9175991804554247,22,22,0.03553762496449053,15.032,422.9883121063968,
brass_track222115,test__brass_track222115__1_trumpet,brass,trumpet,tune,kernelcpd-gaussian,kernelcpd,rbf,1,kernelcpd-gaussian,0.5,3,0.75,1.0,0.9,True,True,1.0,1.0,1.0,0.9175991804554247,22,22,0.06641487497836351,15.032,226.3348384664895,
brass_track222115,test__brass_track222115__1_trumpet,brass,trumpet,tune,kernelcpd-cosine,kernelcpd,cosine,1,kernelcpd-cosine,0.5,3,0.75,1.0,0.9,True,True,1.0,0.9090909090909091,0.9523809523809523,0.885075411965523,20,22,0.04980091704055667,15.032,301.8418313011847,
brass_track222123,test__brass_track222123__1_trumpet,brass,trumpet,tune,pelt-l1,pelt,l1,1,pelt-l1,0.5,3,0.75,1.0,0.9,True,True,1.0,1.0,1.0,0.9230394423711726,26,26,6.593396208016202,18.628,2.8252511167692633,
brass_track222123,test__brass_track222123__1_trumpet,brass,trumpet,tune,pelt-l2,pelt,l2,1,pelt-l2,0.5,3,0.75,1.0,0.9,True,True,1.0,1.0,1.0,0.92380210961655,26,26,4.299293749965727,18.628,4.332804661265236,
brass_track222123,test__brass_track222123__1_trumpet,brass,trumpet,tune,pelt-rbf,pelt,rbf,1,pelt-rbf,0.5,3,0.75,1.0,0.9,True,True,1.0,1.0,1.0,0.9235740706798755,26,26,3.2272260000463575,18.628,5.772139912027363,
brass_track222123,test__brass_track222123__1_trumpet,brass,trumpet,tune,kernelcpd-linear,kernelcpd,l2,1,kernelcpd-linear,0.5,3,0.75,1.0,0.9,True,True,1.0,1.0,1.0,0.92380210961655,26,26,0.05437141703441739,18.628,342.6064836273879,
brass_track222123,test__brass_track222123__1_trumpet,brass,trumpet,tune,kernelcpd-gaussian,kernelcpd,rbf,1,kernelcpd-gaussian,0.5,3,0.75,1.0,0.9,True,True,1.0,1.0,1.0,0.9235740706798755,26,26,0.08803420886397362,18.628,211.59956158387388,
brass_track222123,test__brass_track222123__1_trumpet,brass,trumpet,tune,kernelcpd-cosine,kernelcpd,cosine,1,kernelcpd-cosine,0.5,3,0.75,1.0,0.9,True,True,0.9166666666666666,0.8461538461538461,0.8799999999999999,0.9202688752772257,24,26,0.05472374986857176,18.628,340.40064953038234,
brass_track222138,test__brass_track222138__2_horn,brass,horn,tune,pelt-l1,pelt,l1,1,pelt-l1,0.5,3,0.75,1.0,0.9,True,True,1.0,1.0,1.0,0.965458143385901,15,15,195.16962187504396,30.548,0.15652026020503412,
brass_track222138,test__brass_track222138__2_horn,brass,horn,tune,pelt-l2,pelt,l2,1,pelt-l2,0.5,3,0.75,1.0,0.9,True,True,1.0,1.0,1.0,0.965458143385901,15,15,117.71089258301072,30.548,0.2595171893583025,
brass_track222138,test__brass_track222138__2_horn,brass,horn,tune,pelt-rbf,pelt,rbf,1,pelt-rbf,0.5,3,0.75,1.0,0.9,True,True,1.0,1.0,1.0,0.965458143385901,15,15,11149.714259958826,30.548,0.002739801154340327,
brass_track222138,test__brass_track222138__2_horn,brass,horn,tune,kernelcpd-linear,kernelcpd,l2,1,kernelcpd-linear,0.5,3,0.75,1.0,0.9,True,True,1.0,1.0,1.0,0.965458143385901,15,15,0.14034858299419284,30.548,217.65805787482708,
brass_track222138,test__brass_track222138__2_horn,brass,horn,tune,kernelcpd-gaussian,kernelcpd,rbf,1,kernelcpd-gaussian,0.5,3,0.75,1.0,0.9,True,True,1.0,1.0,1.0,0.965458143385901,15,15,0.3736808330286294,30.548,81.7489078912955,
brass_track222138,test__brass_track222138__2_horn,brass,horn,tune,kernelcpd-cosine,kernelcpd,cosine,1,kernelcpd-cosine,0.5,3,0.75,1.0,0.9,True,True,1.0,1.0,1.0,0.965458143385901,15,15,0.14649333292618394,30.548,208.52826125126617,
brass_track222143,test__brass_track222143__4_tuba,brass,tuba,holdout,pelt-l1,pelt,l1,1,pelt-l1,0.5,3,0.75,1.0,0.9,True,True,0.8260869565217391,0.8260869565217391,0.8260869565217391,0.8899162480110145,23,23,9.812107416102663,16.748,1.7068708371980148,
brass_track222143,test__brass_track222143__4_tuba,brass,tuba,holdout,pelt-l2,pelt,l2,1,pelt-l2,0.5,3,0.75,1.0,0.9,True,True,0.8260869565217391,0.8260869565217391,0.8260869565217391,0.8899162480110145,23,23,7.379313375102356,16.748,2.2695878530524793,
brass_track222143,test__brass_track222143__4_tuba,brass,tuba,holdout,pelt-rbf,pelt,rbf,1,pelt-rbf,0.5,3,0.75,1.0,0.9,True,True,0.8260869565217391,0.8260869565217391,0.8260869565217391,0.8899162480110145,23,23,55.60045549995266,16.748,0.3012205538498558,
brass_track222143,test__brass_track222143__4_tuba,brass,tuba,holdout,kernelcpd-linear,kernelcpd,l2,1,kernelcpd-linear,0.5,3,0.75,1.0,0.9,True,True,0.8260869565217391,0.8260869565217391,0.8260869565217391,0.8899162480110145,23,23,0.04633700009435415,16.748,361.43902207516084,
brass_track222143,test__brass_track222143__4_tuba,brass,tuba,holdout,kernelcpd-gaussian,kernelcpd,rbf,1,kernelcpd-gaussian,0.5,3,0.75,1.0,0.9,True,True,0.8260869565217391,0.8260869565217391,0.8260869565217391,0.8899162480110145,23,23,0.07476658280938864,16.748,224.0038178914459,
brass_track222143,test__brass_track222143__4_tuba,brass,tuba,holdout,kernelcpd-cosine,kernelcpd,cosine,1,kernelcpd-cosine,0.5,3,0.75,1.0,0.9,True,True,0.8260869565217391,0.8260869565217391,0.8260869565217391,0.8899162480110145,23,23,0.046117624966427684,16.748,363.15833723423674,
brass_track222149,test__brass_track222149__2_horn,brass,horn,tune,pelt-l1,pelt,l1,1,pelt-l1,0.5,3,0.75,1.0,0.9,True,True,0.9473684210526315,0.9473684210526315,0.9473684210526315,0.959450383699148,19,19,13.078313957899809,26.956,2.061121952475956,
brass_track222149,test__brass_track222149__2_horn,brass,horn,tune,pelt-l2,pelt,l2,1,pelt-l2,0.5,3,0.75,1.0,0.9,True,True,0.9473684210526315,0.9473684210526315,0.9473684210526315,0.959450383699148,19,19,10.28944620792754,26.956,2.619771701535468,
brass_track222149,test__brass_track222149__2_horn,brass,horn,tune,pelt-rbf,pelt,rbf,1,pelt-rbf,0.5,3,0.75,1.0,0.9,True,True,0.9473684210526315,0.9473684210526315,0.9473684210526315,0.959450383699148,19,19,126.481918415986,26.956,0.2131213721106324,
brass_track222149,test__brass_track222149__2_horn,brass,horn,tune,kernelcpd-linear,kernelcpd,l2,1,kernelcpd-linear,0.5,3,0.75,1.0,0.9,True,True,0.9473684210526315,0.9473684210526315,0.9473684210526315,0.959450383699148,19,19,0.09254875010810792,26.956,291.26271255432613,
brass_track222149,test__brass_track222149__2_horn,brass,horn,tune,kernelcpd-gaussian,kernelcpd,rbf,1,kernelcpd-gaussian,0.5,3,0.75,1.0,0.9,True,True,0.9473684210526315,0.9473684210526315,0.9473684210526315,0.959450383699148,19,19,0.15200962498784065,26.956,177.33087626626423,
brass_track222149,test__brass_track222149__2_horn,brass,horn,tune,kernelcpd-cosine,kernelcpd,cosine,1,kernelcpd-cosine,0.5,3,0.75,1.0,0.9,True,True,0.9473684210526315,0.9473684210526315,0.9473684210526315,0.959450383699148,19,19,0.08242987492121756,26.956,327.01735900683127,
brass_track222150,test__brass_track222150__1_trumpet,brass,trumpet,tune,pelt-l1,pelt,l1,1,pelt-l1,0.5,3,0.75,1.0,0.9,True,True,1.0,1.0,1.0,0.9642529787052404,18,18,56.35538537497632,29.668,0.5264448074056395,
brass_track222150,test__brass_track222150__1_trumpet,brass,trumpet,tune,pelt-l2,pelt,l2,1,pelt-l2,0.5,3,0.75,1.0,0.9,True,True,1.0,1.0,1.0,0.9627823411103071,18,18,35.79396470892243,29.668,0.8288548150857566,
brass_track222150,test__brass_track222150__1_trumpet,brass,trumpet,tune,pelt-rbf,pelt,rbf,1,pelt-rbf,0.5,3,0.75,1.0,0.9,True,True,1.0,1.0,1.0,0.9636602836570286,18,18,48.720926417037845,29.668,0.6089375178552643,
brass_track222150,test__brass_track222150__1_trumpet,brass,trumpet,tune,kernelcpd-linear,kernelcpd,l2,1,kernelcpd-linear,0.5,3,0.75,1.0,0.9,True,True,1.0,1.0,1.0,0.9627823411103071,18,18,0.1309304169844836,29.668,226.59364174724897,
brass_track222150,test__brass_track222150__1_trumpet,brass,trumpet,tune,kernelcpd-gaussian,kernelcpd,rbf,1,kernelcpd-gaussian,0.5,3,0.75,1.0,0.9,True,True,1.0,1.0,1.0,0.9636602836570286,18,18,0.26362287485972047,29.668,112.5395511136391,
brass_track222150,test__brass_track222150__1_trumpet,brass,trumpet,tune,kernelcpd-cosine,kernelcpd,cosine,1,kernelcpd-cosine,0.5,3,0.75,1.0,0.9,True,True,0.8666666666666667,0.7222222222222222,0.7878787878787877,0.9100757419378366,15,18,0.11279112519696355,29.668,263.0348792796571,
brass_track222189,test__brass_track222189__2_horn,brass,horn,tune,pelt-l1,pelt,l1,1,pelt-l1,0.5,3,0.75,1.0,0.9,True,True,1.0,1.0,1.0,0.9674752191745193,24,24,43.77772583416663,36.576,0.8354933771240809,
brass_track222189,test__brass_track222189__2_horn,brass,horn,tune,pelt-l2,pelt,l2,1,pelt-l2,0.5,3,0.75,1.0,0.9,True,True,1.0,1.0,1.0,0.9677463936289454,24,24,29.936112582916394,36.576,1.221801925640565,
brass_track222189,test__brass_track222189__2_horn,brass,horn,tune,pelt-rbf,pelt,rbf,1,pelt-rbf,0.5,3,0.75,1.0,0.9,True,True,1.0,1.0,1.0,0.9658037136031785,24,24,556.6727317918558,36.576,0.06570467334059404,
brass_track222189,test__brass_track222189__2_horn,brass,horn,tune,kernelcpd-linear,kernelcpd,l2,1,kernelcpd-linear,0.5,3,0.75,1.0,0.9,True,True,1.0,1.0,1.0,0.9677463936289454,24,24,0.12428658292628825,36.576,294.2875983781166,
brass_track222189,test__brass_track222189__2_horn,brass,horn,tune,kernelcpd-gaussian,kernelcpd,rbf,1,kernelcpd-gaussian,0.5,3,0.75,1.0,0.9,True,True,1.0,1.0,1.0,0.9658037136031785,24,24,0.2692893750499934,36.576,135.8241482539357,
brass_track222189,test__brass_track222189__2_horn,brass,horn,tune,kernelcpd-cosine,kernelcpd,cosine,1,kernelcpd-cosine,0.5,3,0.75,1.0,0.9,True,True,0.9090909090909091,0.8333333333333334,0.8695652173913043,0.9640342626513645,22,24,0.13166491710580885,36.576,277.796096363367,
brass_track222217,test__brass_track222217__2_horn,brass,horn,tune,pelt-l1,pelt,l1,1,pelt-l1,0.5,3,0.75,1.0,0.9,True,True,0.875,0.9333333333333333,0.9032258064516129,0.9726975510565066,16,15,70.69459962495603,39.424,0.5576663593704386,
brass_track222217,test__brass_track222217__2_horn,brass,horn,tune,pelt-l2,pelt,l2,1,pelt-l2,0.5,3,0.75,1.0,0.9,True,True,0.875,0.9333333333333333,0.9032258064516129,0.9726975510565066,16,15,52.075321916956455,39.424,0.7570572499363272,
brass_track222217,test__brass_track222217__2_horn,brass,horn,tune,pelt-rbf,pelt,rbf,1,pelt-rbf,0.5,3,0.75,1.0,0.9,True,True,0.875,0.9333333333333333,0.9032258064516129,0.9726975510565066,16,15,1184.2428301661275,39.424,0.03329046965348276,
brass_track222217,test__brass_track222217__2_horn,brass,horn,tune,kernelcpd-linear,kernelcpd,l2,1,kernelcpd-linear,0.5,3,0.75,1.0,0.9,True,True,0.875,0.9333333333333333,0.9032258064516129,0.9726975510565066,16,15,0.13118995889090002,39.424,300.51080382444303,
brass_track222217,test__brass_track222217__2_horn,brass,horn,tune,kernelcpd-gaussian,kernelcpd,rbf,1,kernelcpd-gaussian,0.5,3,0.75,1.0,0.9,True,True,0.875,0.9333333333333333,0.9032258064516129,0.9726975510565066,16,15,0.32376654213294387,39.424,121.76675125316642,
brass_track222217,test__brass_track222217__2_horn,brass,horn,tune,kernelcpd-cosine,kernelcpd,cosine,1,kernelcpd-cosine,0.5,3,0.75,1.0,0.9,True,True,0.875,0.9333333333333333,0.9032258064516129,0.9726975510565066,16,15,0.13110083411447704,39.424,300.7150966375624,
brass_track222260,test__brass_track222260__1_trumpet,brass,trumpet,tune,pelt-l1,pelt,l1,1,pelt-l1,0.5,3,0.75,1.0,0.9,True,True,1.0,1.0,1.0,0.9357327562559191,23,23,11.11938124988228,19.304,1.736067823036859,
brass_track222260,test__brass_track222260__1_trumpet,brass,trumpet,tune,pelt-l2,pelt,l2,1,pelt-l2,0.5,3,0.75,1.0,0.9,True,True,1.0,1.0,1.0,0.9361753229407933,23,23,6.9969158340245485,19.304,2.7589298567989995,
brass_track222260,test__brass_track222260__1_trumpet,brass,trumpet,tune,pelt-rbf,pelt,rbf,1,pelt-rbf,0.5,3,0.75,1.0,0.9,True,True,1.0,1.0,1.0,0.9353322206498231,23,23,10.63282800000161,19.304,1.8155094768764317,
brass_track222260,test__brass_track222260__1_trumpet,brass,trumpet,tune,kernelcpd-linear,kernelcpd,l2,1,kernelcpd-linear,0.5,3,0.75,1.0,0.9,True,True,1.0,1.0,1.0,0.9361753229407933,23,23,0.07072441605851054,19.304,272.94675694500944,
brass_track222260,test__brass_track222260__1_trumpet,brass,trumpet,tune,kernelcpd-gaussian,kernelcpd,rbf,1,kernelcpd-gaussian,0.5,3,0.75,1.0,0.9,True,True,1.0,1.0,1.0,0.9353322206498231,23,23,0.09924566699191928,19.304,194.50723225601132,
brass_track222260,test__brass_track222260__1_trumpet,brass,trumpet,tune,kernelcpd-cosine,kernelcpd,cosine,1,kernelcpd-cosine,0.5,3,0.75,1.0,0.9,True,True,0.8333333333333334,0.6521739130434783,0.7317073170731708,0.8898342906679862,18,23,0.09109700005501509,19.304,211.9059901900389,
brass_track222382,test__brass_track222382__2_horn,brass,horn,tune,pelt-l1,pelt,l1,1,pelt-l1,0.5,3,0.75,1.0,0.9,True,True,1.0,1.0,1.0,0.9303499803381541,15,15,11.317886707838625,14.088,1.2447553473249409,
brass_track222382,test__brass_track222382__2_horn,brass,horn,tune,pelt-l2,pelt,l2,1,pelt-l2,0.5,3,0.75,1.0,0.9,True,True,1.0,1.0,1.0,0.9303499803381541,15,15,10.120814624940977,14.088,1.391982811866012,
brass_track222382,test__brass_track222382__2_horn,brass,horn,tune,pelt-rbf,pelt,rbf,1,pelt-rbf,0.5,3,0.75,1.0,0.9,True,True,1.0,1.0,1.0,0.9230497216576038,15,15,10.799258374841884,14.088,1.3045340254863813,
brass_track222382,test__brass_track222382__2_horn,brass,horn,tune,kernelcpd-linear,kernelcpd,l2,1,kernelcpd-linear,0.5,3,0.75,1.0,0.9,True,True,1.0,1.0,1.0,0.9303499803381541,15,15,0.04173870896920562,14.088,337.52840823116924,
brass_track222382,test__brass_track222382__2_horn,brass,horn,tune,kernelcpd-gaussian,kernelcpd,rbf,1,kernelcpd-gaussian,0.5,3,0.75,1.0,0.9,True,True,1.0,1.0,1.0,0.9230497216576038,15,15,0.06888224999420345,14.088,204.52293589691868,
brass_track222382,test__brass_track222382__2_horn,brass,horn,tune,kernelcpd-cosine,kernelcpd,cosine,1,kernelcpd-cosine,0.5,3,0.75,1.0,0.9,True,True,0.9285714285714286,0.8666666666666667,0.896551724137931,0.9272795702671601,14,15,0.049347749911248684,14.088,285.4841411277534,
brass_track222473,test__brass_track222473__3_trombone,brass,trombone,tune,pelt-l1,pelt,l1,1,pelt-l1,0.5,3,0.75,1.0,0.9,True,True,0.96,0.96,0.96,0.8871870241451258,25,25,12.99698720802553,19.648,1.5117349648438159,
brass_track222473,test__brass_track222473__3_trombone,brass,trombone,tune,pelt-l2,pelt,l2,1,pelt-l2,0.5,3,0.75,1.0,0.9,True,True,0.96,0.96,0.96,0.8871870241451258,25,25,11.19415191700682,19.648,1.7552021935801667,
brass_track222473,test__brass_track222473__3_trombone,brass,trombone,tune,pelt-rbf,pelt,rbf,1,pelt-rbf,0.5,3,0.75,1.0,0.9,True,True,0.96,0.96,0.96,0.8871870241451258,25,25,66.19632983300835,19.648,0.29681403862669525,
brass_track222473,test__brass_track222473__3_trombone,brass,trombone,tune,kernelcpd-linear,kernelcpd,l2,1,kernelcpd-linear,0.5,3,0.75,1.0,0.9,True,True,0.96,0.96,0.96,0.8871870241451258,25,25,0.05520183383487165,19.648,355.93020439817576,
brass_track222473,test__brass_track222473__3_trombone,brass,trombone,tune,kernelcpd-gaussian,kernelcpd,rbf,1,kernelcpd-gaussian,0.5,3,0.75,1.0,0.9,True,True,0.96,0.96,0.96,0.8871870241451258,25,25,0.09943866613321006,19.648,197.58913473033857,
brass_track222473,test__brass_track222473__3_trombone,brass,trombone,tune,kernelcpd-cosine,kernelcpd,cosine,1,kernelcpd-cosine,0.5,3,0.75,1.0,0.9,True,True,0.9130434782608695,0.84,0.8749999999999999,0.8869597288120639,23,25,0.060276292031630874,19.648,325.96563819302986,
brass_track222481,test__brass_track222481__3_trombone,brass,trombone,holdout,pelt-l1,pelt,l1,1,pelt-l1,0.5,3,0.75,1.0,0.9,True,True,1.0,1.0,1.0,0.9027529021815239,20,20,6.093549041077495,13.904,2.2817572987878045,
brass_track222481,test__brass_track222481__3_trombone,brass,trombone,holdout,pelt-l2,pelt,l2,1,pelt-l2,0.5,3,0.75,1.0,0.9,True,True,1.0,1.0,1.0,0.9036731435090954,20,20,4.69487720890902,13.904,2.961525803830547,
brass_track222481,test__brass_track222481__3_trombone,brass,trombone,holdout,pelt-rbf,pelt,rbf,1,pelt-rbf,0.5,3,0.75,1.0,0.9,True,True,1.0,1.0,1.0,0.9050557894280804,20,20,12.287903582910076,13.904,1.131519295068166,
brass_track222481,test__brass_track222481__3_trombone,brass,trombone,holdout,kernelcpd-linear,kernelcpd,l2,1,kernelcpd-linear,0.5,3,0.75,1.0,0.9,True,True,1.0,1.0,1.0,0.9036731435090954,20,20,0.038618542021140456,13.904,360.0343066392488,
brass_track222481,test__brass_track222481__3_trombone,brass,trombone,holdout,kernelcpd-gaussian,kernelcpd,rbf,1,kernelcpd-gaussian,0.5,3,0.75,1.0,0.9,True,True,1.0,1.0,1.0,0.9050557894280804,20,20,0.06592808407731354,13.904,210.89646687889257,
brass_track222481,test__brass_track222481__3_trombone,brass,trombone,holdout,kernelcpd-cosine,kernelcpd,cosine,1,kernelcpd-cosine,0.5,3,0.75,1.0,0.9,True,True,0.8235294117647058,0.7,0.7567567567567567,0.8993474338772476,17,20,0.033842209028080106,13.904,410.84788491387627,
brass_track222508,test__brass_track222508__1_trumpet,brass,trumpet,holdout,pelt-l1,pelt,l1,1,pelt-l1,0.5,3,0.75,1.0,0.9,True,True,0.75,0.9230769230769231,0.8275862068965517,0.9680128188515735,16,13,3.501504042185843,24.144,6.895322612544495,
brass_track222508,test__brass_track222508__1_trumpet,brass,trumpet,holdout,pelt-l2,pelt,l2,1,pelt-l2,0.5,3,0.75,1.0,0.9,True,True,0.75,0.9230769230769231,0.8275862068965517,0.9680128188515735,16,13,2.695669666863978,24.144,8.956587039126369,
brass_track222508,test__brass_track222508__1_trumpet,brass,trumpet,holdout,pelt-rbf,pelt,rbf,1,pelt-rbf,0.5,3,0.75,1.0,0.9,True,True,0.75,0.9230769230769231,0.8275862068965517,0.9666932211036053,16,13,17.66074087494053,24.144,1.3671000651087521,
brass_track222508,test__brass_track222508__1_trumpet,brass,trumpet,holdout,kernelcpd-linear,kernelcpd,l2,1,kernelcpd-linear,0.5,3,0.75,1.0,0.9,True,True,0.75,0.9230769230769231,0.8275862068965517,0.9680128188515735,16,13,0.06442387495189905,24.144,374.76789494619334,
brass_track222508,test__brass_track222508__1_trumpet,brass,trumpet,holdout,kernelcpd-gaussian,kernelcpd,rbf,1,kernelcpd-gaussian,0.5,3,0.75,1.0,0.9,True,True,0.75,0.9230769230769231,0.8275862068965517,0.9666932211036053,16,13,0.11529208300635219,24.144,209.41594054354755,
brass_track222508,test__brass_track222508__1_trumpet,brass,trumpet,holdout,kernelcpd-cosine,kernelcpd,cosine,1,kernelcpd-cosine,0.5,3,0.75,1.0,0.9,True,True,0.7142857142857143,0.7692307692307693,0.7407407407407408,0.9025886103070828,14,13,0.079948834143579,24.144,301.9931467248181,
brass_track222562,test__brass_track222562__4_tuba,brass,tuba,tune,pelt-l1,pelt,l1,1,pelt-l1,0.5,3,0.75,1.0,0.9,True,True,0.8064516129032258,0.78125,0.7936507936507936,0.9436176109842555,31,32,3.593778416980058,28.044,7.803486121319098,
brass_track222562,test__brass_track222562__4_tuba,brass,tuba,tune,pelt-l2,pelt,l2,1,pelt-l2,0.5,3,0.75,1.0,0.9,True,True,0.8064516129032258,0.78125,0.7936507936507936,0.9400632267989004,31,32,2.9487263748887926,28.044,9.510546735981103,
brass_track222562,test__brass_track222562__4_tuba,brass,tuba,tune,pelt-rbf,pelt,rbf,1,pelt-rbf,0.5,3,0.75,1.0,0.9,True,True,0.8064516129032258,0.78125,0.7936507936507936,0.9372152509332119,31,32,7.7479897500015795,28.044,3.619519501815846,
brass_track222562,test__brass_track222562__4_tuba,brass,tuba,tune,kernelcpd-linear,kernelcpd,l2,1,kernelcpd-linear,0.5,3,0.75,1.0,0.9,True,True,0.8064516129032258,0.78125,0.7936507936507936,0.9400632267989004,31,32,0.07392974989488721,28.044,379.3330836351098,
brass_track222562,test__brass_track222562__4_tuba,brass,tuba,tune,kernelcpd-gaussian,kernelcpd,rbf,1,kernelcpd-gaussian,0.5,3,0.75,1.0,0.9,True,True,0.8064516129032258,0.78125,0.7936507936507936,0.9372152509332119,31,32,0.1161476660054177,28.044,241.45125739067274,
brass_track222562,test__brass_track222562__4_tuba,brass,tuba,tune,kernelcpd-cosine,kernelcpd,cosine,1,kernelcpd-cosine,0.5,3,0.75,1.0,0.9,True,True,0.6923076923076923,0.5625,0.6206896551724138,0.8980365375613659,26,32,0.08328029210679233,28.044,336.7423347175404,
brass_track222590,test__brass_track222590__1_trumpet,brass,trumpet,tune,pelt-l1,pelt,l1,1,pelt-l1,0.5,3,0.75,1.0,0.9,True,True,1.0,1.0,1.0,0.9320766340269253,27,27,3.6512211670633405,17.992,4.927666437273335,
brass_track222590,test__brass_track222590__1_trumpet,brass,trumpet,tune,pelt-l2,pelt,l2,1,pelt-l2,0.5,3,0.75,1.0,0.9,True,True,1.0,1.0,1.0,0.932458983923122,27,27,2.92227412504144,17.992,6.156848820520854,
brass_track222590,test__brass_track222590__1_trumpet,brass,trumpet,tune,pelt-rbf,pelt,rbf,1,pelt-rbf,0.5,3,0.75,1.0,0.9,True,True,1.0,1.0,1.0,0.9318764650719166,27,27,2.72037470783107,17.992,6.613794764451717,
brass_track222590,test__brass_track222590__1_trumpet,brass,trumpet,tune,kernelcpd-linear,kernelcpd,l2,1,kernelcpd-linear,0.5,3,0.75,1.0,0.9,True,True,1.0,1.0,1.0,0.932458983923122,27,27,0.05655083409510553,17.992,318.1562268337472,
brass_track222590,test__brass_track222590__1_trumpet,brass,trumpet,tune,kernelcpd-gaussian,kernelcpd,rbf,1,kernelcpd-gaussian,0.5,3,0.75,1.0,0.9,True,True,1.0,1.0,1.0,0.9318764650719166,27,27,0.09103308292105794,17.992,197.64243308778526,
brass_track222590,test__brass_track222590__1_trumpet,brass,trumpet,tune,kernelcpd-cosine,kernelcpd,cosine,1,kernelcpd-cosine,0.5,3,0.75,1.0,0.9,True,True,0.8260869565217391,0.7037037037037037,0.76,0.9279882199523669,23,27,0.06701970798894763,17.992,268.45834665479447,
brass_track222622,test__brass_track222622__3_trombone,brass,trombone,tune,pelt-l1,pelt,l1,1,pelt-l1,0.5,3,0.75,1.0,0.9,True,True,0.9411764705882353,0.9411764705882353,0.9411764705882353,0.9484096047139998,17,17,38.58872825000435,25.94,0.6722170223372695,
brass_track222622,test__brass_track222622__3_trombone,brass,trombone,tune,pelt-l2,pelt,l2,1,pelt-l2,0.5,3,0.75,1.0,0.9,True,True,0.9411764705882353,0.9411764705882353,0.9411764705882353,0.9489716467498793,17,17,35.48968854104169,25.94,0.7309165300225713,
brass_track222622,test__brass_track222622__3_trombone,brass,trombone,tune,pelt-rbf,pelt,rbf,1,pelt-rbf,0.5,3,0.75,1.0,0.9,True,True,0.9411764705882353,0.9411764705882353,0.9411764705882353,0.948596688324837,17,17,626.719778083032,25.94,0.04139010911598086,
brass_track222622,test__brass_track222622__3_trombone,brass,trombone,tune,kernelcpd-linear,kernelcpd,l2,1,kernelcpd-linear,0.5,3,0.75,1.0,0.9,True,True,0.9411764705882353,0.9411764705882353,0.9411764705882353,0.9489716467498793,17,17,0.09329445892944932,25.94,278.0443801021047,
brass_track222622,test__brass_track222622__3_trombone,brass,trombone,tune,kernelcpd-gaussian,kernelcpd,rbf,1,kernelcpd-gaussian,0.5,3,0.75,1.0,0.9,True,True,0.9411764705882353,0.9411764705882353,0.9411764705882353,0.948596688324837,17,17,0.24465849995613098,25.94,106.02533737700193,
brass_track222622,test__brass_track222622__3_trombone,brass,trombone,tune,kernelcpd-cosine,kernelcpd,cosine,1,kernelcpd-cosine,0.5,3,0.75,1.0,0.9,True,True,0.875,0.8235294117647058,0.8484848484848485,0.9441708549360871,16,17,0.10737924999557436,25.94,241.57367462586225,
brass_track222817,test__brass_track222817__3_trombone,brass,trombone,tune,pelt-l1,pelt,l1,1,pelt-l1,0.5,3,0.75,1.0,0.9,True,True,0.9523809523809523,1.0,0.975609756097561,0.9048473269746298,21,20,22.12742366711609,20.82,0.9409138774226539,
brass_track222817,test__brass_track222817__3_trombone,brass,trombone,tune,pelt-l2,pelt,l2,1,pelt-l2,0.5,3,0.75,1.0,0.9,True,True,0.9523809523809523,1.0,0.975609756097561,0.9048473269746298,21,20,16.772780625149608,20.82,1.2412968645629259,
brass_track222817,test__brass_track222817__3_trombone,brass,trombone,tune,pelt-rbf,pelt,rbf,1,pelt-rbf,0.5,3,0.75,1.0,0.9,True,True,0.9523809523809523,1.0,0.975609756097561,0.9048473269746298,21,20,51.764617915963754,20.82,0.4022052289422829,
brass_track222817,test__brass_track222817__3_trombone,brass,trombone,tune,kernelcpd-linear,kernelcpd,l2,1,kernelcpd-linear,0.5,3,0.75,1.0,0.9,True,True,0.9523809523809523,1.0,0.975609756097561,0.9048473269746298,21,20,0.06906412495300174,20.82,301.45897040131973,
brass_track222817,test__brass_track222817__3_trombone,brass,trombone,tune,kernelcpd-gaussian,kernelcpd,rbf,1,kernelcpd-gaussian,0.5,3,0.75,1.0,0.9,True,True,0.9523809523809523,1.0,0.975609756097561,0.9048473269746298,21,20,0.1542314998805523,20.82,134.9918791953944,
brass_track222817,test__brass_track222817__3_trombone,brass,trombone,tune,kernelcpd-cosine,kernelcpd,cosine,1,kernelcpd-cosine,0.5,3,0.75,1.0,0.9,True,True,0.95,0.95,0.9500000000000001,0.9008531375995661,20,20,0.07965370803140104,20.82,261.3814286183934,
brass_track222900,test__brass_track222900__2_horn,brass,horn,tune,pelt-l1,pelt,l1,1,pelt-l1,0.5,3,0.75,1.0,0.9,True,True,1.0,1.0,1.0,0.9299264814694916,18,18,24.873981999931857,18.812,0.756292257510339,
brass_track222900,test__brass_track222900__2_horn,brass,horn,tune,pelt-l2,pelt,l2,1,pelt-l2,0.5,3,0.75,1.0,0.9,True,True,1.0,1.0,1.0,0.9300689762076845,18,18,24.37766724987887,18.812,0.7716899163144282,
brass_track222900,test__brass_track222900__2_horn,brass,horn,tune,pelt-rbf,pelt,rbf,1,pelt-rbf,0.5,3,0.75,1.0,0.9,True,True,1.0,1.0,1.0,0.9267301151191661,18,18,127.95046270801686,18.812,0.14702565041072976,
brass_track222900,test__brass_track222900__2_horn,brass,horn,tune,kernelcpd-linear,kernelcpd,l2,1,kernelcpd-linear,0.5,3,0.75,1.0,0.9,True,True,1.0,1.0,1.0,0.9300689762076845,18,18,0.07403604197315872,18.812,254.0924595458543,
brass_track222900,test__brass_track222900__2_horn,brass,horn,tune,kernelcpd-gaussian,kernelcpd,rbf,1,kernelcpd-gaussian,0.5,3,0.75,1.0,0.9,True,True,1.0,1.0,1.0,0.9267301151191661,18,18,0.16572441696189344,18.812,113.51374978332625,
brass_track222900,test__brass_track222900__2_horn,brass,horn,tune,kernelcpd-cosine,kernelcpd,cosine,1,kernelcpd-cosine,0.5,3,0.75,1.0,0.9,True,True,0.9285714285714286,0.7222222222222222,0.8125000000000001,0.8244001979524529,14,18,0.0795577079989016,18.812,236.45728959737912,
brass_track222974,test__brass_track222974__4_tuba,brass,tuba,holdout,pelt-l1,pelt,l1,1,pelt-l1,0.5,3,0.75,1.0,0.9,True,True,0.8928571428571429,0.8620689655172413,0.8771929824561403,0.9276639697996751,28,29,22.791233625030145,34.136,1.4977688598001395,
brass_track222974,test__brass_track222974__4_tuba,brass,tuba,holdout,pelt-l2,pelt,l2,1,pelt-l2,0.5,3,0.75,1.0,0.9,True,True,0.8928571428571429,0.8620689655172413,0.8771929824561403,0.9271653483211079,28,29,17.57152312505059,34.136,1.942688733188673,
brass_track222974,test__brass_track222974__4_tuba,brass,tuba,holdout,pelt-rbf,pelt,rbf,1,pelt-rbf,0.5,3,0.75,1.0,0.9,True,True,0.8928571428571429,0.8620689655172413,0.8771929824561403,0.9267994016611896,28,29,157.53906750003807,34.136,0.21668276029367606,
brass_track222974,test__brass_track222974__4_tuba,brass,tuba,holdout,kernelcpd-linear,kernelcpd,l2,1,kernelcpd-linear,0.5,3,0.75,1.0,0.9,True,True,0.8928571428571429,0.8620689655172413,0.8771929824561403,0.9271653483211079,28,29,0.11214475007727742,34.136,304.39231418748847,
brass_track222974,test__brass_track222974__4_tuba,brass,tuba,holdout,kernelcpd-gaussian,kernelcpd,rbf,1,kernelcpd-gaussian,0.5,3,0.75,1.0,0.9,True,True,0.8928571428571429,0.8620689655172413,0.8771929824561403,0.9267994016611896,28,29,0.22504295781254768,34.136,151.6865950030483,
brass_track222974,test__brass_track222974__4_tuba,brass,tuba,holdout,kernelcpd-cosine,kernelcpd,cosine,1,kernelcpd-cosine,0.5,3,0.75,1.0,0.9,True,True,0.8846153846153846,0.7931034482758621,0.8363636363636363,0.887738794905418,26,29,0.12209845893085003,34.136,279.57764822677075,
brass_track223200,test__brass_track223200__1_trumpet,brass,trumpet,tune,pelt-l1,pelt,l1,1,pelt-l1,0.5,3,0.75,1.0,0.9,True,True,1.0,1.0,1.0,0.9748583628749952,24,24,34.962891082977876,36.58,1.046252150978711,
brass_track223200,test__brass_track223200__1_trumpet,brass,trumpet,tune,pelt-l2,pelt,l2,1,pelt-l2,0.5,3,0.75,1.0,0.9,True,True,1.0,1.0,1.0,0.9736485696244476,24,24,25.730087250005454,36.58,1.4216819260879983,
brass_track223200,test__brass_track223200__1_trumpet,brass,trumpet,tune,pelt-rbf,pelt,rbf,1,pelt-rbf,0.5,3,0.75,1.0,0.9,True,True,1.0,1.0,1.0,0.963250451150091,24,24,264.09481270890683,36.58,0.13851086140158142,
brass_track223200,test__brass_track223200__1_trumpet,brass,trumpet,tune,kernelcpd-linear,kernelcpd,l2,1,kernelcpd-linear,0.5,3,0.75,1.0,0.9,True,True,1.0,1.0,1.0,0.9736485696244476,24,24,0.13243174995295703,36.58,276.217749995708,
brass_track223200,test__brass_track223200__1_trumpet,brass,trumpet,tune,kernelcpd-gaussian,kernelcpd,rbf,1,kernelcpd-gaussian,0.5,3,0.75,1.0,0.9,True,True,1.0,1.0,1.0,0.963250451150091,24,24,0.3192887909244746,36.58,114.56712869275992,
brass_track223200,test__brass_track223200__1_trumpet,brass,trumpet,tune,kernelcpd-cosine,kernelcpd,cosine,1,kernelcpd-cosine,0.5,3,0.75,1.0,0.9,True,True,0.8823529411764706,0.625,0.7317073170731708,0.8804001678584666,17,24,0.18917120806872845,36.58,193.36980703062378,
brass_track223250,test__brass_track223250__4_tuba,brass,tuba,tune,pelt-l1,pelt,l1,1,pelt-l1,0.5,3,0.75,1.0,0.9,True,True,0.8181818181818182,0.7105263157894737,0.7605633802816901,0.9199068200001986,33,38,8.15461766696535,24.44,2.9970749087363493,
brass_track223250,test__brass_track223250__4_tuba,brass,tuba,tune,pelt-l2,pelt,l2,1,pelt-l2,0.5,3,0.75,1.0,0.9,True,True,0.8181818181818182,0.7105263157894737,0.7605633802816901,0.920320624579135,33,38,6.194595792097971,24.44,3.945374455453004,
brass_track223250,test__brass_track223250__4_tuba,brass,tuba,tune,pelt-rbf,pelt,rbf,1,pelt-rbf,0.5,3,0.75,1.0,0.9,True,True,0.8181818181818182,0.7105263157894737,0.7605633802816901,0.9100884494592053,33,38,9.229747792007402,24.44,2.6479596789377147,
brass_track223250,test__brass_track223250__4_tuba,brass,tuba,tune,kernelcpd-linear,kernelcpd,l2,1,kernelcpd-linear,0.5,3,0.75,1.0,0.9,True,True,0.8181818181818182,0.7105263157894737,0.7605633802816901,0.920320624579135,33,38,0.11326379096135497,24.44,215.77946307958916,
brass_track223250,test__brass_track223250__4_tuba,brass,tuba,tune,kernelcpd-gaussian,kernelcpd,rbf,1,kernelcpd-gaussian,0.5,3,0.75,1.0,0.9,True,True,0.8181818181818182,0.7105263157894737,0.7605633802816901,0.9100884494592053,33,38,0.11259579099714756,24.44,217.05962348645122,
brass_track223250,test__brass_track223250__4_tuba,brass,tuba,tune,kernelcpd-cosine,kernelcpd,cosine,1,kernelcpd-cosine,0.5,3,0.75,1.0,0.9,True,True,0.6896551724137931,0.5263157894736842,0.5970149253731344,0.8998236453070139,29,38,0.07130375015549362,24.44,342.75897055488906,
brass_track223259,test__brass_track223259__3_trombone,brass,trombone,holdout,pelt-l1,pelt,l1,1,pelt-l1,0.5,3,0.75,1.0,0.9,True,True,0.9473684210526315,0.9473684210526315,0.9473684210526315,0.8864125187289993,19,19,16.38428350002505,15.132,0.9235680034453057,
brass_track223259,test__brass_track223259__3_trombone,brass,trombone,holdout,pelt-l2,pelt,l2,1,pelt-l2,0.5,3,0.75,1.0,0.9,True,True,0.9473684210526315,0.9473684210526315,0.9473684210526315,0.8864125187289993,19,19,13.169747665990144,15.132,1.1489969575557792,
brass_track223259,test__brass_track223259__3_trombone,brass,trombone,holdout,pelt-rbf,pelt,rbf,1,pelt-rbf,0.5,3,0.75,1.0,0.9,True,True,0.9473684210526315,0.9473684210526315,0.9473684210526315,0.8864125187289993,19,19,56.46637445897795,15.132,0.2679824965740131,
brass_track223259,test__brass_track223259__3_trombone,brass,trombone,holdout,kernelcpd-linear,kernelcpd,l2,1,kernelcpd-linear,0.5,3,0.75,1.0,0.9,True,True,0.9473684210526315,0.9473684210526315,0.9473684210526315,0.8864125187289993,19,19,0.06401299987919629,15.132,236.38948383229544,
brass_track223259,test__brass_track223259__3_trombone,brass,trombone,holdout,kernelcpd-gaussian,kernelcpd,rbf,1,kernelcpd-gaussian,0.5,3,0.75,1.0,0.9,True,True,0.9473684210526315,0.9473684210526315,0.9473684210526315,0.8864125187289993,19,19,0.0837141249794513,15.132,180.75802624365176,
brass_track223259,test__brass_track223259__3_trombone,brass,trombone,holdout,kernelcpd-cosine,kernelcpd,cosine,1,kernelcpd-cosine,0.5,3,0.75,1.0,0.9,True,True,0.9473684210526315,0.9473684210526315,0.9473684210526315,0.8864125187289993,19,19,0.062207625014707446,15.132,243.24992308294063,
brass_track223337,test__brass_track223337__4_tuba,brass,tuba,tune,pelt-l1,pelt,l1,1,pelt-l1,0.5,3,0.75,1.0,0.9,True,True,0.9354838709677419,0.90625,0.9206349206349206,0.8276284519801684,31,32,5.485581041080877,14.836,2.7045448584014937,
brass_track223337,test__brass_track223337__4_tuba,brass,tuba,tune,pelt-l2,pelt,l2,1,pelt-l2,0.5,3,0.75,1.0,0.9,True,True,0.9354838709677419,0.90625,0.9206349206349206,0.8270439050751522,31,32,5.21813195804134,14.836,2.843163055149872,
brass_track223337,test__brass_track223337__4_tuba,brass,tuba,tune,pelt-rbf,pelt,rbf,1,pelt-rbf,0.5,3,0.75,1.0,0.9,True,True,0.9354838709677419,0.90625,0.9206349206349206,0.8326497573907009,31,32,6.823898666072637,14.836,2.174123726919083,
brass_track223337,test__brass_track223337__4_tuba,brass,tuba,tune,kernelcpd-linear,kernelcpd,l2,1,kernelcpd-linear,0.5,3,0.75,1.0,0.9,True,True,0.9354838709677419,0.90625,0.9206349206349206,0.8270439050751522,31,32,0.04217387503013015,14.836,351.78176037655453,
brass_track223337,test__brass_track223337__4_tuba,brass,tuba,tune,kernelcpd-gaussian,kernelcpd,rbf,1,kernelcpd-gaussian,0.5,3,0.75,1.0,0.9,True,True,0.9354838709677419,0.90625,0.9206349206349206,0.8326497573907009,31,32,0.06638820888474584,14.836,223.47341868728893,
brass_track223337,test__brass_track223337__4_tuba,brass,tuba,tune,kernelcpd-cosine,kernelcpd,cosine,1,kernelcpd-cosine,0.5,3,0.75,1.0,0.9,True,True,0.9230769230769231,0.75,0.8275862068965517,0.8336183598131415,26,32,0.04665833292528987,14.836,317.97106904260085,
brass_track223354,test__brass_track223354__4_tuba,brass,tuba,tune,pelt-l1,pelt,l1,1,pelt-l1,0.5,3,0.75,1.0,0.9,True,True,0.8125,0.8387096774193549,0.8253968253968254,0.9065942229450398,32,31,6.890685165999457,20.612,2.991284538975209,
brass_track223354,test__brass_track223354__4_tuba,brass,tuba,tune,pelt-l2,pelt,l2,1,pelt-l2,0.5,3,0.75,1.0,0.9,True,True,0.8125,0.8387096774193549,0.8253968253968254,0.9066534237018747,32,31,6.173270999919623,20.612,3.338910603514469,
brass_track223354,test__brass_track223354__4_tuba,brass,tuba,tune,pelt-rbf,pelt,rbf,1,pelt-rbf,0.5,3,0.75,1.0,0.9,True,True,0.8125,0.8387096774193549,0.8253968253968254,0.9026111236863344,32,31,8.916895666858181,20.612,2.3115668019543536,
brass_track223354,test__brass_track223354__4_tuba,brass,tuba,tune,kernelcpd-linear,kernelcpd,l2,1,kernelcpd-linear,0.5,3,0.75,1.0,0.9,True,True,0.8125,0.8387096774193549,0.8253968253968254,0.9066534237018747,32,31,0.0527066660579294,20.612,391.0700778786794,
brass_track223354,test__brass_track223354__4_tuba,brass,tuba,tune,kernelcpd-gaussian,kernelcpd,rbf,1,kernelcpd-gaussian,0.5,3,0.75,1.0,0.9,True,True,0.8125,0.8387096774193549,0.8253968253968254,0.9026111236863344,32,31,0.08920720801688731,20.612,231.05756203128854,
brass_track223354,test__brass_track223354__4_tuba,brass,tuba,tune,kernelcpd-cosine,kernelcpd,cosine,1,kernelcpd-cosine,0.5,3,0.75,1.0,0.9,True,True,0.6923076923076923,0.5806451612903226,0.631578947368421,0.8979824049114349,26,31,0.05779454205185175,20.612,356.6426736543297,
brass_track223386,test__brass_track223386__3_trombone,brass,trombone,tune,pelt-l1,pelt,l1,1,pelt-l1,0.5,3,0.75,1.0,0.9,True,True,1.0,1.0,1.0,0.9316083979628093,17,17,17.78986091702245,20.036,1.126259507786725,
brass_track223386,test__brass_track223386__3_trombone,brass,trombone,tune,pelt-l2,pelt,l2,1,pelt-l2,0.5,3,0.75,1.0,0.9,True,True,1.0,1.0,1.0,0.9316083979628093,17,17,13.269746500067413,20.036,1.509900735473599,
brass_track223386,test__brass_track223386__3_trombone,brass,trombone,tune,pelt-rbf,pelt,rbf,1,pelt-rbf,0.5,3,0.75,1.0,0.9,True,True,1.0,1.0,1.0,0.9301003675842644,17,17,16.218332707881927,20.036,1.2353920936806735,
brass_track223386,test__brass_track223386__3_trombone,brass,trombone,tune,kernelcpd-linear,kernelcpd,l2,1,kernelcpd-linear,0.5,3,0.75,1.0,0.9,True,True,1.0,1.0,1.0,0.9316083979628093,17,17,0.06017533293925226,20.036,332.9603513822947,
brass_track223386,test__brass_track223386__3_trombone,brass,trombone,tune,kernelcpd-gaussian,kernelcpd,rbf,1,kernelcpd-gaussian,0.5,3,0.75,1.0,0.9,True,True,1.0,1.0,1.0,0.9301003675842644,17,17,0.09930370911024511,20.036,201.76487041140035,
brass_track223386,test__brass_track223386__3_trombone,brass,trombone,tune,kernelcpd-cosine,kernelcpd,cosine,1,kernelcpd-cosine,0.5,3,0.75,1.0,0.9,True,True,1.0,0.9411764705882353,0.9696969696969697,0.9197958265202496,16,17,0.06884087482467294,20.036,291.0480154563491,
brass_track223471,test__brass_track223471__4_tuba,brass,tuba,tune,pelt-l1,pelt,l1,1,pelt-l1,0.5,3,0.75,1.0,0.9,True,True,0.84375,0.75,0.7941176470588235,0.8426861307666862,32,36,2.4871767500881106,16.004,6.434605019298707,
brass_track223471,test__brass_track223471__4_tuba,brass,tuba,tune,pelt-l2,pelt,l2,1,pelt-l2,0.5,3,0.75,1.0,0.9,True,True,0.84375,0.75,0.7941176470588235,0.8447227149002073,32,36,2.0212409999221563,16.004,7.9179078598823,
brass_track223471,test__brass_track223471__4_tuba,brass,tuba,tune,pelt-rbf,pelt,rbf,1,pelt-rbf,0.5,3,0.75,1.0,0.9,True,True,0.8181818181818182,0.75,0.7826086956521738,0.8181309296412681,33,36,0.8731398340314627,16.004,18.32925194365066,
brass_track223471,test__brass_track223471__4_tuba,brass,tuba,tune,kernelcpd-linear,kernelcpd,l2,1,kernelcpd-linear,0.5,3,0.75,1.0,0.9,True,True,0.84375,0.75,0.7941176470588235,0.8447227149002073,32,36,0.03556516603566706,16.004,449.9908698289261,
brass_track223471,test__brass_track223471__4_tuba,brass,tuba,tune,kernelcpd-gaussian,kernelcpd,rbf,1,kernelcpd-gaussian,0.5,3,0.75,1.0,0.9,True,True,0.8181818181818182,0.75,0.7826086956521738,0.8181309296412681,33,36,0.0548792090266943,16.004,291.6222788891755,
brass_track223471,test__brass_track223471__4_tuba,brass,tuba,tune,kernelcpd-cosine,kernelcpd,cosine,1,kernelcpd-cosine,0.5,3,0.75,1.0,0.9,True,True,0.75,0.5833333333333334,0.6562499999999999,0.8318680762946348,28,36,0.04332199995405972,16.004,369.4196947733541,
brass_track223504,test__brass_track223504__1_trumpet,brass,trumpet,tune,pelt-l1,pelt,l1,1,pelt-l1,0.5,3,0.75,1.0,0.9,True,True,1.0,1.0,1.0,0.94587028122644,19,19,29.201992916874588,20.216,0.6922815185095821,
brass_track223504,test__brass_track223504__1_trumpet,brass,trumpet,tune,pelt-l2,pelt,l2,1,pelt-l2,0.5,3,0.75,1.0,0.9,True,True,1.0,1.0,1.0,0.946996950182967,19,19,23.447883458109573,20.216,0.8621673694394021,
brass_track223504,test__brass_track223504__1_trumpet,brass,trumpet,tune,pelt-rbf,pelt,rbf,1,pelt-rbf,0.5,3,0.75,1.0,0.9,True,True,1.0,1.0,1.0,0.9445236950035977,19,19,104.65990458289161,20.216,0.1931589760239915,
brass_track223504,test__brass_track223504__1_trumpet,brass,trumpet,tune,kernelcpd-linear,kernelcpd,l2,1,kernelcpd-linear,0.5,3,0.75,1.0,0.9,True,True,1.0,1.0,1.0,0.946996950182967,19,19,0.05944725009612739,20.216,340.0661925877198,
brass_track223504,test__brass_track223504__1_trumpet,brass,trumpet,tune,kernelcpd-gaussian,kernelcpd,rbf,1,kernelcpd-gaussian,0.5,3,0.75,1.0,0.9,True,True,1.0,1.0,1.0,0.9445236950035977,19,19,0.14610266592353582,20.216,138.3684539375909,
brass_track223504,test__brass_track223504__1_trumpet,brass,trumpet,tune,kernelcpd-cosine,kernelcpd,cosine,1,kernelcpd-cosine,0.5,3,0.75,1.0,0.9,True,True,0.8666666666666667,0.6842105263157895,0.7647058823529413,0.9043449359852763,15,19,0.08049824996851385,20.216,251.13589435680035,
brass_track223593,test__brass_track223593__4_tuba,brass,tuba,tune,pelt-l1,pelt,l1,1,pelt-l1,0.5,3,0.75,1.0,0.9,True,True,0.8275862068965517,0.8275862068965517,0.8275862068965517,0.8989092578598115,29,29,7.2520739999599755,16.248,2.2404625214924274,
brass_track223593,test__brass_track223593__4_tuba,brass,tuba,tune,pelt-l2,pelt,l2,1,pelt-l2,0.5,3,0.75,1.0,0.9,True,True,0.8275862068965517,0.8275862068965517,0.8275862068965517,0.8877978005461697,29,29,6.399946124991402,16.248,2.5387713713014777,
brass_track223593,test__brass_track223593__4_tuba,brass,tuba,tune,pelt-rbf,pelt,rbf,1,pelt-rbf,0.5,3,0.75,1.0,0.9,True,True,0.8275862068965517,0.8275862068965517,0.8275862068965517,0.9011261193646772,29,29,21.873381957877427,16.248,0.7428206589767197,
brass_track223593,test__brass_track223593__4_tuba,brass,tuba,tune,kernelcpd-linear,kernelcpd,l2,1,kernelcpd-linear,0.5,3,0.75,1.0,0.9,True,True,0.8275862068965517,0.8275862068965517,0.8275862068965517,0.8877978005461697,29,29,0.05791612481698394,16.248,280.5436318701224,
brass_track223593,test__brass_track223593__4_tuba,brass,tuba,tune,kernelcpd-gaussian,kernelcpd,rbf,1,kernelcpd-gaussian,0.5,3,0.75,1.0,0.9,True,True,0.8275862068965517,0.8275862068965517,0.8275862068965517,0.9011261193646772,29,29,0.07957491604611278,16.248,204.18494680640902,
brass_track223593,test__brass_track223593__4_tuba,brass,tuba,tune,kernelcpd-cosine,kernelcpd,cosine,1,kernelcpd-cosine,0.5,3,0.75,1.0,0.9,True,True,0.6956521739130435,0.5517241379310345,0.6153846153846154,0.8755777212406831,23,29,0.047092583030462265,16.248,345.0224845277617,
brass_track223610,test__brass_track223610__3_trombone,brass,trombone,tune,pelt-l1,pelt,l1,1,pelt-l1,0.5,3,0.75,1.0,0.9,True,True,0.9130434782608695,0.9130434782608695,0.9130434782608695,0.9159023285799073,23,23,12.978847707854584,18.012,1.3877965444574434,
brass_track223610,test__brass_track223610__3_trombone,brass,trombone,tune,pelt-l2,pelt,l2,1,pelt-l2,0.5,3,0.75,1.0,0.9,True,True,0.9130434782608695,0.9130434782608695,0.9130434782608695,0.9138529063416213,23,23,9.351969208102673,18.012,1.9260114740748033,
brass_track223610,test__brass_track223610__3_trombone,brass,trombone,tune,pelt-rbf,pelt,rbf,1,pelt-rbf,0.5,3,0.75,1.0,0.9,True,True,0.9130434782608695,0.9130434782608695,0.9130434782608695,0.9159023285799073,23,23,41.702839124947786,18.012,0.4319130394463893,
brass_track223610,test__brass_track223610__3_trombone,brass,trombone,tune,kernelcpd-linear,kernelcpd,l2,1,kernelcpd-linear,0.5,3,0.75,1.0,0.9,True,True,0.9130434782608695,0.9130434782608695,0.9130434782608695,0.9138529063416213,23,23,0.05187395797111094,18.012,347.22625194767363,
brass_track223610,test__brass_track223610__3_trombone,brass,trombone,tune,kernelcpd-gaussian,kernelcpd,rbf,1,kernelcpd-gaussian,0.5,3,0.75,1.0,0.9,True,True,0.9130434782608695,0.9130434782608695,0.9130434782608695,0.9159023285799073,23,23,0.08251195796765387,18.012,218.29563185327657,
brass_track223610,test__brass_track223610__3_trombone,brass,trombone,tune,kernelcpd-cosine,kernelcpd,cosine,1,kernelcpd-cosine,0.5,3,0.75,1.0,0.9,True,True,0.8636363636363636,0.8260869565217391,0.8444444444444444,0.911995956582248,22,23,0.04539508395828307,18.012,396.78305290838483,
brass_track223658,test__brass_track223658__1_trumpet,brass,trumpet,holdout,pelt-l1,pelt,l1,1,pelt-l1,0.5,3,0.75,1.0,0.9,True,True,0.9615384615384616,0.9615384615384616,0.9615384615384616,0.9510977708983884,26,26,16.19386020815,33.02,2.039044401740716,
brass_track223658,test__brass_track223658__1_trumpet,brass,trumpet,holdout,pelt-l2,pelt,l2,1,pelt-l2,0.5,3,0.75,1.0,0.9,True,True,0.9615384615384616,0.9615384615384616,0.9615384615384616,0.9514399458211957,26,26,11.683779583778232,33.02,2.8261402710681907,
brass_track223658,test__brass_track223658__1_trumpet,brass,trumpet,holdout,pelt-rbf,pelt,rbf,1,pelt-rbf,0.5,3,0.75,1.0,0.9,True,True,0.9615384615384616,0.9615384615384616,0.9615384615384616,0.9519544218720634,26,26,78.67000733292662,33.02,0.41972793850471374,
brass_track223658,test__brass_track223658__1_trumpet,brass,trumpet,holdout,kernelcpd-linear,kernelcpd,l2,1,kernelcpd-linear,0.5,3,0.75,1.0,0.9,True,True,0.9615384615384616,0.9615384615384616,0.9615384615384616,0.9514399458211957,26,26,0.09068995900452137,33.02,364.0976395011247,
brass_track223658,test__brass_track223658__1_trumpet,brass,trumpet,holdout,kernelcpd-gaussian,kernelcpd,rbf,1,kernelcpd-gaussian,0.5,3,0.75,1.0,0.9,True,True,0.9615384615384616,0.9615384615384616,0.9615384615384616,0.9519544218720634,26,26,0.20287566701881588,33.02,162.75978526758232,
brass_track223658,test__brass_track223658__1_trumpet,brass,trumpet,holdout,kernelcpd-cosine,kernelcpd,cosine,1,kernelcpd-cosine,0.5,3,0.75,1.0,0.9,True,True,0.8260869565217391,0.7307692307692307,0.7755102040816326,0.9502659616603831,23,26,0.11086654104292393,33.02,297.8355750019813,
brass_track223748,test__brass_track223748__2_horn,brass,horn,holdout,pelt-l1,pelt,l1,1,pelt-l1,0.5,3,0.75,1.0,0.9,True,True,1.0,1.0,1.0,0.9359315762651446,25,25,21.559812291990966,24.42,1.1326629225372031,
brass_track223748,test__brass_track223748__2_horn,brass,horn,holdout,pelt-l2,pelt,l2,1,pelt-l2,0.5,3,0.75,1.0,0.9,True,True,1.0,1.0,1.0,0.936715464194512,25,25,16.201562750153244,24.42,1.5072620077818741,
brass_track223748,test__brass_track223748__2_horn,brass,horn,holdout,pelt-rbf,pelt,rbf,1,pelt-rbf,0.5,3,0.75,1.0,0.9,True,True,1.0,1.0,1.0,0.9324451016069708,25,25,231.23307270905934,24.42,0.10560773039039092,
brass_track223748,test__brass_track223748__2_horn,brass,horn,holdout,kernelcpd-linear,kernelcpd,l2,1,kernelcpd-linear,0.5,3,0.75,1.0,0.9,True,True,1.0,1.0,1.0,0.936715464194512,25,25,0.08196549979038537,24.42,297.9302275036514,
brass_track223748,test__brass_track223748__2_horn,brass,horn,holdout,kernelcpd-gaussian,kernelcpd,rbf,1,kernelcpd-gaussian,0.5,3,0.75,1.0,0.9,True,True,1.0,1.0,1.0,0.9324451016069708,25,25,0.13783629215322435,24.42,177.1666925924977,
brass_track223748,test__brass_track223748__2_horn,brass,horn,holdout,kernelcpd-cosine,kernelcpd,cosine,1,kernelcpd-cosine,0.5,3,0.75,1.0,0.9,True,True,0.9130434782608695,0.84,0.8749999999999999,0.927799545622878,23,25,0.09064275003038347,24.42,269.4093018119421,
brass_track223753,test__brass_track223753__3_trombone,brass,trombone,tune,pelt-l1,pelt,l1,1,pelt-l1,0.5,3,0.75,1.0,0.9,True,True,0.9375,0.9375,0.9375,0.9606573317109995,16,16,131.36255083302967,39.396,0.2999028242841818,
brass_track223753,test__brass_track223753__3_trombone,brass,trombone,tune,pelt-l2,pelt,l2,1,pelt-l2,0.5,3,0.75,1.0,0.9,True,True,0.9375,0.9375,0.9375,0.9606573317109995,16,16,92.62976412498392,39.396,0.4253060597978376,
brass_track223753,test__brass_track223753__3_trombone,brass,trombone,tune,pelt-rbf,pelt,rbf,1,pelt-rbf,0.5,3,0.75,1.0,0.9,True,True,0.9375,0.9375,0.9375,0.9628917205316341,16,16,1529.8191837081686,39.396,0.02575206300165946,
brass_track223753,test__brass_track223753__3_trombone,brass,trombone,tune,kernelcpd-linear,kernelcpd,l2,1,kernelcpd-linear,0.5,3,0.75,1.0,0.9,True,True,0.9375,0.9375,0.9375,0.9606573317109995,16,16,0.1660193749703467,39.396,237.29760461414014,
brass_track223753,test__brass_track223753__3_trombone,brass,trombone,tune,kernelcpd-gaussian,kernelcpd,rbf,1,kernelcpd-gaussian,0.5,3,0.75,1.0,0.9,True,True,0.9375,0.9375,0.9375,0.9628917205316341,16,16,0.5709601249545813,39.396,68.99956455476443,
brass_track223753,test__brass_track223753__3_trombone,brass,trombone,tune,kernelcpd-cosine,kernelcpd,cosine,1,kernelcpd-cosine,0.5,3,0.75,1.0,0.9,True,True,0.8666666666666667,0.8125,0.8387096774193549,0.9620604724228795,15,16,0.20658041699789464,39.396,190.70539488939798,
brass_track223753,test__brass_track223753__4_tuba,brass,tuba,tune,pelt-l1,pelt,l1,1,pelt-l1,0.5,3,0.75,1.0,0.9,True,True,0.84,0.7777777777777778,0.8076923076923077,0.9589773388032773,25,27,58.83845083299093,39.396,0.6695621560775445,
brass_track223753,test__brass_track223753__4_tuba,brass,tuba,tune,pelt-l2,pelt,l2,1,pelt-l2,0.5,3,0.75,1.0,0.9,True,True,0.84,0.7777777777777778,0.8076923076923077,0.9594247979770538,25,27,38.90910929115489,39.396,1.0125135403435153,
brass_track223753,test__brass_track223753__4_tuba,brass,tuba,tune,pelt-rbf,pelt,rbf,1,pelt-rbf,0.5,3,0.75,1.0,0.9,True,True,0.84,0.7777777777777778,0.8076923076923077,0.955008040490367,25,27,210.47883687494323,39.396,0.1871732122094882,
brass_track223753,test__brass_track223753__4_tuba,brass,tuba,tune,kernelcpd-linear,kernelcpd,l2,1,kernelcpd-linear,0.5,3,0.75,1.0,0.9,True,True,0.84,0.7777777777777778,0.8076923076923077,0.9594247979770538,25,27,0.15234325011260808,39.396,258.6002331634616,
brass_track223753,test__brass_track223753__4_tuba,brass,tuba,tune,kernelcpd-gaussian,kernelcpd,rbf,1,kernelcpd-gaussian,0.5,3,0.75,1.0,0.9,True,True,0.84,0.7777777777777778,0.8076923076923077,0.955008040490367,25,27,0.31578379101119936,39.396,124.75624500499714,
brass_track223753,test__brass_track223753__4_tuba,brass,tuba,tune,kernelcpd-cosine,kernelcpd,cosine,1,kernelcpd-cosine,0.5,3,0.75,1.0,0.9,True,True,0.8095238095238095,0.6296296296296297,0.7083333333333334,0.9087586011582506,21,27,0.18232162506319582,39.396,216.07968877166746,
brass_track223799,test__brass_track223799__1_trumpet,brass,trumpet,tune,pelt-l1,pelt,l1,1,pelt-l1,0.5,3,0.75,1.0,0.9,True,True,1.0,1.0,1.0,0.8986420389938329,19,19,19.51762425014749,13.98,0.7162757014288947,
brass_track223799,test__brass_track223799__1_trumpet,brass,trumpet,tune,pelt-l2,pelt,l2,1,pelt-l2,0.5,3,0.75,1.0,0.9,True,True,1.0,1.0,1.0,0.9011197891365761,19,19,16.001774249831215,13.98,0.8736531200686987,
brass_track223799,test__brass_track223799__1_trumpet,brass,trumpet,tune,pelt-rbf,pelt,rbf,1,pelt-rbf,0.5,3,0.75,1.0,0.9,True,True,1.0,1.0,1.0,0.9011197891365761,19,19,1.6602553338743746,13.98,8.420391559517686,
brass_track223799,test__brass_track223799__1_trumpet,brass,trumpet,tune,kernelcpd-linear,kernelcpd,l2,1,kernelcpd-linear,0.5,3,0.75,1.0,0.9,True,True,1.0,1.0,1.0,0.9011197891365761,19,19,0.04368962487205863,13.98,319.98443660112093,
brass_track223799,test__brass_track223799__1_trumpet,brass,trumpet,tune,kernelcpd-gaussian,kernelcpd,rbf,1,kernelcpd-gaussian,0.5,3,0.75,1.0,0.9,True,True,1.0,1.0,1.0,0.9011197891365761,19,19,0.07115933299064636,13.98,196.46052615245313,
brass_track223799,test__brass_track223799__1_trumpet,brass,trumpet,tune,kernelcpd-cosine,kernelcpd,cosine,1,kernelcpd-cosine,0.5,3,0.75,1.0,0.9,True,True,0.8823529411764706,0.7894736842105263,0.8333333333333333,0.8925609072517389,17,19,0.04408833384513855,13.98,317.0906854657997,
brass_track223822,test__brass_track223822__2_horn,brass,horn,tune,pelt-l1,pelt,l1,1,pelt-l1,0.5,3,0.75,1.0,0.9,True,True,1.0,1.0,1.0,0.9304370555101373,17,17,22.00019425014034,19.312,0.87781043114548,
brass_track223822,test__brass_track223822__2_horn,brass,horn,tune,pelt-l2,pelt,l2,1,pelt-l2,0.5,3,0.75,1.0,0.9,True,True,1.0,1.0,1.0,0.9311952101447758,17,17,17.14677216601558,19.312,1.126276118503274,
brass_track223822,test__brass_track223822__2_horn,brass,horn,tune,pelt-rbf,pelt,rbf,1,pelt-rbf,0.5,3,0.75,1.0,0.9,True,True,1.0,1.0,1.0,0.9302213779308646,17,17,46.05503679206595,19.312,0.41932438545629264,
brass_track223822,test__brass_track223822__2_horn,brass,horn,tune,kernelcpd-linear,kernelcpd,l2,1,kernelcpd-linear,0.5,3,0.75,1.0,0.9,True,True,1.0,1.0,1.0,0.9311952101447758,17,17,0.07302341610193253,19.312,264.46311376398234,
brass_track223822,test__brass_track223822__2_horn,brass,horn,tune,kernelcpd-gaussian,kernelcpd,rbf,1,kernelcpd-gaussian,0.5,3,0.75,1.0,0.9,True,True,1.0,1.0,1.0,0.9302213779308646,17,17,0.13486883300356567,19.312,143.19097726225175,
brass_track223822,test__brass_track223822__2_horn,brass,horn,tune,kernelcpd-cosine,kernelcpd,cosine,1,kernelcpd-cosine,0.5,3,0.75,1.0,0.9,True,True,0.8666666666666667,0.7647058823529411,0.8125,0.9184858178049831,15,17,0.06682775006629527,19.312,288.9817475650741,
brass_track223842,test__brass_track223842__2_horn,brass,horn,tune,pelt-l1,pelt,l1,1,pelt-l1,0.5,3,0.75,1.0,0.9,True,True,1.0,1.0,1.0,0.9245973930811453,11,11,43.50841962499544,14.34,0.3295913784871588,
brass_track223842,test__brass_track223842__2_horn,brass,horn,tune,pelt-l2,pelt,l2,1,pelt-l2,0.5,3,0.75,1.0,0.9,True,True,1.0,1.0,1.0,0.9245973930811453,11,11,29.440940500004217,14.34,0.4870768309863588,
brass_track223842,test__brass_track223842__2_horn,brass,horn,tune,pelt-rbf,pelt,rbf,1,pelt-rbf,0.5,3,0.75,1.0,0.9,True,True,1.0,1.0,1.0,0.9245973930811453,11,11,192.20862750010565,14.34,0.07460643253379518,
brass_track223842,test__brass_track223842__2_horn,brass,horn,tune,kernelcpd-linear,kernelcpd,l2,1,kernelcpd-linear,0.5,3,0.75,1.0,0.9,True,True,1.0,1.0,1.0,0.9245973930811453,11,11,0.08370966697111726,14.34,171.30637976313773,
brass_track223842,test__brass_track223842__2_horn,brass,horn,tune,kernelcpd-gaussian,kernelcpd,rbf,1,kernelcpd-gaussian,0.5,3,0.75,1.0,0.9,True,True,1.0,1.0,1.0,0.9245973930811453,11,11,0.2354455830063671,14.34,60.90579324910167,
brass_track223842,test__brass_track223842__2_horn,brass,horn,tune,kernelcpd-cosine,kernelcpd,cosine,1,kernelcpd-cosine,0.5,3,0.75,1.0,0.9,True,True,0.8,0.7272727272727273,0.761904761904762,0.9108217938566371,10,11,0.08947825012728572,14.34,160.26240991079825,
brass_track223989,test__brass_track223989__3_trombone,brass,trombone,tune,pelt-l1,pelt,l1,1,pelt-l1,0.5,3,0.75,1.0,0.9,True,True,1.0,1.0,1.0,0.9506758766606114,19,19,85.12932491698302,31.508,0.370119227783448,
brass_track223989,test__brass_track223989__3_trombone,brass,trombone,tune,pelt-l2,pelt,l2,1,pelt-l2,0.5,3,0.75,1.0,0.9,True,True,1.0,1.0,1.0,0.9500460183016873,19,19,54.754395708907396,31.508,0.5754423839778458,
brass_track223989,test__brass_track223989__3_trombone,brass,trombone,tune,pelt-rbf,pelt,rbf,1,pelt-rbf,0.5,3,0.75,1.0,0.9,True,True,1.0,1.0,1.0,0.9500460183016873,19,19,513.2608354999684,31.508,0.0613878905631052,
brass_track223989,test__brass_track223989__3_trombone,brass,trombone,tune,kernelcpd-linear,kernelcpd,l2,1,kernelcpd-linear,0.5,3,0.75,1.0,0.9,True,True,1.0,1.0,1.0,0.9500460183016873,19,19,0.12784783309325576,31.508,246.44922982008768,
brass_track223989,test__brass_track223989__3_trombone,brass,trombone,tune,kernelcpd-gaussian,kernelcpd,rbf,1,kernelcpd-gaussian,0.5,3,0.75,1.0,0.9,True,True,1.0,1.0,1.0,0.9500460183016873,19,19,0.30241995910182595,31.508,104.18624515914023,
brass_track223989,test__brass_track223989__3_trombone,brass,trombone,tune,kernelcpd-cosine,kernelcpd,cosine,1,kernelcpd-cosine,0.5,3,0.75,1.0,0.9,True,True,1.0,0.9473684210526315,0.972972972972973,0.9265254120311285,18,19,0.12890454102307558,31.508,244.42893749072547,
brass_track223992,test__brass_track223992__3_trombone,brass,trombone,tune,pelt-l1,pelt,l1,1,pelt-l1,0.5,3,0.75,1.0,0.9,True,True,0.9310344827586207,0.9310344827586207,0.9310344827586207,0.9081778222628776,29,29,5.2732334160245955,15.052,2.8544156521232575,
brass_track223992,test__brass_track223992__3_trombone,brass,trombone,tune,pelt-l2,pelt,l2,1,pelt-l2,0.5,3,0.75,1.0,0.9,True,True,0.9310344827586207,0.9310344827586207,0.9310344827586207,0.9095416511616926,29,29,2.9838914999272674,15.052,5.044419343118506,
brass_track223992,test__brass_track223992__3_trombone,brass,trombone,tune,pelt-rbf,pelt,rbf,1,pelt-rbf,0.5,3,0.75,1.0,0.9,True,True,0.9310344827586207,0.9310344827586207,0.9310344827586207,0.9095416511616926,29,29,5.528834542026743,15.052,2.7224544134182542,
brass_track223992,test__brass_track223992__3_trombone,brass,trombone,tune,kernelcpd-linear,kernelcpd,l2,1,kernelcpd-linear,0.5,3,0.75,1.0,0.9,True,True,0.9310344827586207,0.9310344827586207,0.9310344827586207,0.9095416511616926,29,29,0.0371652499306947,15.052,405.00198513581324,
brass_track223992,test__brass_track223992__3_trombone,brass,trombone,tune,kernelcpd-gaussian,kernelcpd,rbf,1,kernelcpd-gaussian,0.5,3,0.75,1.0,0.9,True,True,0.9310344827586207,0.9310344827586207,0.9310344827586207,0.9095416511616926,29,29,0.061298917047679424,15.052,245.55083066626247,
brass_track223992,test__brass_track223992__3_trombone,brass,trombone,tune,kernelcpd-cosine,kernelcpd,cosine,1,kernelcpd-cosine,0.5,3,0.75,1.0,0.9,True,True,0.8888888888888888,0.8275862068965517,0.8571428571428572,0.8942276306388329,27,29,0.10443616705015302,15.052,144.1263158649975,
random_track234026,test__random_track234026__4_bassoon,random,bassoon,tune,pelt-l1,pelt,l1,1,pelt-l1,0.5,3,0.75,1.0,0.9,True,True,0.9629629629629629,1.0,0.9811320754716981,0.894647147606481,27,26,13.146674541058019,16.504,1.255374501624484,
random_track234026,test__random_track234026__4_bassoon,random,bassoon,tune,pelt-l2,pelt,l2,1,pelt-l2,0.5,3,0.75,1.0,0.9,True,True,0.9629629629629629,1.0,0.9811320754716981,0.8954849633129073,27,26,11.29399412497878,16.504,1.4613076487704486,
random_track234026,test__random_track234026__4_bassoon,random,bassoon,tune,pelt-rbf,pelt,rbf,1,pelt-rbf,0.5,3,0.75,1.0,0.9,True,True,0.9629629629629629,1.0,0.9811320754716981,0.8954849633129073,27,26,6.941956584108993,16.504,2.377427717969271,
random_track234026,test__random_track234026__4_bassoon,random,bassoon,tune,kernelcpd-linear,kernelcpd,l2,1,kernelcpd-linear,0.5,3,0.75,1.0,0.9,True,True,0.9629629629629629,1.0,0.9811320754716981,0.8954849633129073,27,26,0.04418908408842981,16.504,373.4859035994662,
random_track234026,test__random_track234026__4_bassoon,random,bassoon,tune,kernelcpd-gaussian,kernelcpd,rbf,1,kernelcpd-gaussian,0.5,3,0.75,1.0,0.9,True,True,0.9629629629629629,1.0,0.9811320754716981,0.8954849633129073,27,26,0.07572654099203646,16.504,217.94208191465646,
random_track234026,test__random_track234026__4_bassoon,random,bassoon,tune,kernelcpd-cosine,kernelcpd,cosine,1,kernelcpd-cosine,0.5,3,0.75,1.0,0.9,True,True,0.88,0.8461538461538461,0.8627450980392156,0.8930647251670748,25,26,0.04707287508063018,16.504,350.60531084474087,
random_track234084,test__random_track234084__3_horn,random,horn,tune,pelt-l1,pelt,l1,1,pelt-l1,0.5,3,0.75,1.0,0.9,True,True,1.0,1.0,1.0,0.9689332522092895,18,18,28.79013170907274,24.156,0.8390374953507986,
random_track234084,test__random_track234084__3_horn,random,horn,tune,pelt-l2,pelt,l2,1,pelt-l2,0.5,3,0.75,1.0,0.9,True,True,1.0,1.0,1.0,0.9700699135294304,18,18,21.08824620791711,24.156,1.1454722105307729,
random_track234084,test__random_track234084__3_horn,random,horn,tune,pelt-rbf,pelt,rbf,1,pelt-rbf,0.5,3,0.75,1.0,0.9,True,True,1.0,1.0,1.0,0.9675333434585903,18,18,163.33294187509455,24.156,0.14789423200662605,
random_track234084,test__random_track234084__3_horn,random,horn,tune,kernelcpd-linear,kernelcpd,l2,1,kernelcpd-linear,0.5,3,0.75,1.0,0.9,True,True,1.0,1.0,1.0,0.9700699135294304,18,18,0.07068829191848636,24.156,341.72561458770707,
random_track234084,test__random_track234084__3_horn,random,horn,tune,kernelcpd-gaussian,kernelcpd,rbf,1,kernelcpd-gaussian,0.5,3,0.75,1.0,0.9,True,True,1.0,1.0,1.0,0.9675333434585903,18,18,0.19814858306199312,24.156,121.90851747066246,
random_track234084,test__random_track234084__3_horn,random,horn,tune,kernelcpd-cosine,kernelcpd,cosine,1,kernelcpd-cosine,0.5,3,0.75,1.0,0.9,True,True,0.9230769230769231,0.6666666666666666,0.7741935483870968,0.8648286508643072,13,18,0.10491929110139608,24.156,230.23411373085966,
random_track234097,test__random_track234097__2_saxophone,random,saxophone,tune,pelt-l1,pelt,l1,1,pelt-l1,0.5,3,0.75,1.0,0.9,True,True,1.0,1.0,1.0,0.9486889811759701,27,27,50.597072874894366,34.688,0.6855732561005867,
random_track234097,test__random_track234097__2_saxophone,random,saxophone,tune,pelt-l2,pelt,l2,1,pelt-l2,0.5,3,0.75,1.0,0.9,True,True,1.0,1.0,1.0,0.9486889811759701,27,27,40.21667541703209,34.688,0.8625277858077087,
random_track234097,test__random_track234097__2_saxophone,random,saxophone,tune,pelt-rbf,pelt,rbf,1,pelt-rbf,0.5,3,0.75,1.0,0.9,True,True,1.0,1.0,1.0,0.9484876089157152,27,27,792.6636347088497,34.688,0.04376131120578166,
random_track234097,test__random_track234097__2_saxophone,random,saxophone,tune,kernelcpd-linear,kernelcpd,l2,1,kernelcpd-linear,0.5,3,0.75,1.0,0.9,True,True,1.0,1.0,1.0,0.9486889811759701,27,27,0.10954187507741153,34.688,316.6642891176231,
random_track234097,test__random_track234097__2_saxophone,random,saxophone,tune,kernelcpd-gaussian,kernelcpd,rbf,1,kernelcpd-gaussian,0.5,3,0.75,1.0,0.9,True,True,1.0,1.0,1.0,0.9484876089157152,27,27,0.2324315831065178,34.688,149.2396151004286,
random_track234097,test__random_track234097__2_saxophone,random,saxophone,tune,kernelcpd-cosine,kernelcpd,cosine,1,kernelcpd-cosine,0.5,3,0.75,1.0,0.9,True,True,0.9615384615384616,0.9259259259259259,0.9433962264150944,0.9443806165175288,26,27,0.12470766715705395,34.688,278.15450958853023,
random_track234122,test__random_track234122__2_trumpet,random,trumpet,tune,pelt-l1,pelt,l1,1,pelt-l1,0.5,3,0.75,1.0,0.9,True,True,1.0,1.0,1.0,0.9506626352256923,20,20,26.66350325010717,30.112,1.129333970766912,
random_track234122,test__random_track234122__2_trumpet,random,trumpet,tune,pelt-l2,pelt,l2,1,pelt-l2,0.5,3,0.75,1.0,0.9,True,True,1.0,1.0,1.0,0.9510803854044712,20,20,21.862975999945775,30.112,1.3773056330517255,
random_track234122,test__random_track234122__2_trumpet,random,trumpet,tune,pelt-rbf,pelt,rbf,1,pelt-rbf,0.5,3,0.75,1.0,0.9,True,True,1.0,1.0,1.0,0.9510803854044712,20,20,109.38985974993557,30.112,0.27527231563177623,
random_track234122,test__random_track234122__2_trumpet,random,trumpet,tune,kernelcpd-linear,kernelcpd,l2,1,kernelcpd-linear,0.5,3,0.75,1.0,0.9,True,True,1.0,1.0,1.0,0.9510803854044712,20,20,0.0956332499627024,30.112,314.86956693141644,
random_track234122,test__random_track234122__2_trumpet,random,trumpet,tune,kernelcpd-gaussian,kernelcpd,rbf,1,kernelcpd-gaussian,0.5,3,0.75,1.0,0.9,True,True,1.0,1.0,1.0,0.9510803854044712,20,20,0.20691774995066226,30.112,145.5264229732826,
random_track234122,test__random_track234122__2_trumpet,random,trumpet,tune,kernelcpd-cosine,kernelcpd,cosine,1,kernelcpd-cosine,0.5,3,0.75,1.0,0.9,True,True,0.9411764705882353,0.8,0.8648648648648648,0.9503839163820065,17,20,0.1069150841794908,30.112,281.64407511897457,
random_track234123,test__random_track234123__1_flute,random,flute,tune,pelt-l1,pelt,l1,1,pelt-l1,0.5,3,0.75,1.0,0.9,True,True,1.0,1.0,1.0,0.93389288845462,25,25,1.530448957812041,19.128,12.498293329132487,
random_track234123,test__random_track234123__1_flute,random,flute,tune,pelt-l2,pelt,l2,1,pelt-l2,0.5,3,0.75,1.0,0.9,True,True,1.0,1.0,1.0,0.93389288845462,25,25,1.0959269581362605,19.128,17.453717930736172,
random_track234123,test__random_track234123__1_flute,random,flute,tune,pelt-rbf,pelt,rbf,1,pelt-rbf,0.5,3,0.75,1.0,0.9,True,True,1.0,1.0,1.0,0.93389288845462,25,25,4.8591436659917235,19.128,3.936496081372001,
random_track234123,test__random_track234123__1_flute,random,flute,tune,kernelcpd-linear,kernelcpd,l2,1,kernelcpd-linear,0.5,3,0.75,1.0,0.9,True,True,1.0,1.0,1.0,0.93389288845462,25,25,0.04753929213620722,19.128,402.3619019230535,
random_track234123,test__random_track234123__1_flute,random,flute,tune,kernelcpd-gaussian,kernelcpd,rbf,1,kernelcpd-gaussian,0.5,3,0.75,1.0,0.9,True,True,1.0,1.0,1.0,0.93389288845462,25,25,0.06206258409656584,19.128,308.20502043933465,
random_track234123,test__random_track234123__1_flute,random,flute,tune,kernelcpd-cosine,kernelcpd,cosine,1,kernelcpd-cosine,0.5,3,0.75,1.0,0.9,True,True,1.0,0.96,0.9795918367346939,0.9342196146912038,24,25,0.050802000099793077,19.128,376.5206086852063,
random_track234132,test__random_track234132__2_violin,random,violin,tune,pelt-l1,pelt,l1,1,pelt-l1,0.5,3,0.75,1.0,0.9,True,True,1.0,1.0,1.0,0.9622172513801572,25,25,28.962805666960776,37.236,1.285648926011227,
random_track234132,test__random_track234132__2_violin,random,violin,tune,pelt-l2,pelt,l2,1,pelt-l2,0.5,3,0.75,1.0,0.9,True,True,1.0,1.0,1.0,0.9622172513801572,25,25,20.909555291058496,37.236,1.780812622826232,
random_track234132,test__random_track234132__2_violin,random,violin,tune,pelt-rbf,pelt,rbf,1,pelt-rbf,0.5,3,0.75,1.0,0.9,True,True,1.0,1.0,1.0,0.9621054780575933,25,25,251.85552845802158,37.236,0.1478466652210351,
random_track234132,test__random_track234132__2_violin,random,violin,tune,kernelcpd-linear,kernelcpd,l2,1,kernelcpd-linear,0.5,3,0.75,1.0,0.9,True,True,1.0,1.0,1.0,0.9622172513801572,25,25,0.11342724994756281,37.236,328.280902668575,
random_track234132,test__random_track234132__2_violin,random,violin,tune,kernelcpd-gaussian,kernelcpd,rbf,1,kernelcpd-gaussian,0.5,3,0.75,1.0,0.9,True,True,1.0,1.0,1.0,0.9621054780575933,25,25,0.24012133292853832,37.236,155.07160295117,
random_track234132,test__random_track234132__2_violin,random,violin,tune,kernelcpd-cosine,kernelcpd,cosine,1,kernelcpd-cosine,0.5,3,0.75,1.0,0.9,True,True,0.9565217391304348,0.88,0.9166666666666666,0.9508760108219313,23,25,0.13321708305738866,37.236,279.51370158704856,
random_track234148,test__random_track234148__2_clarinet,random,clarinet,tune,pelt-l1,pelt,l1,1,pelt-l1,0.5,3,0.75,1.0,0.9,True,True,1.0,1.0,1.0,0.9253939222381337,18,18,31.666056625079364,19.468,0.6147907909878946,
random_track234148,test__random_track234148__2_clarinet,random,clarinet,tune,pelt-l2,pelt,l2,1,pelt-l2,0.5,3,0.75,1.0,0.9,True,True,1.0,1.0,1.0,0.9253939222381337,18,18,24.821570666972548,19.468,0.7843178121642407,
random_track234148,test__random_track234148__2_clarinet,random,clarinet,tune,pelt-rbf,pelt,rbf,1,pelt-rbf,0.5,3,0.75,1.0,0.9,True,True,1.0,1.0,1.0,0.9094074154360475,18,18,267.9310142081231,19.468,0.07266049455878845,
random_track234148,test__random_track234148__2_clarinet,random,clarinet,tune,kernelcpd-linear,kernelcpd,l2,1,kernelcpd-linear,0.5,3,0.75,1.0,0.9,True,True,1.0,1.0,1.0,0.9253939222381337,18,18,0.06380574987269938,19.468,305.1135679596454,
random_track234148,test__random_track234148__2_clarinet,random,clarinet,tune,kernelcpd-gaussian,kernelcpd,rbf,1,kernelcpd-gaussian,0.5,3,0.75,1.0,0.9,True,True,1.0,1.0,1.0,0.9094074154360475,18,18,0.13812595885246992,19.468,140.9438179596165,
random_track234148,test__random_track234148__2_clarinet,random,clarinet,tune,kernelcpd-cosine,kernelcpd,cosine,1,kernelcpd-cosine,0.5,3,0.75,1.0,0.9,True,True,0.8571428571428571,0.6666666666666666,0.75,0.8281342720685411,14,18,0.07000687508843839,19.468,278.0869732495049,
random_track234182,test__random_track234182__1_trumpet,random,trumpet,tune,pelt-l1,pelt,l1,1,pelt-l1,0.5,3,0.75,1.0,0.9,True,True,1.0,0.9642857142857143,0.9818181818181818,0.9195176490338199,27,28,5.6094057080335915,16.872,3.0078052610522574,
random_track234182,test__random_track234182__1_trumpet,random,trumpet,tune,pelt-l2,pelt,l2,1,pelt-l2,0.5,3,0.75,1.0,0.9,True,True,1.0,0.9642857142857143,0.9818181818181818,0.9186582104969743,27,28,5.837025291984901,16.872,2.8905134303885496,
random_track234182,test__random_track234182__1_trumpet,random,trumpet,tune,pelt-rbf,pelt,rbf,1,pelt-rbf,0.5,3,0.75,1.0,0.9,True,True,1.0,0.9642857142857143,0.9818181818181818,0.9183465907856423,27,28,0.7693480830639601,16.872,21.930255460969725,
random_track234182,test__random_track234182__1_trumpet,random,trumpet,tune,kernelcpd-linear,kernelcpd,l2,1,kernelcpd-linear,0.5,3,0.75,1.0,0.9,True,True,1.0,0.9642857142857143,0.9818181818181818,0.9186582104969743,27,28,0.049026374937966466,16.872,344.141291730182,
random_track234182,test__random_track234182__1_trumpet,random,trumpet,tune,kernelcpd-gaussian,kernelcpd,rbf,1,kernelcpd-gaussian,0.5,3,0.75,1.0,0.9,True,True,1.0,0.9642857142857143,0.9818181818181818,0.9183465907856423,27,28,0.059958457946777344,16.872,281.39482864913873,
random_track234182,test__random_track234182__1_trumpet,random,trumpet,tune,kernelcpd-cosine,kernelcpd,cosine,1,kernelcpd-cosine,0.5,3,0.75,1.0,0.9,True,True,0.96,0.8571428571428571,0.9056603773584904,0.9029019176589387,25,28,0.049142250092700124,16.872,343.32982246790255,
random_track234184,test__random_track234184__4_tuba,random,tuba,tune,pelt-l1,pelt,l1,1,pelt-l1,0.5,3,0.75,1.0,0.9,True,True,0.8333333333333334,0.8333333333333334,0.8333333333333334,0.9152448317111583,30,30,2.4642194588668644,16.88,6.850039244378835,
random_track234184,test__random_track234184__4_tuba,random,tuba,tune,pelt-l2,pelt,l2,1,pelt-l2,0.5,3,0.75,1.0,0.9,True,True,0.8333333333333334,0.8333333333333334,0.8333333333333334,0.9138571430920599,30,30,1.8990037920884788,16.88,8.88887113881736,
random_track234184,test__random_track234184__4_tuba,random,tuba,tune,pelt-rbf,pelt,rbf,1,pelt-rbf,0.5,3,0.75,1.0,0.9,True,True,0.8333333333333334,0.8333333333333334,0.8333333333333334,0.9138571430920599,30,30,2.052467874949798,16.88,8.224245653741534,
random_track234184,test__random_track234184__4_tuba,random,tuba,tune,kernelcpd-linear,kernelcpd,l2,1,kernelcpd-linear,0.5,3,0.75,1.0,0.9,True,True,0.8333333333333334,0.8333333333333334,0.8333333333333334,0.9138571430920599,30,30,0.047320042038336396,16.88,356.71988596976826,
random_track234184,test__random_track234184__4_tuba,random,tuba,tune,kernelcpd-gaussian,kernelcpd,rbf,1,kernelcpd-gaussian,0.5,3,0.75,1.0,0.9,True,True,0.8333333333333334,0.8333333333333334,0.8333333333333334,0.9138571430920599,30,30,0.051733459113165736,16.88,326.28786648647235,
random_track234184,test__random_track234184__4_tuba,random,tuba,tune,kernelcpd-cosine,kernelcpd,cosine,1,kernelcpd-cosine,0.5,3,0.75,1.0,0.9,True,True,0.7407407407407407,0.6666666666666666,0.7017543859649122,0.8894901227935696,27,30,0.04254391696304083,16.88,396.7664757963908,
random_track234186,test__random_track234186__2_violin,random,violin,tune,pelt-l1,pelt,l1,1,pelt-l1,0.5,3,0.75,1.0,0.9,True,True,1.0,1.0,1.0,0.9168344192536396,23,23,6.10793083300814,17.708,2.899181487829464,
random_track234186,test__random_track234186__2_violin,random,violin,tune,pelt-l2,pelt,l2,1,pelt-l2,0.5,3,0.75,1.0,0.9,True,True,1.0,1.0,1.0,0.9168344192536396,23,23,4.628704583039507,17.708,3.825692411843613,
random_track234186,test__random_track234186__2_violin,random,violin,tune,pelt-rbf,pelt,rbf,1,pelt-rbf,0.5,3,0.75,1.0,0.9,True,True,1.0,1.0,1.0,0.9177661970248076,23,23,5.68452133401297,17.708,3.1151259639127944,
random_track234186,test__random_track234186__2_violin,random,violin,tune,kernelcpd-linear,kernelcpd,l2,1,kernelcpd-linear,0.5,3,0.75,1.0,0.9,True,True,1.0,1.0,1.0,0.9168344192536396,23,23,0.05315220798365772,17.708,333.15643266305204,
random_track234186,test__random_track234186__2_violin,random,violin,tune,kernelcpd-gaussian,kernelcpd,rbf,1,kernelcpd-gaussian,0.5,3,0.75,1.0,0.9,True,True,1.0,1.0,1.0,0.9177661970248076,23,23,0.07853149995207787,17.708,225.4891350707158,
random_track234186,test__random_track234186__2_violin,random,violin,tune,kernelcpd-cosine,kernelcpd,cosine,1,kernelcpd-cosine,0.5,3,0.75,1.0,0.9,True,True,0.9545454545454546,0.9130434782608695,0.9333333333333332,0.9156893783972583,22,23,0.05893758311867714,17.708,300.45344690064815,
random_track234195,test__random_track234195__4_double bass,random,double bass,tune,pelt-l1,pelt,l1,1,pelt-l1,0.5,3,0.75,1.0,0.9,True,True,0.8787878787878788,0.90625,0.8923076923076922,0.9187434833978779,33,32,13.007163624977693,33.024,2.538908631593126,
random_track234195,test__random_track234195__4_double bass,random,double bass,tune,pelt-l2,pelt,l2,1,pelt-l2,0.5,3,0.75,1.0,0.9,True,True,0.8787878787878788,0.90625,0.8923076923076922,0.9202893002572017,33,32,9.641184917185456,33.024,3.4253051138075956,
random_track234195,test__random_track234195__4_double bass,random,double bass,tune,pelt-rbf,pelt,rbf,1,pelt-rbf,0.5,3,0.75,1.0,0.9,True,True,0.8787878787878788,0.90625,0.8923076923076922,0.9200776272574636,33,32,53.63594112498686,33.024,0.6157065450393566,
random_track234195,test__random_track234195__4_double bass,random,double bass,tune,kernelcpd-linear,kernelcpd,l2,1,kernelcpd-linear,0.5,3,0.75,1.0,0.9,True,True,0.8787878787878788,0.90625,0.8923076923076922,0.9202893002572017,33,32,0.109782624989748,33.024,300.8126286202751,
random_track234195,test__random_track234195__4_double bass,random,double bass,tune,kernelcpd-gaussian,kernelcpd,rbf,1,kernelcpd-gaussian,0.5,3,0.75,1.0,0.9,True,True,0.8787878787878788,0.90625,0.8923076923076922,0.9200776272574636,33,32,0.18042583391070366,33.024,183.0336559028694,
random_track234195,test__random_track234195__4_double bass,random,double bass,tune,kernelcpd-cosine,kernelcpd,cosine,1,kernelcpd-cosine,0.5,3,0.75,1.0,0.9,True,True,0.7407407407407407,0.625,0.6779661016949152,0.9138229816382488,27,32,0.10363270808011293,33.024,318.6638717813965,
random_track234199,test__random_track234199__1_violin,random,violin,tune,pelt-l1,pelt,l1,1,pelt-l1,0.5,3,0.75,1.0,0.9,True,True,1.0,1.0,1.0,0.976130563987773,21,21,52.32776524988003,39.424,0.753405000418786,
random_track234199,test__random_track234199__1_violin,random,violin,tune,pelt-l2,pelt,l2,1,pelt-l2,0.5,3,0.75,1.0,0.9,True,True,1.0,1.0,1.0,0.9754942859716336,21,21,38.83368220785633,39.424,1.0152011799701097,
random_track234199,test__random_track234199__1_violin,random,violin,tune,pelt-rbf,pelt,rbf,1,pelt-rbf,0.5,3,0.75,1.0,0.9,True,True,1.0,1.0,1.0,0.9731804754593438,21,21,569.8783814169001,39.424,0.06917967286630407,
random_track234199,test__random_track234199__1_violin,random,violin,tune,kernelcpd-linear,kernelcpd,l2,1,kernelcpd-linear,0.5,3,0.75,1.0,0.9,True,True,1.0,1.0,1.0,0.9754942859716336,21,21,0.16845387499779463,39.424,234.03439072277877,
random_track234199,test__random_track234199__1_violin,random,violin,tune,kernelcpd-gaussian,kernelcpd,rbf,1,kernelcpd-gaussian,0.5,3,0.75,1.0,0.9,True,True,1.0,1.0,1.0,0.9731804754593438,21,21,0.325434833066538,39.424,121.14253298736286,
random_track234199,test__random_track234199__1_violin,random,violin,tune,kernelcpd-cosine,kernelcpd,cosine,1,kernelcpd-cosine,0.5,3,0.75,1.0,0.9,True,True,0.9473684210526315,0.8571428571428571,0.9,0.9555866328604122,19,21,0.15068391687236726,39.424,261.6337617065863,
random_track234208,test__random_track234208__2_oboe,random,oboe,holdout,pelt-l1,pelt,l1,1,pelt-l1,0.5,3,0.75,1.0,0.9,True,True,1.0,1.0,1.0,0.9436072851564914,25,25,15.354572916869074,26.276,1.7112817231882929,
random_track234208,test__random_track234208__2_oboe,random,oboe,holdout,pelt-l2,pelt,l2,1,pelt-l2,0.5,3,0.75,1.0,0.9,True,True,1.0,1.0,1.0,0.9436072851564914,25,25,11.562488832976669,26.276,2.272521113712112,
random_track234208,test__random_track234208__2_oboe,random,oboe,holdout,pelt-rbf,pelt,rbf,1,pelt-rbf,0.5,3,0.75,1.0,0.9,True,True,1.0,1.0,1.0,0.9425197911537562,25,25,107.90042562480085,26.276,0.24352081882761803,
random_track234208,test__random_track234208__2_oboe,random,oboe,holdout,kernelcpd-linear,kernelcpd,l2,1,kernelcpd-linear,0.5,3,0.75,1.0,0.9,True,True,1.0,1.0,1.0,0.9436072851564914,25,25,0.06777475005947053,26.276,387.69600739130004,
random_track234208,test__random_track234208__2_oboe,random,oboe,holdout,kernelcpd-gaussian,kernelcpd,rbf,1,kernelcpd-gaussian,0.5,3,0.75,1.0,0.9,True,True,1.0,1.0,1.0,0.9425197911537562,25,25,0.13516395795159042,26.276,194.40093644942587,
random_track234208,test__random_track234208__2_oboe,random,oboe,holdout,kernelcpd-cosine,kernelcpd,cosine,1,kernelcpd-cosine,0.5,3,0.75,1.0,0.9,True,True,0.9583333333333334,0.92,0.9387755102040817,0.9397588068451275,24,25,0.08236050000414252,26.276,319.0364312829376,
random_track234220,test__random_track234220__3_viola,random,viola,holdout,pelt-l1,pelt,l1,1,pelt-l1,0.5,3,0.75,1.0,0.9,True,True,1.0,1.0,1.0,0.9510375174723477,20,20,47.80430216691457,30.108,0.6298177911869571,
random_track234220,test__random_track234220__3_viola,random,viola,holdout,pelt-l2,pelt,l2,1,pelt-l2,0.5,3,0.75,1.0,0.9,True,True,1.0,1.0,1.0,0.9510375174723477,20,20,34.3833867078647,30.108,0.8756554511575566,
random_track234220,test__random_track234220__3_viola,random,viola,holdout,pelt-rbf,pelt,rbf,1,pelt-rbf,0.5,3,0.75,1.0,0.9,True,True,0.9,0.9,0.9,0.9503469541575611,20,20,191.97924558306113,30.108,0.15682945262420864,
random_track234220,test__random_track234220__3_viola,random,viola,holdout,kernelcpd-linear,kernelcpd,l2,1,kernelcpd-linear,0.5,3,0.75,1.0,0.9,True,True,1.0,1.0,1.0,0.9510375174723477,20,20,0.10236008302308619,30.108,294.1380967150004,
random_track234220,test__random_track234220__3_viola,random,viola,holdout,kernelcpd-gaussian,kernelcpd,rbf,1,kernelcpd-gaussian,0.5,3,0.75,1.0,0.9,True,True,0.9,0.9,0.9,0.9503469541575611,20,20,0.23428208311088383,30.108,128.51174789046982,
random_track234220,test__random_track234220__3_viola,random,viola,holdout,kernelcpd-cosine,kernelcpd,cosine,1,kernelcpd-cosine,0.5,3,0.75,1.0,0.9,True,True,0.8823529411764706,0.75,0.8108108108108107,0.9538569001174703,17,20,0.11524929199367762,30.108,261.2423857810048,
random_track234225,test__random_track234225__2_viola,random,viola,tune,pelt-l1,pelt,l1,1,pelt-l1,0.5,3,0.75,1.0,0.9,True,True,0.7222222222222222,0.8666666666666667,0.7878787878787877,0.9255325738121528,18,15,4.600851458031684,22.132,4.810413942263725,
random_track234225,test__random_track234225__2_viola,random,viola,tune,pelt-l2,pelt,l2,1,pelt-l2,0.5,3,0.75,1.0,0.9,True,True,0.7222222222222222,0.8666666666666667,0.7878787878787877,0.9255325738121528,18,15,3.375457667047158,22.132,6.556740502499331,
random_track234225,test__random_track234225__2_viola,random,viola,tune,pelt-rbf,pelt,rbf,1,pelt-rbf,0.5,3,0.75,1.0,0.9,True,True,0.7222222222222222,0.8666666666666667,0.7878787878787877,0.926533152323571,18,15,7.0387216249946505,22.132,3.1443209689397005,
random_track234225,test__random_track234225__2_viola,random,viola,tune,kernelcpd-linear,kernelcpd,l2,1,kernelcpd-linear,0.5,3,0.75,1.0,0.9,True,True,0.7222222222222222,0.8666666666666667,0.7878787878787877,0.9255325738121528,18,15,0.04821391706354916,22.132,459.0375839164561,
random_track234225,test__random_track234225__2_viola,random,viola,tune,kernelcpd-gaussian,kernelcpd,rbf,1,kernelcpd-gaussian,0.5,3,0.75,1.0,0.9,True,True,0.7222222222222222,0.8666666666666667,0.7878787878787877,0.926533152323571,18,15,0.07570279203355312,22.132,292.3538142449306,
random_track234225,test__random_track234225__2_viola,random,viola,tune,kernelcpd-cosine,kernelcpd,cosine,1,kernelcpd-cosine,0.5,3,0.75,1.0,0.9,True,True,0.6470588235294118,0.7333333333333333,0.6875,0.9178190822793681,17,15,0.051992082968354225,22.132,425.6801946840826,
random_track234248,test__random_track234248__1_oboe,random,oboe,tune,pelt-l1,pelt,l1,1,pelt-l1,0.5,3,0.75,1.0,0.9,True,True,0.96,1.0,0.9795918367346939,0.9489347097892896,25,24,21.757071000058204,25.308,1.1632080439472894,
random_track234248,test__random_track234248__1_oboe,random,oboe,tune,pelt-l2,pelt,l2,1,pelt-l2,0.5,3,0.75,1.0,0.9,True,True,0.96,1.0,0.9795918367346939,0.9489347097892896,25,24,20.222929707961157,25.308,1.25145072279201,
random_track234248,test__random_track234248__1_oboe,random,oboe,tune,pelt-rbf,pelt,rbf,1,pelt-rbf,0.5,3,0.75,1.0,0.9,True,True,0.96,1.0,0.9795918367346939,0.9475167851906372,25,24,81.42070774990134,25.308,0.3108300173186675,
random_track234248,test__random_track234248__1_oboe,random,oboe,tune,kernelcpd-linear,kernelcpd,l2,1,kernelcpd-linear,0.5,3,0.75,1.0,0.9,True,True,0.96,1.0,0.9795918367346939,0.9489347097892896,25,24,0.0731700409669429,25.308,345.87926514123126,
random_track234248,test__random_track234248__1_oboe,random,oboe,tune,kernelcpd-gaussian,kernelcpd,rbf,1,kernelcpd-gaussian,0.5,3,0.75,1.0,0.9,True,True,0.96,1.0,0.9795918367346939,0.9475167851906372,25,24,0.16866579093039036,25.308,150.04820989719724,
random_track234248,test__random_track234248__1_oboe,random,oboe,tune,kernelcpd-cosine,kernelcpd,cosine,1,kernelcpd-cosine,0.5,3,0.75,1.0,0.9,True,True,0.8695652173913043,0.8333333333333334,0.851063829787234,0.9481777757618266,23,24,0.08605083310976624,25.308,294.10522926276815,
random_track234264,test__random_track234264__3_horn,random,horn,tune,pelt-l1,pelt,l1,1,pelt-l1,0.5,3,0.75,1.0,0.9,True,True,0.9629629629629629,0.9629629629629629,0.9629629629629629,0.8852121679274532,27,27,9.203205791069195,16.512,1.7941574245816898,
random_track234264,test__random_track234264__3_horn,random,horn,tune,pelt-l2,pelt,l2,1,pelt-l2,0.5,3,0.75,1.0,0.9,True,True,0.9629629629629629,0.9629629629629629,0.9629629629629629,0.8852121679274532,27,27,12.506661999970675,16.512,1.32025635617551,
random_track234264,test__random_track234264__3_horn,random,horn,tune,pelt-rbf,pelt,rbf,1,pelt-rbf,0.5,3,0.75,1.0,0.9,True,True,0.9629629629629629,0.9629629629629629,0.9629629629629629,0.8826911832704128,27,27,66.61806233297102,16.512,0.2478607065673806,
random_track234264,test__random_track234264__3_horn,random,horn,tune,kernelcpd-linear,kernelcpd,l2,1,kernelcpd-linear,0.5,3,0.75,1.0,0.9,True,True,0.9629629629629629,0.9629629629629629,0.9629629629629629,0.8852121679274532,27,27,0.052736083045601845,16.512,313.10630305481305,
random_track234264,test__random_track234264__3_horn,random,horn,tune,kernelcpd-gaussian,kernelcpd,rbf,1,kernelcpd-gaussian,0.5,3,0.75,1.0,0.9,True,True,0.9629629629629629,0.9629629629629629,0.9629629629629629,0.8826911832704128,27,27,0.07855004188604653,16.512,210.20994519588103,
random_track234264,test__random_track234264__3_horn,random,horn,tune,kernelcpd-cosine,kernelcpd,cosine,1,kernelcpd-cosine,0.5,3,0.75,1.0,0.9,True,True,0.9230769230769231,0.8888888888888888,0.9056603773584906,0.882217175847929,26,27,0.04272637492977083,16.512,386.4591842191318,
random_track234291,test__random_track234291__3_trombone,random,trombone,tune,pelt-l1,pelt,l1,1,pelt-l1,0.5,3,0.75,1.0,0.9,True,True,0.9583333333333334,0.9583333333333334,0.9583333333333334,0.8836697584726282,24,24,9.4048427909147,17.28,1.837351286370559,
random_track234291,test__random_track234291__3_trombone,random,trombone,tune,pelt-l2,pelt,l2,1,pelt-l2,0.5,3,0.75,1.0,0.9,True,True,0.9583333333333334,0.9583333333333334,0.9583333333333334,0.8836697584726282,24,24,6.930349791888148,17.28,2.4933806400689815,
random_track234291,test__random_track234291__3_trombone,random,trombone,tune,pelt-rbf,pelt,rbf,1,pelt-rbf,0.5,3,0.75,1.0,0.9,True,True,0.9583333333333334,0.9583333333333334,0.9583333333333334,0.8836697584726282,24,24,24.00513254199177,17.28,0.7198460566619406,
random_track234291,test__random_track234291__3_trombone,random,trombone,tune,kernelcpd-linear,kernelcpd,l2,1,kernelcpd-linear,0.5,3,0.75,1.0,0.9,True,True,0.9583333333333334,0.9583333333333334,0.9583333333333334,0.8836697584726282,24,24,0.045761208049952984,17.28,377.61240877070236,
random_track234291,test__random_track234291__3_trombone,random,trombone,tune,kernelcpd-gaussian,kernelcpd,rbf,1,kernelcpd-gaussian,0.5,3,0.75,1.0,0.9,True,True,0.9583333333333334,0.9583333333333334,0.9583333333333334,0.8836697584726282,24,24,0.0791714577935636,17.28,218.2604751962116,
random_track234291,test__random_track234291__3_trombone,random,trombone,tune,kernelcpd-cosine,kernelcpd,cosine,1,kernelcpd-cosine,0.5,3,0.75,1.0,0.9,True,True,0.9583333333333334,0.9583333333333334,0.9583333333333334,0.8836697584726282,24,24,0.04617195809260011,17.28,374.25313358693,
random_track234304,test__random_track234304__3_clarinet,random,clarinet,holdout,pelt-l1,pelt,l1,1,pelt-l1,0.5,3,0.75,1.0,0.9,True,True,1.0,1.0,1.0,0.9075121695962808,23,23,7.896091874921694,15.34,1.9427332208127488,
random_track234304,test__random_track234304__3_clarinet,random,clarinet,holdout,pelt-l2,pelt,l2,1,pelt-l2,0.5,3,0.75,1.0,0.9,True,True,1.0,1.0,1.0,0.9075121695962808,23,23,6.135089292190969,15.34,2.5003711061753373,
random_track234304,test__random_track234304__3_clarinet,random,clarinet,holdout,pelt-rbf,pelt,rbf,1,pelt-rbf,0.5,3,0.75,1.0,0.9,True,True,1.0,1.0,1.0,0.9022772078716668,23,23,30.3666839171201,15.34,0.5051588787853003,
random_track234304,test__random_track234304__3_clarinet,random,clarinet,holdout,kernelcpd-linear,kernelcpd,l2,1,kernelcpd-linear,0.5,3,0.75,1.0,0.9,True,True,1.0,1.0,1.0,0.9075121695962808,23,23,0.03675491618923843,15.34,417.3591342453242,
random_track234304,test__random_track234304__3_clarinet,random,clarinet,holdout,kernelcpd-gaussian,kernelcpd,rbf,1,kernelcpd-gaussian,0.5,3,0.75,1.0,0.9,True,True,1.0,1.0,1.0,0.9022772078716668,23,23,0.08299683383665979,15.34,184.82632759449078,
random_track234304,test__random_track234304__3_clarinet,random,clarinet,holdout,kernelcpd-cosine,kernelcpd,cosine,1,kernelcpd-cosine,0.5,3,0.75,1.0,0.9,True,True,0.9545454545454546,0.9130434782608695,0.9333333333333332,0.9097930965710542,22,23,0.04463595896959305,15.34,343.6691034340705,
random_track234320,test__random_track234320__4_cello,random,cello,tune,pelt-l1,pelt,l1,1,pelt-l1,0.5,3,0.75,1.0,0.9,True,True,0.65,0.7222222222222222,0.6842105263157895,0.911973517905446,20,18,32.1587888749782,24.72,0.7686856646281819,
random_track234320,test__random_track234320__4_cello,random,cello,tune,pelt-l2,pelt,l2,1,pelt-l2,0.5,3,0.75,1.0,0.9,True,True,0.65,0.7222222222222222,0.6842105263157895,0.911973517905446,20,18,23.911701875040308,24.72,1.033803454441836,
random_track234320,test__random_track234320__4_cello,random,cello,tune,pelt-rbf,pelt,rbf,1,pelt-rbf,0.5,3,0.75,1.0,0.9,True,True,0.65,0.7222222222222222,0.6842105263157895,0.911973517905446,20,18,60.78954695886932,24.72,0.4066488604813216,
random_track234320,test__random_track234320__4_cello,random,cello,tune,kernelcpd-linear,kernelcpd,l2,1,kernelcpd-linear,0.5,3,0.75,1.0,0.9,True,True,0.65,0.7222222222222222,0.6842105263157895,0.911973517905446,20,18,0.08938666596077383,24.72,276.55131483311,
random_track234320,test__random_track234320__4_cello,random,cello,tune,kernelcpd-gaussian,kernelcpd,rbf,1,kernelcpd-gaussian,0.5,3,0.75,1.0,0.9,True,True,0.65,0.7222222222222222,0.6842105263157895,0.911973517905446,20,18,0.14691770798526704,24.72,168.25745745011847,
random_track234320,test__random_track234320__4_cello,random,cello,tune,kernelcpd-cosine,kernelcpd,cosine,1,kernelcpd-cosine,0.5,3,0.75,1.0,0.9,True,True,0.65,0.7222222222222222,0.6842105263157895,0.911973517905446,20,18,0.08042508293874562,24.72,307.36679524256834,
random_track234350,test__random_track234350__2_viola,random,viola,tune,pelt-l1,pelt,l1,1,pelt-l1,0.5,3,0.75,1.0,0.9,True,True,0.9375,1.0,0.967741935483871,0.9123962265588121,16,15,13.325928082922474,14.0,1.0505834875352034,
random_track234350,test__random_track234350__2_viola,random,viola,tune,pelt-l2,pelt,l2,1,pelt-l2,0.5,3,0.75,1.0,0.9,True,True,0.9375,1.0,0.967741935483871,0.9123962265588121,16,15,10.12164520798251,14.0,1.3831743468896536,
random_track234350,test__random_track234350__2_viola,random,viola,tune,pelt-rbf,pelt,rbf,1,pelt-rbf,0.5,3,0.75,1.0,0.9,True,True,0.9375,1.0,0.967741935483871,0.9113643044590228,16,15,11.562795625068247,14.0,1.2107798541079349,
random_track234350,test__random_track234350__2_viola,random,viola,tune,kernelcpd-linear,kernelcpd,l2,1,kernelcpd-linear,0.5,3,0.75,1.0,0.9,True,True,0.9375,1.0,0.967741935483871,0.9123962265588121,16,15,0.0471735829487443,14.0,296.7762702106278,
random_track234350,test__random_track234350__2_viola,random,viola,tune,kernelcpd-gaussian,kernelcpd,rbf,1,kernelcpd-gaussian,0.5,3,0.75,1.0,0.9,True,True,0.9375,1.0,0.967741935483871,0.9113643044590228,16,15,0.07325850008055568,14.0,191.10410375049284,
random_track234350,test__random_track234350__2_viola,random,viola,tune,kernelcpd-cosine,kernelcpd,cosine,1,kernelcpd-cosine,0.5,3,0.75,1.0,0.9,True,True,0.7857142857142857,0.7333333333333333,0.7586206896551724,0.891613011908584,14,15,0.04449525009840727,14.0,314.640326080584,
random_track234363,test__random_track234363__3_trombone,random,trombone,tune,pelt-l1,pelt,l1,1,pelt-l1,0.5,3,0.75,1.0,0.9,True,True,0.9655172413793104,1.0,0.9824561403508771,0.8755093437396851,29,28,3.9286279999651015,17.008,4.329246749794351,
random_track234363,test__random_track234363__3_trombone,random,trombone,tune,pelt-l2,pelt,l2,1,pelt-l2,0.5,3,0.75,1.0,0.9,True,True,0.9655172413793104,1.0,0.9824561403508771,0.8755093437396851,29,28,3.0071722918655723,17.008,5.65581162276827,
random_track234363,test__random_track234363__3_trombone,random,trombone,tune,pelt-rbf,pelt,rbf,1,pelt-rbf,0.5,3,0.75,1.0,0.9,True,True,0.9655172413793104,1.0,0.9824561403508771,0.8755093437396851,29,28,3.970897124847397,17.008,4.2831630901678475,
random_track234363,test__random_track234363__3_trombone,random,trombone,tune,kernelcpd-linear,kernelcpd,l2,1,kernelcpd-linear,0.5,3,0.75,1.0,0.9,True,True,0.9655172413793104,1.0,0.9824561403508771,0.8755093437396851,29,28,0.053262459114193916,17.008,319.32434744582673,
random_track234363,test__random_track234363__3_trombone,random,trombone,tune,kernelcpd-gaussian,kernelcpd,rbf,1,kernelcpd-gaussian,0.5,3,0.75,1.0,0.9,True,True,0.9655172413793104,1.0,0.9824561403508771,0.8755093437396851,29,28,0.06258454197086394,17.008,271.76039744635386,
random_track234363,test__random_track234363__3_trombone,random,trombone,tune,kernelcpd-cosine,kernelcpd,cosine,1,kernelcpd-cosine,0.5,3,0.75,1.0,0.9,True,True,1.0,1.0,1.0,0.899906231313902,28,28,0.04355779197067022,17.008,390.46974675512456,
random_track234367,test__random_track234367__3_saxophone,random,saxophone,tune,pelt-l1,pelt,l1,1,pelt-l1,0.5,3,0.75,1.0,0.9,True,True,1.0,1.0,1.0,0.8946848956756653,19,19,6.984436041908339,14.356,2.0554272261726587,
random_track234367,test__random_track234367__3_saxophone,random,saxophone,tune,pelt-l2,pelt,l2,1,pelt-l2,0.5,3,0.75,1.0,0.9,True,True,1.0,1.0,1.0,0.8946848956756653,19,19,5.7068542500492185,14.356,2.515571516457808,
random_track234367,test__random_track234367__3_saxophone,random,saxophone,tune,pelt-rbf,pelt,rbf,1,pelt-rbf,0.5,3,0.75,1.0,0.9,True,True,1.0,1.0,1.0,0.8946848956756653,19,19,23.882672666106373,14.356,0.601105253197798,
random_track234367,test__random_track234367__3_saxophone,random,saxophone,tune,kernelcpd-linear,kernelcpd,l2,1,kernelcpd-linear,0.5,3,0.75,1.0,0.9,True,True,1.0,1.0,1.0,0.8946848956756653,19,19,0.05763083300553262,14.356,249.1027675866113,
random_track234367,test__random_track234367__3_saxophone,random,saxophone,tune,kernelcpd-gaussian,kernelcpd,rbf,1,kernelcpd-gaussian,0.5,3,0.75,1.0,0.9,True,True,1.0,1.0,1.0,0.8946848956756653,19,19,0.0895929578691721,14.356,160.235808052719,
random_track234367,test__random_track234367__3_saxophone,random,saxophone,tune,kernelcpd-cosine,kernelcpd,cosine,1,kernelcpd-cosine,0.5,3,0.75,1.0,0.9,True,True,1.0,1.0,1.0,0.8946848956756653,19,19,0.03860049997456372,14.356,371.91228117407974,
random_track234375,test__random_track234375__3_clarinet,random,clarinet,tune,pelt-l1,pelt,l1,1,pelt-l1,0.5,3,0.75,1.0,0.9,True,True,0.9285714285714286,0.9285714285714286,0.9285714285714286,0.9371196995113414,14,14,17.838003750192,14.928,0.8368649434687624,
random_track234375,test__random_track234375__3_clarinet,random,clarinet,tune,pelt-l2,pelt,l2,1,pelt-l2,0.5,3,0.75,1.0,0.9,True,True,0.9285714285714286,0.9285714285714286,0.9285714285714286,0.9371196995113414,14,14,12.536094583803788,14.928,1.190801481291189,
random_track234375,test__random_track234375__3_clarinet,random,clarinet,tune,pelt-rbf,pelt,rbf,1,pelt-rbf,0.5,3,0.75,1.0,0.9,True,True,0.9285714285714286,0.9285714285714286,0.9285714285714286,0.9315934074674671,14,14,290.2660710411146,14.928,0.05142867695992457,
random_track234375,test__random_track234375__3_clarinet,random,clarinet,tune,kernelcpd-linear,kernelcpd,l2,1,kernelcpd-linear,0.5,3,0.75,1.0,0.9,True,True,0.9285714285714286,0.9285714285714286,0.9285714285714286,0.9371196995113414,14,14,0.04767441609874368,14.928,313.1239188977374,
random_track234375,test__random_track234375__3_clarinet,random,clarinet,tune,kernelcpd-gaussian,kernelcpd,rbf,1,kernelcpd-gaussian,0.5,3,0.75,1.0,0.9,True,True,0.9285714285714286,0.9285714285714286,0.9285714285714286,0.9315934074674671,14,14,0.12449945812113583,14.928,119.90413633347154,
random_track234375,test__random_track234375__3_clarinet,random,clarinet,tune,kernelcpd-cosine,kernelcpd,cosine,1,kernelcpd-cosine,0.5,3,0.75,1.0,0.9,True,True,0.8461538461538461,0.7857142857142857,0.8148148148148148,0.9280835474052469,13,14,0.054444959154352546,14.928,274.185162995142,
random_track234377,test__random_track234377__4_double bass,random,double bass,tune,pelt-l1,pelt,l1,1,pelt-l1,0.5,3,0.75,1.0,0.9,True,True,0.9285714285714286,0.9629629629629629,0.9454545454545454,0.8762119686199141,28,27,5.483849749900401,16.484,3.0059175126560294,
random_track234377,test__random_track234377__4_double bass,random,double bass,tune,pelt-l2,pelt,l2,1,pelt-l2,0.5,3,0.75,1.0,0.9,True,True,0.9285714285714286,0.9629629629629629,0.9454545454545454,0.8770823690670527,28,27,5.005347540834919,16.484,3.293277812483403,
random_track234377,test__random_track234377__4_double bass,random,double bass,tune,pelt-rbf,pelt,rbf,1,pelt-rbf,0.5,3,0.75,1.0,0.9,True,True,0.9285714285714286,0.9629629629629629,0.9454545454545454,0.8770823690670527,28,27,3.7748393749352545,16.484,4.366808322879363,
random_track234377,test__random_track234377__4_double bass,random,double bass,tune,kernelcpd-linear,kernelcpd,l2,1,kernelcpd-linear,0.5,3,0.75,1.0,0.9,True,True,0.9285714285714286,0.9629629629629629,0.9454545454545454,0.8770823690670527,28,27,0.04802724998444319,16.484,343.2218168922734,
random_track234377,test__random_track234377__4_double bass,random,double bass,tune,kernelcpd-gaussian,kernelcpd,rbf,1,kernelcpd-gaussian,0.5,3,0.75,1.0,0.9,True,True,0.9285714285714286,0.9629629629629629,0.9454545454545454,0.8770823690670527,28,27,0.06529470812529325,16.484,252.4553746127335,
random_track234377,test__random_track234377__4_double bass,random,double bass,tune,kernelcpd-cosine,kernelcpd,cosine,1,kernelcpd-cosine,0.5,3,0.75,1.0,0.9,True,True,0.6956521739130435,0.5925925925925926,0.6399999999999999,0.810923315660135,23,27,0.04299829201772809,16.484,383.36406462851335,
random_track234385,test__random_track234385__3_trombone,random,trombone,holdout,pelt-l1,pelt,l1,1,pelt-l1,0.5,3,0.75,1.0,0.9,True,True,0.9655172413793104,0.9655172413793104,0.9655172413793104,0.9127720841192924,29,29,57.227017584024,28.468,0.49745734098761385,
random_track234385,test__random_track234385__3_trombone,random,trombone,holdout,pelt-l2,pelt,l2,1,pelt-l2,0.5,3,0.75,1.0,0.9,True,True,0.9655172413793104,0.9655172413793104,0.9655172413793104,0.9127720841192924,29,29,43.24297295906581,28.468,0.6583266147530621,
random_track234385,test__random_track234385__3_trombone,random,trombone,holdout,pelt-rbf,pelt,rbf,1,pelt-rbf,0.5,3,0.75,1.0,0.9,True,True,0.9655172413793104,0.9655172413793104,0.9655172413793104,0.9127720841192924,29,29,1181.0039802920073,28.468,0.024104914526165432,
random_track234385,test__random_track234385__3_trombone,random,trombone,holdout,kernelcpd-linear,kernelcpd,l2,1,kernelcpd-linear,0.5,3,0.75,1.0,0.9,True,True,0.9655172413793104,0.9655172413793104,0.9655172413793104,0.9127720841192924,29,29,0.08898366685025394,28.468,319.9238805016581,
random_track234385,test__random_track234385__3_trombone,random,trombone,holdout,kernelcpd-gaussian,kernelcpd,rbf,1,kernelcpd-gaussian,0.5,3,0.75,1.0,0.9,True,True,0.9655172413793104,0.9655172413793104,0.9655172413793104,0.9127720841192924,29,29,0.19194349995814264,28.468,148.31447799070065,
random_track234385,test__random_track234385__3_trombone,random,trombone,holdout,kernelcpd-cosine,kernelcpd,cosine,1,kernelcpd-cosine,0.5,3,0.75,1.0,0.9,True,True,0.9655172413793104,0.9655172413793104,0.9655172413793104,0.9127720841192924,29,29,0.09562058304436505,28.468,297.71832688775504,
random_track234404,test__random_track234404__3_trombone,random,trombone,tune,pelt-l1,pelt,l1,1,pelt-l1,0.5,3,0.75,1.0,0.9,True,True,1.0,1.0,1.0,0.9331104486016005,22,22,31.8240244591143,22.812,0.716816945302049,
random_track234404,test__random_track234404__3_trombone,random,trombone,tune,pelt-l2,pelt,l2,1,pelt-l2,0.5,3,0.75,1.0,0.9,True,True,1.0,1.0,1.0,0.9331104486016005,22,22,25.463610291015357,22.812,0.8958666795198732,
random_track234404,test__random_track234404__3_trombone,random,trombone,tune,pelt-rbf,pelt,rbf,1,pelt-rbf,0.5,3,0.75,1.0,0.9,True,True,1.0,1.0,1.0,0.9373982154657056,22,22,25.91601158399135,22.812,0.8802280368670334,
random_track234404,test__random_track234404__3_trombone,random,trombone,tune,kernelcpd-linear,kernelcpd,l2,1,kernelcpd-linear,0.5,3,0.75,1.0,0.9,True,True,1.0,1.0,1.0,0.9331104486016005,22,22,0.06646337499842048,22.812,343.2266267029343,
random_track234404,test__random_track234404__3_trombone,random,trombone,tune,kernelcpd-gaussian,kernelcpd,rbf,1,kernelcpd-gaussian,0.5,3,0.75,1.0,0.9,True,True,1.0,1.0,1.0,0.9373982154657056,22,22,0.11759870895184577,22.812,193.9817214263895,
random_track234404,test__random_track234404__3_trombone,random,trombone,tune,kernelcpd-cosine,kernelcpd,cosine,1,kernelcpd-cosine,0.5,3,0.75,1.0,0.9,True,True,0.9523809523809523,0.9090909090909091,0.9302325581395349,0.9384173251080741,21,22,0.07070158398710191,22.812,322.6518942512178,
random_track234409,test__random_track234409__3_trombone,random,trombone,tune,pelt-l1,pelt,l1,1,pelt-l1,0.5,3,0.75,1.0,0.9,True,True,0.8846153846153846,0.8518518518518519,0.8679245283018868,0.8658188851269359,26,27,4.87468883395195,13.8,2.830949927282277,
random_track234409,test__random_track234409__3_trombone,random,trombone,tune,pelt-l2,pelt,l2,1,pelt-l2,0.5,3,0.75,1.0,0.9,True,True,0.8846153846153846,0.8518518518518519,0.8679245283018868,0.8658188851269359,26,27,5.421257374808192,13.8,2.545534927769087,
random_track234409,test__random_track234409__3_trombone,random,trombone,tune,pelt-rbf,pelt,rbf,1,pelt-rbf,0.5,3,0.75,1.0,0.9,True,True,0.8846153846153846,0.8518518518518519,0.8679245283018868,0.8621904723713255,26,27,4.741589874960482,13.8,2.9104162029861373,
random_track234409,test__random_track234409__3_trombone,random,trombone,tune,kernelcpd-linear,kernelcpd,l2,1,kernelcpd-linear,0.5,3,0.75,1.0,0.9,True,True,0.8846153846153846,0.8518518518518519,0.8679245283018868,0.8658188851269359,26,27,0.03326408308930695,13.8,414.8618785898878,
random_track234409,test__random_track234409__3_trombone,random,trombone,tune,kernelcpd-gaussian,kernelcpd,rbf,1,kernelcpd-gaussian,0.5,3,0.75,1.0,0.9,True,True,0.8846153846153846,0.8518518518518519,0.8679245283018868,0.8621904723713255,26,27,0.0582977500744164,13.8,236.71582492265074,
random_track234409,test__random_track234409__3_trombone,random,trombone,tune,kernelcpd-cosine,kernelcpd,cosine,1,kernelcpd-cosine,0.5,3,0.75,1.0,0.9,True,True,0.84,0.7777777777777778,0.8076923076923077,0.8617349827588461,25,27,0.05221433308906853,13.8,264.29524583718444,
random_track234415,test__random_track234415__1_trumpet,random,trumpet,tune,pelt-l1,pelt,l1,1,pelt-l1,0.5,3,0.75,1.0,0.9,True,True,0.75,0.8,0.7741935483870969,0.914678269029657,16,15,27.945887292036787,34.128,1.2212172633260714,
random_track234415,test__random_track234415__1_trumpet,random,trumpet,tune,pelt-l2,pelt,l2,1,pelt-l2,0.5,3,0.75,1.0,0.9,True,True,0.75,0.8,0.7741935483870969,0.9156995934860932,16,15,20.803560791071504,34.128,1.6404883924797669,
random_track234415,test__random_track234415__1_trumpet,random,trumpet,tune,pelt-rbf,pelt,rbf,1,pelt-rbf,0.5,3,0.75,1.0,0.9,True,True,0.75,0.8,0.7741935483870969,0.914678269029657,16,15,50.55833883397281,34.128,0.6750221780836596,
random_track234415,test__random_track234415__1_trumpet,random,trumpet,tune,kernelcpd-linear,kernelcpd,l2,1,kernelcpd-linear,0.5,3,0.75,1.0,0.9,True,True,0.75,0.8,0.7741935483870969,0.9156995934860932,16,15,0.08792620780877769,34.128,388.1436587623764,
random_track234415,test__random_track234415__1_trumpet,random,trumpet,tune,kernelcpd-gaussian,kernelcpd,rbf,1,kernelcpd-gaussian,0.5,3,0.75,1.0,0.9,True,True,0.75,0.8,0.7741935483870969,0.914678269029657,16,15,0.1458462500013411,34.128,233.9998457257981,
random_track234415,test__random_track234415__1_trumpet,random,trumpet,tune,kernelcpd-cosine,kernelcpd,cosine,1,kernelcpd-cosine,0.5,3,0.75,1.0,0.9,True,True,0.7333333333333333,0.7333333333333333,0.7333333333333333,0.8789789580176202,15,15,0.098160709021613,34.128,347.67475031670466,
random_track234426,test__random_track234426__1_trumpet,random,trumpet,tune,pelt-l1,pelt,l1,1,pelt-l1,0.5,3,0.75,1.0,0.9,True,True,1.0,1.0,1.0,0.9476856232522561,19,19,14.345729707973078,18.968,1.3222053102992701,
random_track234426,test__random_track234426__1_trumpet,random,trumpet,tune,pelt-l2,pelt,l2,1,pelt-l2,0.5,3,0.75,1.0,0.9,True,True,1.0,1.0,1.0,0.9476856232522561,19,19,10.804808208020404,18.968,1.7555147333314127,
random_track234426,test__random_track234426__1_trumpet,random,trumpet,tune,pelt-rbf,pelt,rbf,1,pelt-rbf,0.5,3,0.75,1.0,0.9,True,True,1.0,1.0,1.0,0.9472922942556559,19,19,53.15368470805697,18.968,0.35685202454318005,
random_track234426,test__random_track234426__1_trumpet,random,trumpet,tune,kernelcpd-linear,kernelcpd,l2,1,kernelcpd-linear,0.5,3,0.75,1.0,0.9,True,True,1.0,1.0,1.0,0.9476856232522561,19,19,0.06520954216830432,18.968,290.8776747894354,
random_track234426,test__random_track234426__1_trumpet,random,trumpet,tune,kernelcpd-gaussian,kernelcpd,rbf,1,kernelcpd-gaussian,0.5,3,0.75,1.0,0.9,True,True,1.0,1.0,1.0,0.9472922942556559,19,19,0.10286600003018975,18.968,184.39523257862805,
random_track234426,test__random_track234426__1_trumpet,random,trumpet,tune,kernelcpd-cosine,kernelcpd,cosine,1,kernelcpd-cosine,0.5,3,0.75,1.0,0.9,True,True,0.9375,0.7894736842105263,0.8571428571428572,0.8892819760230306,16,19,0.06228741607628763,18.968,304.5237897935693,
random_track234431,test__random_track234431__1_clarinet,random,clarinet,tune,pelt-l1,pelt,l1,1,pelt-l1,0.5,3,0.75,1.0,0.9,True,True,0.9629629629629629,0.9629629629629629,0.9629629629629629,0.9541962778812537,27,27,16.189758667023852,34.132,2.10824637364866,
random_track234431,test__random_track234431__1_clarinet,random,clarinet,tune,pelt-l2,pelt,l2,1,pelt-l2,0.5,3,0.75,1.0,0.9,True,True,0.9629629629629629,0.9629629629629629,0.9629629629629629,0.9553991644577287,27,27,11.580314541934058,34.132,2.947415622987001,
random_track234431,test__random_track234431__1_clarinet,random,clarinet,tune,pelt-rbf,pelt,rbf,1,pelt-rbf,0.5,3,0.75,1.0,0.9,True,True,0.9629629629629629,0.9629629629629629,0.9629629629629629,0.953529700875711,27,27,92.56817408301868,34.132,0.36872283955162727,
random_track234431,test__random_track234431__1_clarinet,random,clarinet,tune,kernelcpd-linear,kernelcpd,l2,1,kernelcpd-linear,0.5,3,0.75,1.0,0.9,True,True,0.9629629629629629,0.9629629629629629,0.9629629629629629,0.9553991644577287,27,27,0.11627679201774299,34.132,293.5409500701714,
random_track234431,test__random_track234431__1_clarinet,random,clarinet,tune,kernelcpd-gaussian,kernelcpd,rbf,1,kernelcpd-gaussian,0.5,3,0.75,1.0,0.9,True,True,0.9629629629629629,0.9629629629629629,0.9629629629629629,0.953529700875711,27,27,0.18255791603587568,34.132,186.96532443595868,
random_track234431,test__random_track234431__1_clarinet,random,clarinet,tune,kernelcpd-cosine,kernelcpd,cosine,1,kernelcpd-cosine,0.5,3,0.75,1.0,0.9,True,True,0.8333333333333334,0.7407407407407407,0.7843137254901961,0.9613167813166067,24,27,0.10422108299098909,34.132,327.496117104742,
random_track234451,test__random_track234451__2_horn,random,horn,tune,pelt-l1,pelt,l1,1,pelt-l1,0.5,3,0.75,1.0,0.9,True,True,1.0,1.0,1.0,0.9299847706991132,20,20,20.33426066697575,20.024,0.9847419745395692,
random_track234451,test__random_track234451__2_horn,random,horn,tune,pelt-l2,pelt,l2,1,pelt-l2,0.5,3,0.75,1.0,0.9,True,True,1.0,1.0,1.0,0.9302794559835783,20,20,16.066325041931123,20.024,1.246333554670395,
random_track234451,test__random_track234451__2_horn,random,horn,tune,pelt-rbf,pelt,rbf,1,pelt-rbf,0.5,3,0.75,1.0,0.9,True,True,1.0,1.0,1.0,0.9290033129668196,20,20,215.2833020419348,20.024,0.09301232287908491,
random_track234451,test__random_track234451__2_horn,random,horn,tune,kernelcpd-linear,kernelcpd,l2,1,kernelcpd-linear,0.5,3,0.75,1.0,0.9,True,True,1.0,1.0,1.0,0.9302794559835783,20,20,0.05635387497022748,20.024,355.32605363125344,
random_track234451,test__random_track234451__2_horn,random,horn,tune,kernelcpd-gaussian,kernelcpd,rbf,1,kernelcpd-gaussian,0.5,3,0.75,1.0,0.9,True,True,1.0,1.0,1.0,0.9290033129668196,20,20,0.14357591606676579,20.024,139.46628758188402,
random_track234451,test__random_track234451__2_horn,random,horn,tune,kernelcpd-cosine,kernelcpd,cosine,1,kernelcpd-cosine,0.5,3,0.75,1.0,0.9,True,True,0.9444444444444444,0.85,0.8947368421052632,0.9027923751830881,18,20,0.08547641686163843,20.024,234.26344640081322,
random_track234455,test__random_track234455__2_oboe,random,oboe,tune,pelt-l1,pelt,l1,1,pelt-l1,0.5,3,0.75,1.0,0.9,True,True,1.0,1.0,1.0,0.9295889533427716,18,18,9.999265167163685,15.788,1.5789160239340172,
random_track234455,test__random_track234455__2_oboe,random,oboe,tune,pelt-l2,pelt,l2,1,pelt-l2,0.5,3,0.75,1.0,0.9,True,True,1.0,1.0,1.0,0.9303495803992933,18,18,8.337499167071655,15.788,1.8936133825780221,
random_track234455,test__random_track234455__2_oboe,random,oboe,tune,pelt-rbf,pelt,rbf,1,pelt-rbf,0.5,3,0.75,1.0,0.9,True,True,0.9444444444444444,0.9444444444444444,0.9444444444444444,0.9259094789454229,18,18,16.860211207997054,15.788,0.9364058258363639,
random_track234455,test__random_track234455__2_oboe,random,oboe,tune,kernelcpd-linear,kernelcpd,l2,1,kernelcpd-linear,0.5,3,0.75,1.0,0.9,True,True,1.0,1.0,1.0,0.9303495803992933,18,18,0.04464929201640189,15.788,353.6002316498163,
random_track234455,test__random_track234455__2_oboe,random,oboe,tune,kernelcpd-gaussian,kernelcpd,rbf,1,kernelcpd-gaussian,0.5,3,0.75,1.0,0.9,True,True,0.9444444444444444,0.9444444444444444,0.9444444444444444,0.9259094789454229,18,18,0.10392875014804304,15.788,151.91176625823482,
random_track234455,test__random_track234455__2_oboe,random,oboe,tune,kernelcpd-cosine,kernelcpd,cosine,1,kernelcpd-cosine,0.5,3,0.75,1.0,0.9,True,True,1.0,0.8333333333333334,0.9090909090909091,0.8664764219641258,15,18,0.05107349995523691,15.788,309.1231267455198,
random_track234464,test__random_track234464__1_flute,random,flute,tune,pelt-l1,pelt,l1,1,pelt-l1,0.5,3,0.75,1.0,0.9,True,True,1.0,1.0,1.0,0.9309852100522117,19,19,22.109313584165648,17.572,0.7947781794811033,
random_track234464,test__random_track234464__1_flute,random,flute,tune,pelt-l2,pelt,l2,1,pelt-l2,0.5,3,0.75,1.0,0.9,True,True,1.0,1.0,1.0,0.9309852100522117,19,19,15.767520874971524,17.572,1.1144427928357974,
random_track234464,test__random_track234464__1_flute,random,flute,tune,pelt-rbf,pelt,rbf,1,pelt-rbf,0.5,3,0.75,1.0,0.9,True,True,1.0,1.0,1.0,0.9278097963859864,19,19,208.1066497080028,17.572,0.08443747484597683,
random_track234464,test__random_track234464__1_flute,random,flute,tune,kernelcpd-linear,kernelcpd,l2,1,kernelcpd-linear,0.5,3,0.75,1.0,0.9,True,True,1.0,1.0,1.0,0.9309852100522117,19,19,0.06333366711623967,17.572,277.4511693401421,
random_track234464,test__random_track234464__1_flute,random,flute,tune,kernelcpd-gaussian,kernelcpd,rbf,1,kernelcpd-gaussian,0.5,3,0.75,1.0,0.9,True,True,1.0,1.0,1.0,0.9278097963859864,19,19,0.10912837483920157,17.572,161.02136612858004,
random_track234464,test__random_track234464__1_flute,random,flute,tune,kernelcpd-cosine,kernelcpd,cosine,1,kernelcpd-cosine,0.5,3,0.75,1.0,0.9,True,True,0.8823529411764706,0.7894736842105263,0.8333333333333333,0.9149281677953972,17,19,0.07679966604337096,17.572,228.80307825917615,
random_track234466,test__random_track234466__4_cello,random,cello,tune,pelt-l1,pelt,l1,1,pelt-l1,0.5,3,0.75,1.0,0.9,True,True,0.8666666666666667,0.9285714285714286,0.896551724137931,0.831332720050079,30,28,6.574814000166953,16.228,2.4682067051003918,
random_track234466,test__random_track234466__4_cello,random,cello,tune,pelt-l2,pelt,l2,1,pelt-l2,0.5,3,0.75,1.0,0.9,True,True,0.8666666666666667,0.9285714285714286,0.896551724137931,0.8325016587230698,30,28,5.0316606250125915,16.228,3.2251777711974348,
random_track234466,test__random_track234466__4_cello,random,cello,tune,pelt-rbf,pelt,rbf,1,pelt-rbf,0.5,3,0.75,1.0,0.9,True,True,0.8666666666666667,0.9285714285714286,0.896551724137931,0.8290839540218179,30,28,7.453466999810189,16.228,2.1772418124898474,
random_track234466,test__random_track234466__4_cello,random,cello,tune,kernelcpd-linear,kernelcpd,l2,1,kernelcpd-linear,0.5,3,0.75,1.0,0.9,True,True,0.8666666666666667,0.9285714285714286,0.896551724137931,0.8325016587230698,30,28,0.0395904160104692,16.228,409.8971830886724,
random_track234466,test__random_track234466__4_cello,random,cello,tune,kernelcpd-gaussian,kernelcpd,rbf,1,kernelcpd-gaussian,0.5,3,0.75,1.0,0.9,True,True,0.8666666666666667,0.9285714285714286,0.896551724137931,0.8290839540218179,30,28,0.07770504103973508,16.228,208.84101961546725,
random_track234466,test__random_track234466__4_cello,random,cello,tune,kernelcpd-cosine,kernelcpd,cosine,1,kernelcpd-cosine,0.5,3,0.75,1.0,0.9,True,True,0.7916666666666666,0.6785714285714286,0.7307692307692307,0.7523233100590069,24,28,0.047800540924072266,16.228,339.49406609805976,
random_track234479,test__random_track234479__3_saxophone,random,saxophone,tune,pelt-l1,pelt,l1,1,pelt-l1,0.5,3,0.75,1.0,0.9,True,True,1.0,1.0,1.0,0.9177177597106719,23,23,33.09858004190028,21.444,0.6478827784410549,
random_track234479,test__random_track234479__3_saxophone,random,saxophone,tune,pelt-l2,pelt,l2,1,pelt-l2,0.5,3,0.75,1.0,0.9,True,True,1.0,1.0,1.0,0.9192215927092945,23,23,23.26091175014153,21.444,0.9218899168846862,
random_track234479,test__random_track234479__3_saxophone,random,saxophone,tune,pelt-rbf,pelt,rbf,1,pelt-rbf,0.5,3,0.75,1.0,0.9,True,True,0.9565217391304348,0.9565217391304348,0.9565217391304348,0.9180262262544487,23,23,195.63704420812428,21.444,0.10961114285281912,
random_track234479,test__random_track234479__3_saxophone,random,saxophone,tune,kernelcpd-linear,kernelcpd,l2,1,kernelcpd-linear,0.5,3,0.75,1.0,0.9,True,True,1.0,1.0,1.0,0.9192215927092945,23,23,0.0840333339292556,21.444,255.1844488051952,
random_track234479,test__random_track234479__3_saxophone,random,saxophone,tune,kernelcpd-gaussian,kernelcpd,rbf,1,kernelcpd-gaussian,0.5,3,0.75,1.0,0.9,True,True,0.9565217391304348,0.9565217391304348,0.9565217391304348,0.9180262262544487,23,23,0.15082950005307794,21.444,142.17377895208634,
random_track234479,test__random_track234479__3_saxophone,random,saxophone,tune,kernelcpd-cosine,kernelcpd,cosine,1,kernelcpd-cosine,0.5,3,0.75,1.0,0.9,True,True,0.9047619047619048,0.8260869565217391,0.8636363636363636,0.9170906661020107,21,23,0.07777816685847938,21.444,275.7071922126714,
random_track234480,test__random_track234480__3_clarinet,random,clarinet,tune,pelt-l1,pelt,l1,1,pelt-l1,0.5,3,0.75,1.0,0.9,True,True,0.9629629629629629,0.9629629629629629,0.9629629629629629,0.9489783437505336,27,27,33.732472207862884,32.984,0.9778115222847966,
random_track234480,test__random_track234480__3_clarinet,random,clarinet,tune,pelt-l2,pelt,l2,1,pelt-l2,0.5,3,0.75,1.0,0.9,True,True,0.9629629629629629,0.9629629629629629,0.9629629629629629,0.9489783437505336,27,27,23.565487375017256,32.984,1.399674001012502,
random_track234480,test__random_track234480__3_clarinet,random,clarinet,tune,pelt-rbf,pelt,rbf,1,pelt-rbf,0.5,3,0.75,1.0,0.9,True,True,0.9629629629629629,0.9629629629629629,0.9629629629629629,0.9489783437505336,27,27,420.91528858290985,32.984,0.07836256105366668,
random_track234480,test__random_track234480__3_clarinet,random,clarinet,tune,kernelcpd-linear,kernelcpd,l2,1,kernelcpd-linear,0.5,3,0.75,1.0,0.9,True,True,0.9629629629629629,0.9629629629629629,0.9629629629629629,0.9489783437505336,27,27,0.10801704204641283,32.984,305.35922272179437,
random_track234480,test__random_track234480__3_clarinet,random,clarinet,tune,kernelcpd-gaussian,kernelcpd,rbf,1,kernelcpd-gaussian,0.5,3,0.75,1.0,0.9,True,True,0.9629629629629629,0.9629629629629629,0.9629629629629629,0.9489783437505336,27,27,0.24466662504710257,32.984,134.81201203331273,
random_track234480,test__random_track234480__3_clarinet,random,clarinet,tune,kernelcpd-cosine,kernelcpd,cosine,1,kernelcpd-cosine,0.5,3,0.75,1.0,0.9,True,True,0.9130434782608695,0.7777777777777778,0.84,0.9168650847157058,23,27,0.1269611669704318,32.984,259.79597373803045,
random_track234485,test__random_track234485__3_trombone,random,trombone,tune,pelt-l1,pelt,l1,1,pelt-l1,0.5,3,0.75,1.0,0.9,True,True,1.0,1.0,1.0,0.901307720518638,26,26,20.88423387496732,21.892,1.0482548764329165,
random_track234485,test__random_track234485__3_trombone,random,trombone,tune,pelt-l2,pelt,l2,1,pelt-l2,0.5,3,0.75,1.0,0.9,True,True,1.0,1.0,1.0,0.901307720518638,26,26,15.493219000054523,21.892,1.41300526378172,
random_track234485,test__random_track234485__3_trombone,random,trombone,tune,pelt-rbf,pelt,rbf,1,pelt-rbf,0.5,3,0.75,1.0,0.9,True,True,1.0,1.0,1.0,0.8999443112994802,26,26,238.9184964580927,21.892,0.09162957378580334,
random_track234485,test__random_track234485__3_trombone,random,trombone,tune,kernelcpd-linear,kernelcpd,l2,1,kernelcpd-linear,0.5,3,0.75,1.0,0.9,True,True,1.0,1.0,1.0,0.901307720518638,26,26,0.059329541865736246,21.892,368.98987100797046,
random_track234485,test__random_track234485__3_trombone,random,trombone,tune,kernelcpd-gaussian,kernelcpd,rbf,1,kernelcpd-gaussian,0.5,3,0.75,1.0,0.9,True,True,1.0,1.0,1.0,0.8999443112994802,26,26,0.12105045793578029,21.892,180.85020390103892,
random_track234485,test__random_track234485__3_trombone,random,trombone,tune,kernelcpd-cosine,kernelcpd,cosine,1,kernelcpd-cosine,0.5,3,0.75,1.0,0.9,True,True,0.96,0.9230769230769231,0.9411764705882353,0.89639677882985,25,26,0.06852858304046094,21.892,319.45794044908865,
random_track234538,test__random_track234538__1_trumpet,random,trumpet,tune,pelt-l1,pelt,l1,1,pelt-l1,0.5,3,0.75,1.0,0.9,True,True,1.0,1.0,1.0,0.9537115202719515,23,23,4.6820311669725925,22.852,4.880787672068431,
random_track234538,test__random_track234538__1_trumpet,random,trumpet,tune,pelt-l2,pelt,l2,1,pelt-l2,0.5,3,0.75,1.0,0.9,True,True,1.0,1.0,1.0,0.9544296154124506,23,23,3.6679574591107666,22.852,6.230170402668758,
random_track234538,test__random_track234538__1_trumpet,random,trumpet,tune,pelt-rbf,pelt,rbf,1,pelt-rbf,0.5,3,0.75,1.0,0.9,True,True,1.0,1.0,1.0,0.9523304466122945,23,23,29.49148516706191,22.852,0.7748677243804142,
random_track234538,test__random_track234538__1_trumpet,random,trumpet,tune,kernelcpd-linear,kernelcpd,l2,1,kernelcpd-linear,0.5,3,0.75,1.0,0.9,True,True,1.0,1.0,1.0,0.9544296154124506,23,23,0.05847229203209281,22.852,390.8175856601887,
random_track234538,test__random_track234538__1_trumpet,random,trumpet,tune,kernelcpd-gaussian,kernelcpd,rbf,1,kernelcpd-gaussian,0.5,3,0.75,1.0,0.9,True,True,1.0,1.0,1.0,0.9523304466122945,23,23,0.13238599989563227,22.852,172.61643994089698,
random_track234538,test__random_track234538__1_trumpet,random,trumpet,tune,kernelcpd-cosine,kernelcpd,cosine,1,kernelcpd-cosine,0.5,3,0.75,1.0,0.9,True,True,0.8235294117647058,0.6086956521739131,0.7,0.9001913649886044,17,23,0.07067729206755757,22.852,323.32874295971465,
random_track234545,test__random_track234545__3_saxophone,random,saxophone,holdout,pelt-l1,pelt,l1,1,pelt-l1,0.5,3,0.75,1.0,0.9,True,True,1.0,1.0,1.0,0.9498095246140432,20,20,8.7466838338878,20.804,2.3785014292385664,
random_track234545,test__random_track234545__3_saxophone,random,saxophone,holdout,pelt-l2,pelt,l2,1,pelt-l2,0.5,3,0.75,1.0,0.9,True,True,1.0,1.0,1.0,0.9498095246140432,20,20,6.410542374942452,20.804,3.2452792265002004,
random_track234545,test__random_track234545__3_saxophone,random,saxophone,holdout,pelt-rbf,pelt,rbf,1,pelt-rbf,0.5,3,0.75,1.0,0.9,True,True,1.0,1.0,1.0,0.9498095246140432,20,20,80.76344666699879,20.804,0.2575917801747413,
random_track234545,test__random_track234545__3_saxophone,random,saxophone,holdout,kernelcpd-linear,kernelcpd,l2,1,kernelcpd-linear,0.5,3,0.75,1.0,0.9,True,True,1.0,1.0,1.0,0.9498095246140432,20,20,0.0545800409745425,20.804,381.1649758508519,
random_track234545,test__random_track234545__3_saxophone,random,saxophone,holdout,kernelcpd-gaussian,kernelcpd,rbf,1,kernelcpd-gaussian,0.5,3,0.75,1.0,0.9,True,True,1.0,1.0,1.0,0.9498095246140432,20,20,0.10785716702230275,20.804,192.8847249965145,
random_track234545,test__random_track234545__3_saxophone,random,saxophone,holdout,kernelcpd-cosine,kernelcpd,cosine,1,kernelcpd-cosine,0.5,3,0.75,1.0,0.9,True,True,1.0,1.0,1.0,0.9498095246140432,20,20,0.06950474996119738,20.804,299.31767270027314,
random_track234577,test__random_track234577__4_double bass,random,double bass,tune,pelt-l1,pelt,l1,1,pelt-l1,0.5,3,0.75,1.0,0.9,True,True,0.5714285714285714,0.5454545454545454,0.5581395348837208,0.9176415095418399,21,22,8.53597033279948,26.956,3.1579303756974797,
random_track234577,test__random_track234577__4_double bass,random,double bass,tune,pelt-l2,pelt,l2,1,pelt-l2,0.5,3,0.75,1.0,0.9,True,True,0.5714285714285714,0.5454545454545454,0.5581395348837208,0.9170960850643204,21,22,6.004253667080775,26.956,4.489483871707542,
random_track234577,test__random_track234577__4_double bass,random,double bass,tune,pelt-rbf,pelt,rbf,1,pelt-rbf,0.5,3,0.75,1.0,0.9,True,True,0.5714285714285714,0.5454545454545454,0.5581395348837208,0.9176415095418399,21,22,71.86917941714637,26.956,0.3750703739573921,
random_track234577,test__random_track234577__4_double bass,random,double bass,tune,kernelcpd-linear,kernelcpd,l2,1,kernelcpd-linear,0.5,3,0.75,1.0,0.9,True,True,0.5714285714285714,0.5454545454545454,0.5581395348837208,0.9170960850643204,21,22,0.08284624991938472,26.956,325.3738102355882,
random_track234577,test__random_track234577__4_double bass,random,double bass,tune,kernelcpd-gaussian,kernelcpd,rbf,1,kernelcpd-gaussian,0.5,3,0.75,1.0,0.9,True,True,0.5714285714285714,0.5454545454545454,0.5581395348837208,0.9176415095418399,21,22,0.14499341696500778,26.956,185.91188872047528,
random_track234577,test__random_track234577__4_double bass,random,double bass,tune,kernelcpd-cosine,kernelcpd,cosine,1,kernelcpd-cosine,0.5,3,0.75,1.0,0.9,True,True,0.42105263157894735,0.36363636363636365,0.3902439024390244,0.9141605412338116,19,22,0.08927779085934162,26.956,301.93399433986383,
random_track234587,test__random_track234587__4_tuba,random,tuba,tune,pelt-l1,pelt,l1,1,pelt-l1,0.5,3,0.75,1.0,0.9,True,True,0.7575757575757576,0.8333333333333334,0.7936507936507938,0.8216757250739148,33,30,3.5493594999425113,14.272,4.021007170513768,
random_track234587,test__random_track234587__4_tuba,random,tuba,tune,pelt-l2,pelt,l2,1,pelt-l2,0.5,3,0.75,1.0,0.9,True,True,0.7575757575757576,0.8333333333333334,0.7936507936507938,0.8216757250739148,33,30,2.7049335830379277,14.272,5.2762848187832505,
random_track234587,test__random_track234587__4_tuba,random,tuba,tune,pelt-rbf,pelt,rbf,1,pelt-rbf,0.5,3,0.75,1.0,0.9,True,True,0.7575757575757576,0.8333333333333334,0.7936507936507938,0.8216757250739148,33,30,8.837235500104725,14.272,1.61498468608547,
random_track234587,test__random_track234587__4_tuba,random,tuba,tune,kernelcpd-linear,kernelcpd,l2,1,kernelcpd-linear,0.5,3,0.75,1.0,0.9,True,True,0.7575757575757576,0.8333333333333334,0.7936507936507938,0.8216757250739148,33,30,0.04501979099586606,14.272,317.0161318898732,
random_track234587,test__random_track234587__4_tuba,random,tuba,tune,kernelcpd-gaussian,kernelcpd,rbf,1,kernelcpd-gaussian,0.5,3,0.75,1.0,0.9,True,True,0.7575757575757576,0.8333333333333334,0.7936507936507938,0.8216757250739148,33,30,0.045495750149711967,14.272,313.6996302519557,
random_track234587,test__random_track234587__4_tuba,random,tuba,tune,kernelcpd-cosine,kernelcpd,cosine,1,kernelcpd-cosine,0.5,3,0.75,1.0,0.9,True,True,0.7096774193548387,0.7333333333333333,0.7213114754098361,0.8214299864970287,31,30,0.03945129201747477,14.272,361.7625499737317,
random_track234618,test__random_track234618__4_double bass,random,double bass,tune,pelt-l1,pelt,l1,1,pelt-l1,0.5,3,0.75,1.0,0.9,True,True,0.9166666666666666,0.9705882352941176,0.9428571428571428,0.841463666395886,36,34,1.4922432501334697,15.448,10.352199615322968,
random_track234618,test__random_track234618__4_double bass,random,double bass,tune,pelt-l2,pelt,l2,1,pelt-l2,0.5,3,0.75,1.0,0.9,True,True,0.9166666666666666,0.9705882352941176,0.9428571428571428,0.841463666395886,36,34,1.114780583884567,15.448,13.857435466062626,
random_track234618,test__random_track234618__4_double bass,random,double bass,tune,pelt-rbf,pelt,rbf,1,pelt-rbf,0.5,3,0.75,1.0,0.9,True,True,0.9166666666666666,0.9705882352941176,0.9428571428571428,0.8433224517179284,36,34,1.7181486659683287,15.448,8.991072953104256,
random_track234618,test__random_track234618__4_double bass,random,double bass,tune,kernelcpd-linear,kernelcpd,l2,1,kernelcpd-linear,0.5,3,0.75,1.0,0.9,True,True,0.9166666666666666,0.9705882352941176,0.9428571428571428,0.841463666395886,36,34,0.0414832909591496,15.448,372.3908986683896,
random_track234618,test__random_track234618__4_double bass,random,double bass,tune,kernelcpd-gaussian,kernelcpd,rbf,1,kernelcpd-gaussian,0.5,3,0.75,1.0,0.9,True,True,0.9166666666666666,0.9705882352941176,0.9428571428571428,0.8433224517179284,36,34,0.048623541835695505,15.448,317.70618545643083,
random_track234618,test__random_track234618__4_double bass,random,double bass,tune,kernelcpd-cosine,kernelcpd,cosine,1,kernelcpd-cosine,0.5,3,0.75,1.0,0.9,True,True,0.8,0.7058823529411765,0.7500000000000001,0.8010438909551617,30,34,0.0381307911593467,15.448,405.13190338599503,
random_track234627,test__random_track234627__4_double bass,random,double bass,holdout,pelt-l1,pelt,l1,1,pelt-l1,0.5,3,0.75,1.0,0.9,True,True,0.8235294117647058,0.9032258064516129,0.8615384615384616,0.8041470664278665,34,31,9.327583374921232,16.612,1.7809543299997872,
random_track234627,test__random_track234627__4_double bass,random,double bass,holdout,pelt-l2,pelt,l2,1,pelt-l2,0.5,3,0.75,1.0,0.9,True,True,0.8484848484848485,0.9032258064516129,0.875,0.8340977287871577,33,31,7.037471916992217,16.612,2.360506755258199,
random_track234627,test__random_track234627__4_double bass,random,double bass,holdout,pelt-rbf,pelt,rbf,1,pelt-rbf,0.5,3,0.75,1.0,0.9,True,True,0.8484848484848485,0.9032258064516129,0.875,0.8318107720936362,33,31,92.59672833420336,16.612,0.17940158684703617,
random_track234627,test__random_track234627__4_double bass,random,double bass,holdout,kernelcpd-linear,kernelcpd,l2,1,kernelcpd-linear,0.5,3,0.75,1.0,0.9,True,True,0.8484848484848485,0.9032258064516129,0.875,0.8340977287871577,33,31,0.043360749958083034,16.612,383.11145485396054,
random_track234627,test__random_track234627__4_double bass,random,double bass,holdout,kernelcpd-gaussian,kernelcpd,rbf,1,kernelcpd-gaussian,0.5,3,0.75,1.0,0.9,True,True,0.8484848484848485,0.9032258064516129,0.875,0.8318107720936362,33,31,0.06928362511098385,16.612,239.76805447736916,
random_track234627,test__random_track234627__4_double bass,random,double bass,holdout,kernelcpd-cosine,kernelcpd,cosine,1,kernelcpd-cosine,0.5,3,0.75,1.0,0.9,True,True,0.6666666666666666,0.5806451612903226,0.6206896551724138,0.8203078422289113,27,31,0.043944249860942364,16.612,378.02442987574443,
random_track234641,test__random_track234641__4_bassoon,random,bassoon,holdout,pelt-l1,pelt,l1,1,pelt-l1,0.5,3,0.75,1.0,0.9,True,True,0.96,0.96,0.96,0.9556469664155358,25,25,34.01798658305779,36.568,1.07496073909948,
random_track234641,test__random_track234641__4_bassoon,random,bassoon,holdout,pelt-l2,pelt,l2,1,pelt-l2,0.5,3,0.75,1.0,0.9,True,True,0.96,0.96,0.96,0.9560546542773046,25,25,24.514130791882053,36.568,1.491711058835895,
random_track234641,test__random_track234641__4_bassoon,random,bassoon,holdout,pelt-rbf,pelt,rbf,1,pelt-rbf,0.5,3,0.75,1.0,0.9,True,True,0.96,0.96,0.96,0.9560546542773046,25,25,431.1277865418233,36.568,0.08481939958758045,
random_track234641,test__random_track234641__4_bassoon,random,bassoon,holdout,kernelcpd-linear,kernelcpd,l2,1,kernelcpd-linear,0.5,3,0.75,1.0,0.9,True,True,0.96,0.96,0.96,0.9560546542773046,25,25,0.12054958287626505,36.568,303.34406082129925,
random_track234641,test__random_track234641__4_bassoon,random,bassoon,holdout,kernelcpd-gaussian,kernelcpd,rbf,1,kernelcpd-gaussian,0.5,3,0.75,1.0,0.9,True,True,0.96,0.96,0.96,0.9560546542773046,25,25,0.2311086249537766,36.568,158.2286252073624,
random_track234641,test__random_track234641__4_bassoon,random,bassoon,holdout,kernelcpd-cosine,kernelcpd,cosine,1,kernelcpd-cosine,0.5,3,0.75,1.0,0.9,True,True,0.9166666666666666,0.88,0.8979591836734694,0.958024449573887,24,25,0.12207266688346863,36.568,299.5592783674338,
random_track234661,test__random_track234661__4_bassoon,random,bassoon,holdout,pelt-l1,pelt,l1,1,pelt-l1,0.5,3,0.75,1.0,0.9,True,True,1.0,1.0,1.0,0.9557890739091077,27,27,41.665559166809544,28.436,0.6824821403729509,
random_track234661,test__random_track234661__4_bassoon,random,bassoon,holdout,pelt-l2,pelt,l2,1,pelt-l2,0.5,3,0.75,1.0,0.9,True,True,1.0,1.0,1.0,0.9560368210721848,27,27,28.293660208117217,28.436,1.0050308016296154,
random_track234661,test__random_track234661__4_bassoon,random,bassoon,holdout,pelt-rbf,pelt,rbf,1,pelt-rbf,0.5,3,0.75,1.0,0.9,True,True,1.0,1.0,1.0,0.9480481639941422,27,27,1229.5297183331568,28.436,0.023127541836524282,
random_track234661,test__random_track234661__4_bassoon,random,bassoon,holdout,kernelcpd-linear,kernelcpd,l2,1,kernelcpd-linear,0.5,3,0.75,1.0,0.9,True,True,1.0,1.0,1.0,0.9560368210721848,27,27,0.10229866695590317,28.436,277.9703865765681,
random_track234661,test__random_track234661__4_bassoon,random,bassoon,holdout,kernelcpd-gaussian,kernelcpd,rbf,1,kernelcpd-gaussian,0.5,3,0.75,1.0,0.9,True,True,1.0,1.0,1.0,0.9480481639941422,27,27,0.20753312506712973,28.436,137.01909028162103,
random_track234661,test__random_track234661__4_bassoon,random,bassoon,holdout,kernelcpd-cosine,kernelcpd,cosine,1,kernelcpd-cosine,0.5,3,0.75,1.0,0.9,True,True,0.9545454545454546,0.7777777777777778,0.8571428571428572,0.9024850873844005,22,27,0.11453933292068541,28.436,248.26406156643992,
random_track234682,test__random_track234682__3_horn,random,horn,holdout,pelt-l1,pelt,l1,1,pelt-l1,0.5,3,0.75,1.0,0.9,True,True,1.0,1.0,1.0,0.9382723588741049,28,28,13.023683291859925,27.676,2.1250516754579003,
random_track234682,test__random_track234682__3_horn,random,horn,holdout,pelt-l2,pelt,l2,1,pelt-l2,0.5,3,0.75,1.0,0.9,True,True,1.0,1.0,1.0,0.9382723588741049,28,28,9.650107708061114,27.676,2.8679472641410158,
random_track234682,test__random_track234682__3_horn,random,horn,holdout,pelt-rbf,pelt,rbf,1,pelt-rbf,0.5,3,0.75,1.0,0.9,True,True,1.0,1.0,1.0,0.9368899405667147,28,28,42.5258337080013,27.676,0.6508044072700382,
random_track234682,test__random_track234682__3_horn,random,horn,holdout,kernelcpd-linear,kernelcpd,l2,1,kernelcpd-linear,0.5,3,0.75,1.0,0.9,True,True,1.0,1.0,1.0,0.9382723588741049,28,28,0.07682704203762114,27.676,360.23774007135984,
random_track234682,test__random_track234682__3_horn,random,horn,holdout,kernelcpd-gaussian,kernelcpd,rbf,1,kernelcpd-gaussian,0.5,3,0.75,1.0,0.9,True,True,1.0,1.0,1.0,0.9368899405667147,28,28,0.12437387509271502,27.676,222.5226156165739,
random_track234682,test__random_track234682__3_horn,random,horn,holdout,kernelcpd-cosine,kernelcpd,cosine,1,kernelcpd-cosine,0.5,3,0.75,1.0,0.9,True,True,0.9629629629629629,0.9285714285714286,0.9454545454545454,0.9382494819481532,27,28,0.08932975004427135,27.676,309.81839741277594,
random_track234704,test__random_track234704__1_trumpet,random,trumpet,holdout,pelt-l1,pelt,l1,1,pelt-l1,0.5,3,0.75,1.0,0.9,True,True,1.0,1.0,1.0,0.9614792523060401,23,23,26.69621487497352,30.108,1.1278003320322714,
random_track234704,test__random_track234704__1_trumpet,random,trumpet,holdout,pelt-l2,pelt,l2,1,pelt-l2,0.5,3,0.75,1.0,0.9,True,True,1.0,1.0,1.0,0.9606075129960914,23,23,19.20833991607651,30.108,1.5674441482994044,
random_track234704,test__random_track234704__1_trumpet,random,trumpet,holdout,pelt-rbf,pelt,rbf,1,pelt-rbf,0.5,3,0.75,1.0,0.9,True,True,1.0,1.0,1.0,0.9603733094296468,23,23,146.05116083309986,30.108,0.20614694075869724,
random_track234704,test__random_track234704__1_trumpet,random,trumpet,holdout,kernelcpd-linear,kernelcpd,l2,1,kernelcpd-linear,0.5,3,0.75,1.0,0.9,True,True,1.0,1.0,1.0,0.9606075129960914,23,23,0.0892609590664506,30.108,337.3031201422114,
random_track234704,test__random_track234704__1_trumpet,random,trumpet,holdout,kernelcpd-gaussian,kernelcpd,rbf,1,kernelcpd-gaussian,0.5,3,0.75,1.0,0.9,True,True,1.0,1.0,1.0,0.9603733094296468,23,23,0.1673841669689864,30.108,179.8736436378629,
random_track234704,test__random_track234704__1_trumpet,random,trumpet,holdout,kernelcpd-cosine,kernelcpd,cosine,1,kernelcpd-cosine,0.5,3,0.75,1.0,0.9,True,True,0.9,0.782608695652174,0.8372093023255814,0.9566073617484433,20,23,0.10214341687969863,30.108,294.7620210851207,
random_track234711,test__random_track234711__1_flute,random,flute,tune,pelt-l1,pelt,l1,1,pelt-l1,0.5,3,0.75,1.0,0.9,True,True,1.0,1.0,1.0,0.9288776190580346,27,27,18.49465037509799,23.624,1.277342340669948,
random_track234711,test__random_track234711__1_flute,random,flute,tune,pelt-l2,pelt,l2,1,pelt-l2,0.5,3,0.75,1.0,0.9,True,True,1.0,1.0,1.0,0.9288776190580346,27,27,13.513941624900326,23.624,1.74812061911465,
random_track234711,test__random_track234711__1_flute,random,flute,tune,pelt-rbf,pelt,rbf,1,pelt-rbf,0.5,3,0.75,1.0,0.9,True,True,1.0,1.0,1.0,0.9274126268675441,27,27,135.8857589578256,23.624,0.17385191929738641,
random_track234711,test__random_track234711__1_flute,random,flute,tune,kernelcpd-linear,kernelcpd,l2,1,kernelcpd-linear,0.5,3,0.75,1.0,0.9,True,True,1.0,1.0,1.0,0.9288776190580346,27,27,0.06942454096861184,23.624,340.2831285651692,
random_track234711,test__random_track234711__1_flute,random,flute,tune,kernelcpd-gaussian,kernelcpd,rbf,1,kernelcpd-gaussian,0.5,3,0.75,1.0,0.9,True,True,1.0,1.0,1.0,0.9274126268675441,27,27,0.12250916683115065,23.624,192.83454953668885,
random_track234711,test__random_track234711__1_flute,random,flute,tune,kernelcpd-cosine,kernelcpd,cosine,1,kernelcpd-cosine,0.5,3,0.75,1.0,0.9,True,True,0.875,0.7777777777777778,0.823529411764706,0.9207141646123885,24,27,0.08324595890007913,23.624,283.78554721624505,
random_track234743,test__random_track234743__3_viola,random,viola,tune,pelt-l1,pelt,l1,1,pelt-l1,0.5,3,0.75,1.0,0.9,True,True,1.0,1.0,1.0,0.8887490911005592,29,29,7.328655915800482,17.164,2.342039276669362,
random_track234743,test__random_track234743__3_viola,random,viola,tune,pelt-l2,pelt,l2,1,pelt-l2,0.5,3,0.75,1.0,0.9,True,True,1.0,1.0,1.0,0.891496527289758,29,29,5.596854124916717,17.164,3.066722772635316,
random_track234743,test__random_track234743__3_viola,random,viola,tune,pelt-rbf,pelt,rbf,1,pelt-rbf,0.5,3,0.75,1.0,0.9,True,True,1.0,1.0,1.0,0.8844552573826313,29,29,8.907388458959758,17.164,1.9269396500536684,
random_track234743,test__random_track234743__3_viola,random,viola,tune,kernelcpd-linear,kernelcpd,l2,1,kernelcpd-linear,0.5,3,0.75,1.0,0.9,True,True,1.0,1.0,1.0,0.891496527289758,29,29,0.04431962501257658,17.164,387.2776449514041,
random_track234743,test__random_track234743__3_viola,random,viola,tune,kernelcpd-gaussian,kernelcpd,rbf,1,kernelcpd-gaussian,0.5,3,0.75,1.0,0.9,True,True,1.0,1.0,1.0,0.8844552573826313,29,29,0.07634199992753565,17.164,224.83036881784847,
random_track234743,test__random_track234743__3_viola,random,viola,tune,kernelcpd-cosine,kernelcpd,cosine,1,kernelcpd-cosine,0.5,3,0.75,1.0,0.9,True,True,0.9230769230769231,0.8275862068965517,0.8727272727272727,0.8676769001701298,26,29,0.051941083976998925,17.164,330.45132457383323,
random_track234806,test__random_track234806__3_clarinet,random,clarinet,tune,pelt-l1,pelt,l1,1,pelt-l1,0.5,3,0.75,1.0,0.9,True,True,1.0,1.0,1.0,0.8951059579591375,28,28,3.023707333020866,14.276,4.721356410422636,
random_track234806,test__random_track234806__3_clarinet,random,clarinet,tune,pelt-l2,pelt,l2,1,pelt-l2,0.5,3,0.75,1.0,0.9,True,True,1.0,1.0,1.0,0.8965193839751668,28,28,2.3264810000546277,14.276,6.136306292492733,
random_track234806,test__random_track234806__3_clarinet,random,clarinet,tune,pelt-rbf,pelt,rbf,1,pelt-rbf,0.5,3,0.75,1.0,0.9,True,True,1.0,1.0,1.0,0.8965193839751668,28,28,3.5554724999237806,14.276,4.015218793087568,
random_track234806,test__random_track234806__3_clarinet,random,clarinet,tune,kernelcpd-linear,kernelcpd,l2,1,kernelcpd-linear,0.5,3,0.75,1.0,0.9,True,True,1.0,1.0,1.0,0.8965193839751668,28,28,0.04488879092969,14.276,318.03039699511436,
random_track234806,test__random_track234806__3_clarinet,random,clarinet,tune,kernelcpd-gaussian,kernelcpd,rbf,1,kernelcpd-gaussian,0.5,3,0.75,1.0,0.9,True,True,1.0,1.0,1.0,0.8965193839751668,28,28,0.048852582927793264,14.276,292.2261044231928,
random_track234806,test__random_track234806__3_clarinet,random,clarinet,tune,kernelcpd-cosine,kernelcpd,cosine,1,kernelcpd-cosine,0.5,3,0.75,1.0,0.9,True,True,1.0,0.9642857142857143,0.9818181818181818,0.8933954342710627,27,28,0.03995608305558562,14.276,357.2922796296045,
random_track234820,test__random_track234820__4_cello,random,cello,tune,pelt-l1,pelt,l1,1,pelt-l1,0.5,3,0.75,1.0,0.9,True,True,0.9666666666666667,1.0,0.983050847457627,0.9332327575171465,30,29,9.652775040827692,24.72,2.5609215894334514,
random_track234820,test__random_track234820__4_cello,random,cello,tune,pelt-l2,pelt,l2,1,pelt-l2,0.5,3,0.75,1.0,0.9,True,True,0.9666666666666667,1.0,0.983050847457627,0.9216412314682829,30,29,7.9031417921651155,24.72,3.1278699851376195,
random_track234820,test__random_track234820__4_cello,random,cello,tune,pelt-rbf,pelt,rbf,1,pelt-rbf,0.5,3,0.75,1.0,0.9,True,True,0.9666666666666667,1.0,0.983050847457627,0.9281104596923507,30,29,36.81374470796436,24.72,0.6714883312224421,
random_track234820,test__random_track234820__4_cello,random,cello,tune,kernelcpd-linear,kernelcpd,l2,1,kernelcpd-linear,0.5,3,0.75,1.0,0.9,True,True,0.9666666666666667,1.0,0.983050847457627,0.9216412314682829,30,29,0.06902541709132493,24.72,358.12894788153034,
random_track234820,test__random_track234820__4_cello,random,cello,tune,kernelcpd-gaussian,kernelcpd,rbf,1,kernelcpd-gaussian,0.5,3,0.75,1.0,0.9,True,True,0.9666666666666667,1.0,0.983050847457627,0.9281104596923507,30,29,0.131128208944574,24.72,188.51778880354254,
random_track234820,test__random_track234820__4_cello,random,cello,tune,kernelcpd-cosine,kernelcpd,cosine,1,kernelcpd-cosine,0.5,3,0.75,1.0,0.9,True,True,0.8076923076923077,0.7241379310344828,0.7636363636363636,0.9080514586296411,26,29,0.08972679194994271,24.72,275.50299595901004,
random_track234827,test__random_track234827__4_cello,random,cello,holdout,pelt-l1,pelt,l1,1,pelt-l1,0.5,3,0.75,1.0,0.9,True,True,0.9696969696969697,0.9696969696969697,0.9696969696969697,0.8956182700859988,33,33,1.9517867090180516,15.684,8.035714111349112,
random_track234827,test__random_track234827__4_cello,random,cello,holdout,pelt-l2,pelt,l2,1,pelt-l2,0.5,3,0.75,1.0,0.9,True,True,0.9696969696969697,0.9696969696969697,0.9696969696969697,0.8967372745501431,33,33,1.4084013749379665,15.684,11.136030026022096,
random_track234827,test__random_track234827__4_cello,random,cello,holdout,pelt-rbf,pelt,rbf,1,pelt-rbf,0.5,3,0.75,1.0,0.9,True,True,1.0,1.0,1.0,0.8862531664455895,33,33,0.8808454580139369,15.684,17.805620562956737,
random_track234827,test__random_track234827__4_cello,random,cello,holdout,kernelcpd-linear,kernelcpd,l2,1,kernelcpd-linear,0.5,3,0.75,1.0,0.9,True,True,0.9696969696969697,0.9696969696969697,0.9696969696969697,0.8967372745501431,33,33,0.04498229222372174,15.684,348.6705373304415,
random_track234827,test__random_track234827__4_cello,random,cello,holdout,kernelcpd-gaussian,kernelcpd,rbf,1,kernelcpd-gaussian,0.5,3,0.75,1.0,0.9,True,True,1.0,1.0,1.0,0.8862531664455895,33,33,0.055400541983544827,15.684,283.1019235273635,
random_track234827,test__random_track234827__4_cello,random,cello,holdout,kernelcpd-cosine,kernelcpd,cosine,1,kernelcpd-cosine,0.5,3,0.75,1.0,0.9,True,True,0.76,0.5757575757575758,0.6551724137931034,0.8296933052272406,25,33,0.03826295887120068,15.684,409.9003439016539,
random_track234828,test__random_track234828__1_oboe,random,oboe,tune,pelt-l1,pelt,l1,1,pelt-l1,0.5,3,0.75,1.0,0.9,True,True,1.0,1.0,1.0,0.9464199109372399,27,27,12.0850508750882,26.644,2.2047073095011314,
random_track234828,test__random_track234828__1_oboe,random,oboe,tune,pelt-l2,pelt,l2,1,pelt-l2,0.5,3,0.75,1.0,0.9,True,True,1.0,1.0,1.0,0.9464199109372399,27,27,9.222770707914606,26.644,2.8889366161011902,
random_track234828,test__random_track234828__1_oboe,random,oboe,tune,pelt-rbf,pelt,rbf,1,pelt-rbf,0.5,3,0.75,1.0,0.9,True,True,1.0,1.0,1.0,0.9464199109372399,27,27,71.08969841594808,26.644,0.3747941065118199,
random_track234828,test__random_track234828__1_oboe,random,oboe,tune,kernelcpd-linear,kernelcpd,l2,1,kernelcpd-linear,0.5,3,0.75,1.0,0.9,True,True,1.0,1.0,1.0,0.9464199109372399,27,27,0.08232133300043643,26.644,323.65851024130944,
random_track234828,test__random_track234828__1_oboe,random,oboe,tune,kernelcpd-gaussian,kernelcpd,rbf,1,kernelcpd-gaussian,0.5,3,0.75,1.0,0.9,True,True,1.0,1.0,1.0,0.9464199109372399,27,27,0.14867562497965991,26.644,179.20893222170832,
random_track234828,test__random_track234828__1_oboe,random,oboe,tune,kernelcpd-cosine,kernelcpd,cosine,1,kernelcpd-cosine,0.5,3,0.75,1.0,0.9,True,True,0.9615384615384616,0.9259259259259259,0.9433962264150944,0.9450552021910051,26,27,0.08585216710343957,26.644,310.347436750173,
random_track234849,test__random_track234849__4_tuba,random,tuba,holdout,pelt-l1,pelt,l1,1,pelt-l1,0.5,3,0.75,1.0,0.9,True,True,0.5,0.4166666666666667,0.45454545454545453,0.8741974643097628,20,24,16.52400533296168,20.836,1.2609533572611997,
random_track234849,test__random_track234849__4_tuba,random,tuba,holdout,pelt-l2,pelt,l2,1,pelt-l2,0.5,3,0.75,1.0,0.9,True,True,0.5,0.4166666666666667,0.45454545454545453,0.8741974643097628,20,24,11.917861666996032,20.836,1.7483002053716434,
random_track234849,test__random_track234849__4_tuba,random,tuba,holdout,pelt-rbf,pelt,rbf,1,pelt-rbf,0.5,3,0.75,1.0,0.9,True,True,0.5,0.4166666666666667,0.45454545454545453,0.8741974643097628,20,24,166.41424612491392,20.836,0.12520562683293396,
random_track234849,test__random_track234849__4_tuba,random,tuba,holdout,kernelcpd-linear,kernelcpd,l2,1,kernelcpd-linear,0.5,3,0.75,1.0,0.9,True,True,0.5,0.4166666666666667,0.45454545454545453,0.8741974643097628,20,24,0.07779437489807606,20.836,267.8342750012289,
random_track234849,test__random_track234849__4_tuba,random,tuba,holdout,kernelcpd-gaussian,kernelcpd,rbf,1,kernelcpd-gaussian,0.5,3,0.75,1.0,0.9,True,True,0.5,0.4166666666666667,0.45454545454545453,0.8741974643097628,20,24,0.13436895795166492,20.836,155.06557703227188,
random_track234849,test__random_track234849__4_tuba,random,tuba,holdout,kernelcpd-cosine,kernelcpd,cosine,1,kernelcpd-cosine,0.5,3,0.75,1.0,0.9,True,True,0.47368421052631576,0.375,0.4186046511627907,0.8718978214780716,19,24,0.06667691608890891,20.836,312.49195706977025,
random_track234915,test__random_track234915__3_saxophone,random,saxophone,tune,pelt-l1,pelt,l1,1,pelt-l1,0.5,3,0.75,1.0,0.9,True,True,1.0,1.0,1.0,0.9430316207368021,21,21,20.22153679188341,25.328,1.2525259707346397,
random_track234915,test__random_track234915__3_saxophone,random,saxophone,tune,pelt-l2,pelt,l2,1,pelt-l2,0.5,3,0.75,1.0,0.9,True,True,1.0,1.0,1.0,0.9430316207368021,21,21,15.948173417011276,25.328,1.588144255628901,
random_track234915,test__random_track234915__3_saxophone,random,saxophone,tune,pelt-rbf,pelt,rbf,1,pelt-rbf,0.5,3,0.75,1.0,0.9,True,True,1.0,1.0,1.0,0.9430316207368021,21,21,169.24933725013398,25.328,0.14964903503620633,
random_track234915,test__random_track234915__3_saxophone,random,saxophone,tune,kernelcpd-linear,kernelcpd,l2,1,kernelcpd-linear,0.5,3,0.75,1.0,0.9,True,True,1.0,1.0,1.0,0.9430316207368021,21,21,0.07424925011582673,25.328,341.1212902553095,
random_track234915,test__random_track234915__3_saxophone,random,saxophone,tune,kernelcpd-gaussian,kernelcpd,rbf,1,kernelcpd-gaussian,0.5,3,0.75,1.0,0.9,True,True,1.0,1.0,1.0,0.9430316207368021,21,21,0.1571757080964744,25.328,161.1444943162189,
random_track234915,test__random_track234915__3_saxophone,random,saxophone,tune,kernelcpd-cosine,kernelcpd,cosine,1,kernelcpd-cosine,0.5,3,0.75,1.0,0.9,True,True,1.0,1.0,1.0,0.9430316207368021,21,21,0.08810974983498454,25.328,287.45967441100777,
random_track234952,test__random_track234952__3_cello,random,cello,tune,pelt-l1,pelt,l1,1,pelt-l1,0.5,3,0.75,1.0,0.9,True,True,0.7647058823529411,0.7647058823529411,0.7647058823529412,0.9134046703176909,17,17,29.508330082986504,21.456,0.7271167138112907,
random_track234952,test__random_track234952__3_cello,random,cello,tune,pelt-l2,pelt,l2,1,pelt-l2,0.5,3,0.75,1.0,0.9,True,True,0.7647058823529411,0.7647058823529411,0.7647058823529412,0.9134046703176909,17,17,20.367001000093296,21.456,1.0534687949345962,
random_track234952,test__random_track234952__3_cello,random,cello,tune,pelt-rbf,pelt,rbf,1,pelt-rbf,0.5,3,0.75,1.0,0.9,True,True,0.7647058823529411,0.7647058823529411,0.7647058823529412,0.9134046703176909,17,17,540.7218352500349,21.456,0.03968029142022449,
random_track234952,test__random_track234952__3_cello,random,cello,tune,kernelcpd-linear,kernelcpd,l2,1,kernelcpd-linear,0.5,3,0.75,1.0,0.9,True,True,0.7647058823529411,0.7647058823529411,0.7647058823529412,0.9134046703176909,17,17,0.06575079099275172,21.456,326.32307043067027,
random_track234952,test__random_track234952__3_cello,random,cello,tune,kernelcpd-gaussian,kernelcpd,rbf,1,kernelcpd-gaussian,0.5,3,0.75,1.0,0.9,True,True,0.7647058823529411,0.7647058823529411,0.7647058823529412,0.9134046703176909,17,17,0.14845191687345505,21.456,144.53164668994978,
random_track234952,test__random_track234952__3_cello,random,cello,tune,kernelcpd-cosine,kernelcpd,cosine,1,kernelcpd-cosine,0.5,3,0.75,1.0,0.9,True,True,0.7647058823529411,0.7647058823529411,0.7647058823529412,0.9134046703176909,17,17,0.0731364160310477,21.456,293.3695847345261,
random_track234957,test__random_track234957__4_cello,random,cello,tune,pelt-l1,pelt,l1,1,pelt-l1,0.5,3,0.75,1.0,0.9,True,True,0.9411764705882353,0.9696969696969697,0.955223880597015,0.9033735196989365,34,33,5.539370374986902,20.996,3.7903224696452336,
random_track234957,test__random_track234957__4_cello,random,cello,tune,pelt-l2,pelt,l2,1,pelt-l2,0.5,3,0.75,1.0,0.9,True,True,0.9411764705882353,0.9696969696969697,0.955223880597015,0.9033735196989365,34,33,4.1400617498438805,20.996,5.071421942146575,
random_track234957,test__random_track234957__4_cello,random,cello,tune,pelt-rbf,pelt,rbf,1,pelt-rbf,0.5,3,0.75,1.0,0.9,True,True,0.9411764705882353,0.9696969696969697,0.955223880597015,0.9000029488456628,34,33,16.16896295803599,20.996,1.298537207023841,
random_track234957,test__random_track234957__4_cello,random,cello,tune,kernelcpd-linear,kernelcpd,l2,1,kernelcpd-linear,0.5,3,0.75,1.0,0.9,True,True,0.9411764705882353,0.9696969696969697,0.955223880597015,0.9033735196989365,34,33,0.05390245886519551,20.996,389.5184086594051,
random_track234957,test__random_track234957__4_cello,random,cello,tune,kernelcpd-gaussian,kernelcpd,rbf,1,kernelcpd-gaussian,0.5,3,0.75,1.0,0.9,True,True,0.9411764705882353,0.9696969696969697,0.955223880597015,0.9000029488456628,34,33,0.09296254208311439,20.996,225.85440898580686,
random_track234957,test__random_track234957__4_cello,random,cello,tune,kernelcpd-cosine,kernelcpd,cosine,1,kernelcpd-cosine,0.5,3,0.75,1.0,0.9,True,True,0.8518518518518519,0.696969696969697,0.7666666666666667,0.8713804845710965,27,33,0.06314383400604129,20.996,332.51069293624465,
random_track234962,test__random_track234962__2_horn,random,horn,tune,pelt-l1,pelt,l1,1,pelt-l1,0.5,3,0.75,1.0,0.9,True,True,0.9545454545454546,0.9545454545454546,0.9545454545454546,0.9503314388134508,22,22,10.680181999923661,21.448,2.0082054781607,
random_track234962,test__random_track234962__2_horn,random,horn,tune,pelt-l2,pelt,l2,1,pelt-l2,0.5,3,0.75,1.0,0.9,True,True,0.9545454545454546,0.9545454545454546,0.9545454545454546,0.9503314388134508,22,22,8.162210291950032,21.448,2.627719604474423,
random_track234962,test__random_track234962__2_horn,random,horn,tune,pelt-rbf,pelt,rbf,1,pelt-rbf,0.5,3,0.75,1.0,0.9,True,True,0.9545454545454546,0.9545454545454546,0.9545454545454546,0.9524305688436854,22,22,26.12656975002028,21.448,0.8209267502475465,
random_track234962,test__random_track234962__2_horn,random,horn,tune,kernelcpd-linear,kernelcpd,l2,1,kernelcpd-linear,0.5,3,0.75,1.0,0.9,True,True,0.9545454545454546,0.9545454545454546,0.9545454545454546,0.9503314388134508,22,22,0.054906958946958184,21.448,390.6244383470487,
random_track234962,test__random_track234962__2_horn,random,horn,tune,kernelcpd-gaussian,kernelcpd,rbf,1,kernelcpd-gaussian,0.5,3,0.75,1.0,0.9,True,True,0.9545454545454546,0.9545454545454546,0.9545454545454546,0.9524305688436854,22,22,0.10923666693270206,21.448,196.34432834913912,
random_track234962,test__random_track234962__2_horn,random,horn,tune,kernelcpd-cosine,kernelcpd,cosine,1,kernelcpd-cosine,0.5,3,0.75,1.0,0.9,True,True,0.9047619047619048,0.8636363636363636,0.8837209302325582,0.949668735084891,21,22,0.05928124999627471,21.448,361.800738030116,
random_track234964,test__random_track234964__3_clarinet,random,clarinet,tune,pelt-l1,pelt,l1,1,pelt-l1,0.5,3,0.75,1.0,0.9,True,True,1.0,1.0,1.0,0.8957792649246152,25,25,7.182205541990697,15.576,2.168693155456922,
random_track234964,test__random_track234964__3_clarinet,random,clarinet,tune,pelt-l2,pelt,l2,1,pelt-l2,0.5,3,0.75,1.0,0.9,True,True,1.0,1.0,1.0,0.8967110006666773,25,25,5.707056334009394,15.576,2.7292528912286644,
random_track234964,test__random_track234964__3_clarinet,random,clarinet,tune,pelt-rbf,pelt,rbf,1,pelt-rbf,0.5,3,0.75,1.0,0.9,True,True,1.0,1.0,1.0,0.8967110006666773,25,25,36.14373787515797,15.576,0.4309460204088514,
random_track234964,test__random_track234964__3_clarinet,random,clarinet,tune,kernelcpd-linear,kernelcpd,l2,1,kernelcpd-linear,0.5,3,0.75,1.0,0.9,True,True,1.0,1.0,1.0,0.8967110006666773,25,25,0.051518416963517666,15.576,302.3384823922291,
random_track234964,test__random_track234964__3_clarinet,random,clarinet,tune,kernelcpd-gaussian,kernelcpd,rbf,1,kernelcpd-gaussian,0.5,3,0.75,1.0,0.9,True,True,1.0,1.0,1.0,0.8967110006666773,25,25,0.06317687500268221,15.576,246.5459078078603,
random_track234964,test__random_track234964__3_clarinet,random,clarinet,tune,kernelcpd-cosine,kernelcpd,cosine,1,kernelcpd-cosine,0.5,3,0.75,1.0,0.9,True,True,0.9583333333333334,0.92,0.9387755102040817,0.9017045470506396,24,25,0.04644704097881913,15.576,335.34967291248967,
random_track234973,test__random_track234973__4_bassoon,random,bassoon,tune,pelt-l1,pelt,l1,1,pelt-l1,0.5,3,0.75,1.0,0.9,True,True,0.9285714285714286,0.9629629629629629,0.9454545454545454,0.9199656900169472,28,27,9.071212500100955,19.304,2.1280506877978174,
random_track234973,test__random_track234973__4_bassoon,random,bassoon,tune,pelt-l2,pelt,l2,1,pelt-l2,0.5,3,0.75,1.0,0.9,True,True,0.9285714285714286,0.9629629629629629,0.9454545454545454,0.9205872283476813,28,27,6.8210809589363635,19.304,2.8300499753942434,
random_track234973,test__random_track234973__4_bassoon,random,bassoon,tune,pelt-rbf,pelt,rbf,1,pelt-rbf,0.5,3,0.75,1.0,0.9,True,True,0.9285714285714286,0.9629629629629629,0.9454545454545454,0.9205872283476813,28,27,13.902410791954026,19.304,1.388536153108936,
random_track234973,test__random_track234973__4_bassoon,random,bassoon,tune,kernelcpd-linear,kernelcpd,l2,1,kernelcpd-linear,0.5,3,0.75,1.0,0.9,True,True,0.9285714285714286,0.9629629629629629,0.9454545454545454,0.9205872283476813,28,27,0.058012125082314014,19.304,332.758022096404,
random_track234973,test__random_track234973__4_bassoon,random,bassoon,tune,kernelcpd-gaussian,kernelcpd,rbf,1,kernelcpd-gaussian,0.5,3,0.75,1.0,0.9,True,True,0.9285714285714286,0.9629629629629629,0.9454545454545454,0.9205872283476813,28,27,0.08936658292077482,19.304,216.00915430674308,
random_track234973,test__random_track234973__4_bassoon,random,bassoon,tune,kernelcpd-cosine,kernelcpd,cosine,1,kernelcpd-cosine,0.5,3,0.75,1.0,0.9,True,True,0.8846153846153846,0.8518518518518519,0.8679245283018868,0.9155240446906182,26,27,0.05814783298410475,19.304,331.9814171798444,
random_track234979,test__random_track234979__2_oboe,random,oboe,tune,pelt-l1,pelt,l1,1,pelt-l1,0.5,3,0.75,1.0,0.9,True,True,1.0,1.0,1.0,0.9287771062667954,21,21,12.03333633299917,17.288,1.4366755421429467,
random_track234979,test__random_track234979__2_oboe,random,oboe,tune,pelt-l2,pelt,l2,1,pelt-l2,0.5,3,0.75,1.0,0.9,True,True,1.0,1.0,1.0,0.9258292097878925,21,21,10.1434658751823,17.288,1.7043484162842215,
random_track234979,test__random_track234979__2_oboe,random,oboe,tune,pelt-rbf,pelt,rbf,1,pelt-rbf,0.5,3,0.75,1.0,0.9,True,True,1.0,1.0,1.0,0.9225957284839597,21,21,55.9635569578968,17.288,0.30891531810614403,
random_track234979,test__random_track234979__2_oboe,random,oboe,tune,kernelcpd-linear,kernelcpd,l2,1,kernelcpd-linear,0.5,3,0.75,1.0,0.9,True,True,1.0,1.0,1.0,0.9258292097878925,21,21,0.04656483302824199,17.288,371.26730357896207,
random_track234979,test__random_track234979__2_oboe,random,oboe,tune,kernelcpd-gaussian,kernelcpd,rbf,1,kernelcpd-gaussian,0.5,3,0.75,1.0,0.9,True,True,1.0,1.0,1.0,0.9225957284839597,21,21,0.09090737509541214,17.288,190.17158928915637,
random_track234979,test__random_track234979__2_oboe,random,oboe,tune,kernelcpd-cosine,kernelcpd,cosine,1,kernelcpd-cosine,0.5,3,0.75,1.0,0.9,True,True,0.8125,0.6190476190476191,0.7027027027027026,0.892099220390464,16,21,0.0595763751771301,17.288,290.1821392892738,
random_track234982,test__random_track234982__4_tuba,random,tuba,tune,pelt-l1,pelt,l1,1,pelt-l1,0.5,3,0.75,1.0,0.9,True,True,0.8571428571428571,0.8571428571428571,0.8571428571428571,0.9604349305172213,21,21,24.15726733300835,29.684,1.2287813679753403,
random_track234982,test__random_track234982__4_tuba,random,tuba,tune,pelt-l2,pelt,l2,1,pelt-l2,0.5,3,0.75,1.0,0.9,True,True,0.8571428571428571,0.8571428571428571,0.8571428571428571,0.961824523965984,21,21,18.163034915924072,29.684,1.6343083706773671,
random_track234982,test__random_track234982__4_tuba,random,tuba,tune,pelt-rbf,pelt,rbf,1,pelt-rbf,0.5,3,0.75,1.0,0.9,True,True,0.8571428571428571,0.8571428571428571,0.8571428571428571,0.96147784460514,21,21,629.1539452918805,29.684,0.04718082151774291,
random_track234982,test__random_track234982__4_tuba,random,tuba,tune,kernelcpd-linear,kernelcpd,l2,1,kernelcpd-linear,0.5,3,0.75,1.0,0.9,True,True,0.8571428571428571,0.8571428571428571,0.8571428571428571,0.961824523965984,21,21,0.09084366704337299,29.684,326.75915631881617,
random_track234982,test__random_track234982__4_tuba,random,tuba,tune,kernelcpd-gaussian,kernelcpd,rbf,1,kernelcpd-gaussian,0.5,3,0.75,1.0,0.9,True,True,0.8571428571428571,0.8571428571428571,0.8571428571428571,0.96147784460514,21,21,0.21819504210725427,29.684,136.04342112140552,
random_track234982,test__random_track234982__4_tuba,random,tuba,tune,kernelcpd-cosine,kernelcpd,cosine,1,kernelcpd-cosine,0.5,3,0.75,1.0,0.9,True,True,0.7777777777777778,0.6666666666666666,0.717948717948718,0.9221224048535194,18,21,0.10598754091188312,29.684,280.07065495253784,
random_track234983,test__random_track234983__3_saxophone,random,saxophone,tune,pelt-l1,pelt,l1,1,pelt-l1,0.5,3,0.75,1.0,0.9,True,True,0.9375,0.9375,0.9375,0.9252895033205069,16,16,21.03273641713895,16.14,0.7673751850400216,
random_track234983,test__random_track234983__3_saxophone,random,saxophone,tune,pelt-l2,pelt,l2,1,pelt-l2,0.5,3,0.75,1.0,0.9,True,True,0.9375,0.9375,0.9375,0.9252895033205069,16,16,20.37176424986683,16.14,0.7922730600078247,
random_track234983,test__random_track234983__3_saxophone,random,saxophone,tune,pelt-rbf,pelt,rbf,1,pelt-rbf,0.5,3,0.75,1.0,0.9,True,True,0.9375,0.9375,0.9375,0.9237448804958125,16,16,35.57781308400445,16.14,0.4536535160801224,
random_track234983,test__random_track234983__3_saxophone,random,saxophone,tune,kernelcpd-linear,kernelcpd,l2,1,kernelcpd-linear,0.5,3,0.75,1.0,0.9,True,True,0.9375,0.9375,0.9375,0.9252895033205069,16,16,0.05164570803754032,16.14,312.5138683018564,
random_track234983,test__random_track234983__3_saxophone,random,saxophone,tune,kernelcpd-gaussian,kernelcpd,rbf,1,kernelcpd-gaussian,0.5,3,0.75,1.0,0.9,True,True,0.9375,0.9375,0.9375,0.9237448804958125,16,16,0.1398779998999089,16.14,115.38626525650308,
random_track234983,test__random_track234983__3_saxophone,random,saxophone,tune,kernelcpd-cosine,kernelcpd,cosine,1,kernelcpd-cosine,0.5,3,0.75,1.0,0.9,True,True,0.8571428571428571,0.75,0.7999999999999999,0.896472812708721,14,16,0.06510916701517999,16.14,247.89136061650137,
random_track235005,test__random_track235005__1_clarinet,random,clarinet,tune,pelt-l1,pelt,l1,1,pelt-l1,0.5,3,0.75,1.0,0.9,True,True,0.85,0.9444444444444444,0.8947368421052632,0.9278071860189924,20,18,7.204271666007116,16.508,2.2914183092083986,
random_track235005,test__random_track235005__1_clarinet,random,clarinet,tune,pelt-l2,pelt,l2,1,pelt-l2,0.5,3,0.75,1.0,0.9,True,True,0.85,0.9444444444444444,0.8947368421052632,0.9286615191416668,20,18,7.047423542011529,16.508,2.342416331527615,
random_track235005,test__random_track235005__1_clarinet,random,clarinet,tune,pelt-rbf,pelt,rbf,1,pelt-rbf,0.5,3,0.75,1.0,0.9,True,True,0.85,0.9444444444444444,0.8947368421052632,0.9270156750616451,20,18,39.02227870794013,16.508,0.4230403899155434,
random_track235005,test__random_track235005__1_clarinet,random,clarinet,tune,kernelcpd-linear,kernelcpd,l2,1,kernelcpd-linear,0.5,3,0.75,1.0,0.9,True,True,0.85,0.9444444444444444,0.8947368421052632,0.9286615191416668,20,18,0.05176229192875326,16.508,318.9194176857928,
random_track235005,test__random_track235005__1_clarinet,random,clarinet,tune,kernelcpd-gaussian,kernelcpd,rbf,1,kernelcpd-gaussian,0.5,3,0.75,1.0,0.9,True,True,0.85,0.9444444444444444,0.8947368421052632,0.9270156750616451,20,18,0.07119724992662668,16.508,231.8628882016166,
random_track235005,test__random_track235005__1_clarinet,random,clarinet,tune,kernelcpd-cosine,kernelcpd,cosine,1,kernelcpd-cosine,0.5,3,0.75,1.0,0.9,True,True,0.6875,0.6111111111111112,0.6470588235294118,0.8439225083475559,16,18,0.044408374931663275,16.508,371.73168406641594,
random_track235014,test__random_track235014__1_trumpet,random,trumpet,tune,pelt-l1,pelt,l1,1,pelt-l1,0.5,3,0.75,1.0,0.9,True,True,1.0,1.0,1.0,0.9538125267758131,21,21,19.499548666877672,26.268,1.3471081022823548,
random_track235014,test__random_track235014__1_trumpet,random,trumpet,tune,pelt-l2,pelt,l2,1,pelt-l2,0.5,3,0.75,1.0,0.9,True,True,1.0,1.0,1.0,0.9518500662447551,21,21,15.158286042045802,26.268,1.7329135976942418,
random_track235014,test__random_track235014__1_trumpet,random,trumpet,tune,pelt-rbf,pelt,rbf,1,pelt-rbf,0.5,3,0.75,1.0,0.9,True,True,1.0,1.0,1.0,0.9511432475680802,21,21,45.40648966608569,26.268,0.57850761406953,
random_track235014,test__random_track235014__1_trumpet,random,trumpet,tune,kernelcpd-linear,kernelcpd,l2,1,kernelcpd-linear,0.5,3,0.75,1.0,0.9,True,True,1.0,1.0,1.0,0.9518500662447551,21,21,0.08308562496677041,26.268,316.1557731617921,
random_track235014,test__random_track235014__1_trumpet,random,trumpet,tune,kernelcpd-gaussian,kernelcpd,rbf,1,kernelcpd-gaussian,0.5,3,0.75,1.0,0.9,True,True,1.0,1.0,1.0,0.9511432475680802,21,21,0.15123125002719462,26.268,173.6942595877271,
random_track235014,test__random_track235014__1_trumpet,random,trumpet,tune,kernelcpd-cosine,kernelcpd,cosine,1,kernelcpd-cosine,0.5,3,0.75,1.0,0.9,True,True,0.8333333333333334,0.7142857142857143,0.7692307692307692,0.9502123375241888,18,21,0.08233641693368554,26.268,319.032585801693,
random_track235016,test__random_track235016__3_trombone,random,trombone,holdout,pelt-l1,pelt,l1,1,pelt-l1,0.5,3,0.75,1.0,0.9,True,True,1.0,1.0,1.0,0.8481703747229946,26,26,5.510541792027652,14.248,2.5855896820550783,
random_track235016,test__random_track235016__3_trombone,random,trombone,holdout,pelt-l2,pelt,l2,1,pelt-l2,0.5,3,0.75,1.0,0.9,True,True,1.0,1.0,1.0,0.8481703747229946,26,26,4.475740624824539,14.248,3.183383755746248,
random_track235016,test__random_track235016__3_trombone,random,trombone,holdout,pelt-rbf,pelt,rbf,1,pelt-rbf,0.5,3,0.75,1.0,0.9,True,True,1.0,1.0,1.0,0.8488326186250137,26,26,15.687751374905929,14.248,0.9082244905277533,
random_track235016,test__random_track235016__3_trombone,random,trombone,holdout,kernelcpd-linear,kernelcpd,l2,1,kernelcpd-linear,0.5,3,0.75,1.0,0.9,True,True,1.0,1.0,1.0,0.8481703747229946,26,26,0.04919391707517207,14.248,289.62930474164045,
random_track235016,test__random_track235016__3_trombone,random,trombone,holdout,kernelcpd-gaussian,kernelcpd,rbf,1,kernelcpd-gaussian,0.5,3,0.75,1.0,0.9,True,True,1.0,1.0,1.0,0.8488326186250137,26,26,0.052975500002503395,14.248,268.95451669784524,
random_track235016,test__random_track235016__3_trombone,random,trombone,holdout,kernelcpd-cosine,kernelcpd,cosine,1,kernelcpd-cosine,0.5,3,0.75,1.0,0.9,True,True,0.9166666666666666,0.8461538461538461,0.8799999999999999,0.8388439543500009,24,26,0.04282158287242055,14.248,332.72940989709406,
random_track235036,test__random_track235036__4_tuba,random,tuba,tune,pelt-l1,pelt,l1,1,pelt-l1,0.5,3,0.75,1.0,0.9,True,True,0.9090909090909091,0.8823529411764706,0.8955223880597014,0.9392891697183938,33,34,11.847666207933798,30.548,2.57839809662628,
random_track235036,test__random_track235036__4_tuba,random,tuba,tune,pelt-l2,pelt,l2,1,pelt-l2,0.5,3,0.75,1.0,0.9,True,True,0.9090909090909091,0.8823529411764706,0.8955223880597014,0.9389763224187664,33,34,9.18921579211019,30.548,3.324331552451771,
random_track235036,test__random_track235036__4_tuba,random,tuba,tune,pelt-rbf,pelt,rbf,1,pelt-rbf,0.5,3,0.75,1.0,0.9,True,True,0.9090909090909091,0.8823529411764706,0.8955223880597014,0.9385520180870822,33,34,80.81278312508948,30.548,0.37800950318361126,
random_track235036,test__random_track235036__4_tuba,random,tuba,tune,kernelcpd-linear,kernelcpd,l2,1,kernelcpd-linear,0.5,3,0.75,1.0,0.9,True,True,0.9090909090909091,0.8823529411764706,0.8955223880597014,0.9389763224187664,33,34,0.08575512515380979,30.548,356.22360698802925,
random_track235036,test__random_track235036__4_tuba,random,tuba,tune,kernelcpd-gaussian,kernelcpd,rbf,1,kernelcpd-gaussian,0.5,3,0.75,1.0,0.9,True,True,0.9090909090909091,0.8823529411764706,0.8955223880597014,0.9385520180870822,33,34,0.15752291586250067,30.548,193.92733960476505,
random_track235036,test__random_track235036__4_tuba,random,tuba,tune,kernelcpd-cosine,kernelcpd,cosine,1,kernelcpd-cosine,0.5,3,0.75,1.0,0.9,True,True,0.75,0.6176470588235294,0.6774193548387097,0.9254550272410358,28,34,0.08881837502121925,30.548,343.93783935702373,
random_track235043,test__random_track235043__4_double bass,random,double bass,tune,pelt-l1,pelt,l1,1,pelt-l1,0.5,3,0.75,1.0,0.9,True,True,0.7837837837837838,0.8787878787878788,0.8285714285714285,0.7170157366315825,37,33,7.4570878751110286,17.276,2.316722062195462,
random_track235043,test__random_track235043__4_double bass,random,double bass,tune,pelt-l2,pelt,l2,1,pelt-l2,0.5,3,0.75,1.0,0.9,True,True,0.7837837837837838,0.8787878787878788,0.8285714285714285,0.7153781278230773,37,33,6.212762875016779,17.276,2.7807274070400347,
random_track235043,test__random_track235043__4_double bass,random,double bass,tune,pelt-rbf,pelt,rbf,1,pelt-rbf,0.5,3,0.75,1.0,0.9,True,True,0.7435897435897436,0.8787878787878788,0.8055555555555556,0.6930797514519338,39,33,7.77511041611433,17.276,2.221962014094947,
random_track235043,test__random_track235043__4_double bass,random,double bass,tune,kernelcpd-linear,kernelcpd,l2,1,kernelcpd-linear,0.5,3,0.75,1.0,0.9,True,True,0.7837837837837838,0.8787878787878788,0.8285714285714285,0.7153781278230773,37,33,0.052153500029817224,17.276,331.2529358551767,
random_track235043,test__random_track235043__4_double bass,random,double bass,tune,kernelcpd-gaussian,kernelcpd,rbf,1,kernelcpd-gaussian,0.5,3,0.75,1.0,0.9,True,True,0.7435897435897436,0.8787878787878788,0.8055555555555556,0.6930797514519338,39,33,0.07050549983978271,17.276,245.0305300899664,
random_track235043,test__random_track235043__4_double bass,random,double bass,tune,kernelcpd-cosine,kernelcpd,cosine,1,kernelcpd-cosine,0.5,3,0.75,1.0,0.9,True,True,0.7419354838709677,0.696969696969697,0.71875,0.7563613382344525,31,33,0.04817624995484948,17.276,358.59993287545154,
random_track235055,test__random_track235055__1_flute,random,flute,tune,pelt-l1,pelt,l1,1,pelt-l1,0.5,3,0.75,1.0,0.9,True,True,1.0,1.0,1.0,0.8977398672812028,28,28,19.0608286249917,19.836,1.040668293611954,
random_track235055,test__random_track235055__1_flute,random,flute,tune,pelt-l2,pelt,l2,1,pelt-l2,0.5,3,0.75,1.0,0.9,True,True,1.0,1.0,1.0,0.8988074075090143,28,28,13.94513712497428,19.836,1.422431333749727,
random_track235055,test__random_track235055__1_flute,random,flute,tune,pelt-rbf,pelt,rbf,1,pelt-rbf,0.5,3,0.75,1.0,0.9,True,True,1.0,1.0,1.0,0.8930472781972917,28,28,1.329423707909882,19.836,14.920750910321983,
random_track235055,test__random_track235055__1_flute,random,flute,tune,kernelcpd-linear,kernelcpd,l2,1,kernelcpd-linear,0.5,3,0.75,1.0,0.9,True,True,1.0,1.0,1.0,0.8988074075090143,28,28,0.05854604206979275,19.836,338.8102645154646,
random_track235055,test__random_track235055__1_flute,random,flute,tune,kernelcpd-gaussian,kernelcpd,rbf,1,kernelcpd-gaussian,0.5,3,0.75,1.0,0.9,True,True,1.0,1.0,1.0,0.8930472781972917,28,28,0.08927966700866818,19.836,222.17824802229737,
random_track235055,test__random_track235055__1_flute,random,flute,tune,kernelcpd-cosine,kernelcpd,cosine,1,kernelcpd-cosine,0.5,3,0.75,1.0,0.9,True,True,0.9615384615384616,0.8928571428571429,0.9259259259259259,0.8982854546856092,26,28,0.06254720804281533,19.836,317.13645773639803,
random_track235070,test__random_track235070__4_double bass,random,double bass,tune,pelt-l1,pelt,l1,1,pelt-l1,0.5,3,0.75,1.0,0.9,True,True,0.90625,0.9354838709677419,0.9206349206349206,0.8571830629650181,32,31,1.6071296657901257,13.812,8.594203874153177,
random_track235070,test__random_track235070__4_double bass,random,double bass,tune,pelt-l2,pelt,l2,1,pelt-l2,0.5,3,0.75,1.0,0.9,True,True,0.90625,0.9354838709677419,0.9206349206349206,0.8569083473381401,32,31,1.2536488331388682,13.812,11.017439361721184,
random_track235070,test__random_track235070__4_double bass,random,double bass,tune,pelt-rbf,pelt,rbf,1,pelt-rbf,0.5,3,0.75,1.0,0.9,True,True,0.90625,0.9354838709677419,0.9206349206349206,0.8602883269729861,32,31,1.0410027920734137,13.812,13.267975941246032,
random_track235070,test__random_track235070__4_double bass,random,double bass,tune,kernelcpd-linear,kernelcpd,l2,1,kernelcpd-linear,0.5,3,0.75,1.0,0.9,True,True,0.90625,0.9354838709677419,0.9206349206349206,0.8569083473381401,32,31,0.037271499866619706,13.812,370.57805694506015,
random_track235070,test__random_track235070__4_double bass,random,double bass,tune,kernelcpd-gaussian,kernelcpd,rbf,1,kernelcpd-gaussian,0.5,3,0.75,1.0,0.9,True,True,0.90625,0.9354838709677419,0.9206349206349206,0.8602883269729861,32,31,0.0421658749692142,13.812,327.5634623990206,
random_track235070,test__random_track235070__4_double bass,random,double bass,tune,kernelcpd-cosine,kernelcpd,cosine,1,kernelcpd-cosine,0.5,3,0.75,1.0,0.9,True,True,0.7692307692307693,0.6451612903225806,0.7017543859649122,0.8069769960613243,26,31,0.04030741681344807,13.812,342.66646418759825,
random_track235071,test__random_track235071__4_tuba,random,tuba,tune,pelt-l1,pelt,l1,1,pelt-l1,0.5,3,0.75,1.0,0.9,True,True,0.7419354838709677,0.8214285714285714,0.7796610169491526,0.7810250704952556,31,28,12.300519624957815,16.864,1.3709989914395861,
random_track235071,test__random_track235071__4_tuba,random,tuba,tune,pelt-l2,pelt,l2,1,pelt-l2,0.5,3,0.75,1.0,0.9,True,True,0.7419354838709677,0.8214285714285714,0.7796610169491526,0.7872904487890113,31,28,9.744008583948016,16.864,1.7307045508746002,
random_track235071,test__random_track235071__4_tuba,random,tuba,tune,pelt-rbf,pelt,rbf,1,pelt-rbf,0.5,3,0.75,1.0,0.9,True,True,0.71875,0.8214285714285714,0.7666666666666666,0.7745273012885058,32,28,165.96739083295688,16.864,0.10161032185517278,
random_track235071,test__random_track235071__4_tuba,random,tuba,tune,kernelcpd-linear,kernelcpd,l2,1,kernelcpd-linear,0.5,3,0.75,1.0,0.9,True,True,0.7419354838709677,0.8214285714285714,0.7796610169491526,0.7872904487890113,31,28,0.04811924998648465,16.864,350.46265277901523,
random_track235071,test__random_track235071__4_tuba,random,tuba,tune,kernelcpd-gaussian,kernelcpd,rbf,1,kernelcpd-gaussian,0.5,3,0.75,1.0,0.9,True,True,0.71875,0.8214285714285714,0.7666666666666666,0.7745273012885058,32,28,0.0780543340370059,16.864,216.05462666563403,
random_track235071,test__random_track235071__4_tuba,random,tuba,tune,kernelcpd-cosine,kernelcpd,cosine,1,kernelcpd-cosine,0.5,3,0.75,1.0,0.9,True,True,0.7857142857142857,0.7857142857142857,0.7857142857142857,0.764212779099558,28,28,0.05351554206572473,16.864,315.12340806131795,
random_track235080,test__random_track235080__3_saxophone,random,saxophone,holdout,pelt-l1,pelt,l1,1,pelt-l1,0.5,3,0.75,1.0,0.9,True,True,1.0,1.0,1.0,0.9397745595008898,27,27,18.589477207977325,30.136,1.6211321955341327,
random_track235080,test__random_track235080__3_saxophone,random,saxophone,holdout,pelt-l2,pelt,l2,1,pelt-l2,0.5,3,0.75,1.0,0.9,True,True,1.0,1.0,1.0,0.9397745595008898,27,27,13.744971625041217,30.136,2.1925108921357728,
random_track235080,test__random_track235080__3_saxophone,random,saxophone,holdout,pelt-rbf,pelt,rbf,1,pelt-rbf,0.5,3,0.75,1.0,0.9,True,True,1.0,1.0,1.0,0.9397745595008898,27,27,111.33448525005952,30.136,0.2706798341260925,
random_track235080,test__random_track235080__3_saxophone,random,saxophone,holdout,kernelcpd-linear,kernelcpd,l2,1,kernelcpd-linear,0.5,3,0.75,1.0,0.9,True,True,1.0,1.0,1.0,0.9397745595008898,27,27,0.09112558397464454,30.136,330.708443068911,
random_track235080,test__random_track235080__3_saxophone,random,saxophone,holdout,kernelcpd-gaussian,kernelcpd,rbf,1,kernelcpd-gaussian,0.5,3,0.75,1.0,0.9,True,True,1.0,1.0,1.0,0.9397745595008898,27,27,0.1602352501358837,30.136,188.07347306191292,
random_track235080,test__random_track235080__3_saxophone,random,saxophone,holdout,kernelcpd-cosine,kernelcpd,cosine,1,kernelcpd-cosine,0.5,3,0.75,1.0,0.9,True,True,1.0,1.0,1.0,0.9397745595008898,27,27,0.09463254199363291,30.136,318.4528214620676,
random_track235090,test__random_track235090__2_viola,random,viola,holdout,pelt-l1,pelt,l1,1,pelt-l1,0.5,3,0.75,1.0,0.9,True,True,1.0,1.0,1.0,0.9489856067961849,25,25,30.612255583051592,34.128,1.1148476108665084,
random_track235090,test__random_track235090__2_viola,random,viola,holdout,pelt-l2,pelt,l2,1,pelt-l2,0.5,3,0.75,1.0,0.9,True,True,1.0,1.0,1.0,0.949410102867771,25,25,23.571513208094984,34.128,1.447849346739423,
random_track235090,test__random_track235090__2_viola,random,viola,holdout,pelt-rbf,pelt,rbf,1,pelt-rbf,0.5,3,0.75,1.0,0.9,True,True,1.0,1.0,1.0,0.9477834910346314,25,25,145.446783374995,34.128,0.23464252153318668,
random_track235090,test__random_track235090__2_viola,random,viola,holdout,kernelcpd-linear,kernelcpd,l2,1,kernelcpd-linear,0.5,3,0.75,1.0,0.9,True,True,1.0,1.0,1.0,0.949410102867771,25,25,0.10078150010667741,34.128,338.6335782249267,
random_track235090,test__random_track235090__2_viola,random,viola,holdout,kernelcpd-gaussian,kernelcpd,rbf,1,kernelcpd-gaussian,0.5,3,0.75,1.0,0.9,True,True,1.0,1.0,1.0,0.9477834910346314,25,25,0.26397925009950995,34.128,129.28288866316223,
random_track235090,test__random_track235090__2_viola,random,viola,holdout,kernelcpd-cosine,kernelcpd,cosine,1,kernelcpd-cosine,0.5,3,0.75,1.0,0.9,True,True,0.95,0.76,0.8444444444444444,0.8934712007424567,20,25,0.1307552910875529,34.128,261.00664620254724,
random_track235107,test__random_track235107__2_violin,random,violin,tune,pelt-l1,pelt,l1,1,pelt-l1,0.5,3,0.75,1.0,0.9,True,True,0.5142857142857142,0.782608695652174,0.6206896551724138,0.7775514761991291,35,23,2.653880041092634,14.332,5.400394809894777,
random_track235107,test__random_track235107__2_violin,random,violin,tune,pelt-l2,pelt,l2,1,pelt-l2,0.5,3,0.75,1.0,0.9,True,True,0.5142857142857142,0.782608695652174,0.6206896551724138,0.7699834458158363,35,23,4.4534502499736845,14.332,3.2181789838305006,
random_track235107,test__random_track235107__2_violin,random,violin,tune,pelt-rbf,pelt,rbf,1,pelt-rbf,0.5,3,0.75,1.0,0.9,True,True,0.4444444444444444,0.6956521739130435,0.5423728813559322,0.7515439078327057,36,23,0.390560416970402,14.332,36.69598704132408,
random_track235107,test__random_track235107__2_violin,random,violin,tune,kernelcpd-linear,kernelcpd,l2,1,kernelcpd-linear,0.5,3,0.75,1.0,0.9,True,True,0.5142857142857142,0.782608695652174,0.6206896551724138,0.7699834458158363,35,23,0.032122167060151696,14.332,446.17164132052545,
random_track235107,test__random_track235107__2_violin,random,violin,tune,kernelcpd-gaussian,kernelcpd,rbf,1,kernelcpd-gaussian,0.5,3,0.75,1.0,0.9,True,True,0.4444444444444444,0.6956521739130435,0.5423728813559322,0.7515439078327057,36,23,0.05286020808853209,14.332,271.1302228700325,
random_track235107,test__random_track235107__2_violin,random,violin,tune,kernelcpd-cosine,kernelcpd,cosine,1,kernelcpd-cosine,0.5,3,0.75,1.0,0.9,True,True,0.41935483870967744,0.5652173913043478,0.4814814814814815,0.6885480841057466,31,23,0.04533933405764401,14.332,316.10521631787594,
random_track235123,test__random_track235123__1_flute,random,flute,tune,pelt-l1,pelt,l1,1,pelt-l1,0.5,3,0.75,1.0,0.9,True,True,1.0,1.0,1.0,0.9483813349938442,28,28,5.177629332989454,25.324,4.89104151172955,
random_track235123,test__random_track235123__1_flute,random,flute,tune,pelt-l2,pelt,l2,1,pelt-l2,0.5,3,0.75,1.0,0.9,True,True,1.0,1.0,1.0,0.9483813349938442,28,28,4.021450791042298,25.324,6.297229859534452,
random_track235123,test__random_track235123__1_flute,random,flute,tune,pelt-rbf,pelt,rbf,1,pelt-rbf,0.5,3,0.75,1.0,0.9,True,True,1.0,1.0,1.0,0.9483813349938442,28,28,14.637743250001222,25.324,1.7300481069715365,
random_track235123,test__random_track235123__1_flute,random,flute,tune,kernelcpd-linear,kernelcpd,l2,1,kernelcpd-linear,0.5,3,0.75,1.0,0.9,True,True,1.0,1.0,1.0,0.9483813349938442,28,28,0.06553287501446903,25.324,386.43200064713636,
random_track235123,test__random_track235123__1_flute,random,flute,tune,kernelcpd-gaussian,kernelcpd,rbf,1,kernelcpd-gaussian,0.5,3,0.75,1.0,0.9,True,True,1.0,1.0,1.0,0.9483813349938442,28,28,0.12980191595852375,25.324,195.09727428131265,
random_track235123,test__random_track235123__1_flute,random,flute,tune,kernelcpd-cosine,kernelcpd,cosine,1,kernelcpd-cosine,0.5,3,0.75,1.0,0.9,True,True,0.8333333333333334,0.7142857142857143,0.7692307692307692,0.9446582896665842,24,28,0.07178387511521578,25.324,352.78117765799135,
random_track235129,test__random_track235129__3_viola,random,viola,tune,pelt-l1,pelt,l1,1,pelt-l1,0.5,3,0.75,1.0,0.9,True,True,0.9166666666666666,0.9166666666666666,0.9166666666666666,0.9338478184946859,24,24,10.844516459153965,23.076,2.127895705347131,
random_track235129,test__random_track235129__3_viola,random,viola,tune,pelt-l2,pelt,l2,1,pelt-l2,0.5,3,0.75,1.0,0.9,True,True,0.9166666666666666,0.9166666666666666,0.9166666666666666,0.9341308506905428,24,24,8.009652999928221,23.076,2.8810236848221513,
random_track235129,test__random_track235129__3_viola,random,viola,tune,pelt-rbf,pelt,rbf,1,pelt-rbf,0.5,3,0.75,1.0,0.9,True,True,0.9166666666666666,0.9166666666666666,0.9166666666666666,0.9335888514328112,24,24,22.528289917157963,23.076,1.0243121020217736,
random_track235129,test__random_track235129__3_viola,random,viola,tune,kernelcpd-linear,kernelcpd,l2,1,kernelcpd-linear,0.5,3,0.75,1.0,0.9,True,True,0.9166666666666666,0.9166666666666666,0.9166666666666666,0.9341308506905428,24,24,0.06600524997338653,23.076,349.6085540059965,
random_track235129,test__random_track235129__3_viola,random,viola,tune,kernelcpd-gaussian,kernelcpd,rbf,1,kernelcpd-gaussian,0.5,3,0.75,1.0,0.9,True,True,0.9166666666666666,0.9166666666666666,0.9166666666666666,0.9335888514328112,24,24,0.14441129099577665,23.076,159.79359952314854,
random_track235129,test__random_track235129__3_viola,random,viola,tune,kernelcpd-cosine,kernelcpd,cosine,1,kernelcpd-cosine,0.5,3,0.75,1.0,0.9,True,True,0.8,0.6666666666666666,0.7272727272727272,0.9093719124992872,20,24,0.07699554087594151,23.076,299.70566785394794,
random_track235156,test__random_track235156__1_trumpet,random,trumpet,holdout,pelt-l1,pelt,l1,1,pelt-l1,0.5,3,0.75,1.0,0.9,True,True,1.0,1.0,1.0,0.9187158277898213,28,28,2.2223326249513775,15.028,6.762264042417502,
random_track235156,test__random_track235156__1_trumpet,random,trumpet,holdout,pelt-l2,pelt,l2,1,pelt-l2,0.5,3,0.75,1.0,0.9,True,True,1.0,1.0,1.0,0.9187158277898213,28,28,1.7461338751018047,15.028,8.60644204564431,
random_track235156,test__random_track235156__1_trumpet,random,trumpet,holdout,pelt-rbf,pelt,rbf,1,pelt-rbf,0.5,3,0.75,1.0,0.9,True,True,1.0,1.0,1.0,0.9192627105304733,28,28,0.6415912921074778,15.028,23.423011167493446,
random_track235156,test__random_track235156__1_trumpet,random,trumpet,holdout,kernelcpd-linear,kernelcpd,l2,1,kernelcpd-linear,0.5,3,0.75,1.0,0.9,True,True,1.0,1.0,1.0,0.9187158277898213,28,28,0.039334499975666404,15.028,382.0564646632551,
random_track235156,test__random_track235156__1_trumpet,random,trumpet,holdout,kernelcpd-gaussian,kernelcpd,rbf,1,kernelcpd-gaussian,0.5,3,0.75,1.0,0.9,True,True,1.0,1.0,1.0,0.9192627105304733,28,28,0.06687616719864309,15.028,224.71383498043704,
random_track235156,test__random_track235156__1_trumpet,random,trumpet,holdout,kernelcpd-cosine,kernelcpd,cosine,1,kernelcpd-cosine,0.5,3,0.75,1.0,0.9,True,True,0.9230769230769231,0.8571428571428571,0.888888888888889,0.9147647670802689,26,28,0.042083000065758824,15.028,357.1038180860983,
random_track235162,test__random_track235162__3_trombone,random,trombone,tune,pelt-l1,pelt,l1,1,pelt-l1,0.5,3,0.75,1.0,0.9,True,True,0.9047619047619048,1.0,0.9500000000000001,0.8960371989679947,21,19,63.498829582938924,31.48,0.49575716917557405,
random_track235162,test__random_track235162__3_trombone,random,trombone,tune,pelt-l2,pelt,l2,1,pelt-l2,0.5,3,0.75,1.0,0.9,True,True,0.9047619047619048,1.0,0.9500000000000001,0.8960371989679947,21,19,45.83633866580203,31.48,0.6867913301174482,
random_track235162,test__random_track235162__3_trombone,random,trombone,tune,pelt-rbf,pelt,rbf,1,pelt-rbf,0.5,3,0.75,1.0,0.9,True,True,0.8571428571428571,0.9473684210526315,0.9,0.8932717286397052,21,19,1021.8632741249166,31.48,0.03080646970795406,
random_track235162,test__random_track235162__3_trombone,random,trombone,tune,kernelcpd-linear,kernelcpd,l2,1,kernelcpd-linear,0.5,3,0.75,1.0,0.9,True,True,0.9047619047619048,1.0,0.9500000000000001,0.8960371989679947,21,19,0.1064418749883771,31.48,295.7482663983273,
random_track235162,test__random_track235162__3_trombone,random,trombone,tune,kernelcpd-gaussian,kernelcpd,rbf,1,kernelcpd-gaussian,0.5,3,0.75,1.0,0.9,True,True,0.8571428571428571,0.9473684210526315,0.9,0.8932717286397052,21,19,0.2653554999269545,31.48,118.63330516482843,
random_track235162,test__random_track235162__3_trombone,random,trombone,tune,kernelcpd-cosine,kernelcpd,cosine,1,kernelcpd-cosine,0.5,3,0.75,1.0,0.9,True,True,0.8,0.8421052631578947,0.8205128205128205,0.8880921771609871,20,19,0.13387033296748996,31.48,235.15292225085324,
random_track235212,test__random_track235212__2_horn,random,horn,tune,pelt-l1,pelt,l1,1,pelt-l1,0.5,3,0.75,1.0,0.9,True,True,1.0,1.0,1.0,0.8850775144439382,17,17,15.65548108308576,13.988,0.8934889912206331,
random_track235212,test__random_track235212__2_horn,random,horn,tune,pelt-l2,pelt,l2,1,pelt-l2,0.5,3,0.75,1.0,0.9,True,True,1.0,1.0,1.0,0.8850775144439382,17,17,18.434390583075583,13.988,0.7587991551422499,
random_track235212,test__random_track235212__2_horn,random,horn,tune,pelt-rbf,pelt,rbf,1,pelt-rbf,0.5,3,0.75,1.0,0.9,True,True,1.0,1.0,1.0,0.8880609558071336,17,17,20.214138000039384,13.988,0.6919909223916818,
random_track235212,test__random_track235212__2_horn,random,horn,tune,kernelcpd-linear,kernelcpd,l2,1,kernelcpd-linear,0.5,3,0.75,1.0,0.9,True,True,1.0,1.0,1.0,0.8850775144439382,17,17,0.04497712501324713,13.988,311.00253730935685,
random_track235212,test__random_track235212__2_horn,random,horn,tune,kernelcpd-gaussian,kernelcpd,rbf,1,kernelcpd-gaussian,0.5,3,0.75,1.0,0.9,True,True,1.0,1.0,1.0,0.8880609558071336,17,17,0.0907373339869082,13.988,154.15925711480813,
random_track235212,test__random_track235212__2_horn,random,horn,tune,kernelcpd-cosine,kernelcpd,cosine,1,kernelcpd-cosine,0.5,3,0.75,1.0,0.9,True,True,0.9375,0.8823529411764706,0.9090909090909091,0.8737293669739811,16,17,0.054863583063706756,13.988,254.95965117257012,
random_track235264,test__random_track235264__2_viola,random,viola,tune,pelt-l1,pelt,l1,1,pelt-l1,0.5,3,0.75,1.0,0.9,True,True,0.9523809523809523,0.9523809523809523,0.9523809523809523,0.8775144545930715,21,21,8.57772395806387,14.064,1.6395957795748966,
random_track235264,test__random_track235264__2_viola,random,viola,tune,pelt-l2,pelt,l2,1,pelt-l2,0.5,3,0.75,1.0,0.9,True,True,0.9523809523809523,0.9523809523809523,0.9523809523809523,0.8786750810919315,21,21,6.440442957915366,14.064,2.1837007317509443,
random_track235264,test__random_track235264__2_viola,random,viola,tune,pelt-rbf,pelt,rbf,1,pelt-rbf,0.5,3,0.75,1.0,0.9,True,True,0.9523809523809523,0.9523809523809523,0.9523809523809523,0.8751862991209531,21,21,2.3675377080217004,14.064,5.940348891740268,
random_track235264,test__random_track235264__2_viola,random,viola,tune,kernelcpd-linear,kernelcpd,l2,1,kernelcpd-linear,0.5,3,0.75,1.0,0.9,True,True,0.9523809523809523,0.9523809523809523,0.9523809523809523,0.8786750810919315,21,21,0.0402473749127239,14.064,349.43893932207175,
random_track235264,test__random_track235264__2_viola,random,viola,tune,kernelcpd-gaussian,kernelcpd,rbf,1,kernelcpd-gaussian,0.5,3,0.75,1.0,0.9,True,True,0.9523809523809523,0.9523809523809523,0.9523809523809523,0.8751862991209531,21,21,0.06650166702456772,14.064,211.48342032996456,
random_track235264,test__random_track235264__2_viola,random,viola,tune,kernelcpd-cosine,kernelcpd,cosine,1,kernelcpd-cosine,0.5,3,0.75,1.0,0.9,True,True,0.8235294117647058,0.6666666666666666,0.7368421052631577,0.8485874453793377,17,21,0.046103208092972636,14.064,305.05469319267894,
random_track235264,test__random_track235264__3_horn,random,horn,tune,pelt-l1,pelt,l1,1,pelt-l1,0.5,3,0.75,1.0,0.9,True,True,0.92,0.92,0.92,0.8748990136461423,25,25,7.742376875132322,14.064,1.8164964360198026,
random_track235264,test__random_track235264__3_horn,random,horn,tune,pelt-l2,pelt,l2,1,pelt-l2,0.5,3,0.75,1.0,0.9,True,True,0.92,0.92,0.92,0.8748990136461423,25,25,6.168956832960248,14.064,2.2798019796243607,
random_track235264,test__random_track235264__3_horn,random,horn,tune,pelt-rbf,pelt,rbf,1,pelt-rbf,0.5,3,0.75,1.0,0.9,True,True,0.96,0.96,0.96,0.8696956468349887,25,25,16.984580333111808,14.064,0.8280451871149225,
random_track235264,test__random_track235264__3_horn,random,horn,tune,kernelcpd-linear,kernelcpd,l2,1,kernelcpd-linear,0.5,3,0.75,1.0,0.9,True,True,0.92,0.92,0.92,0.8748990136461423,25,25,0.03812654200010002,14.064,368.8768837195649,
random_track235264,test__random_track235264__3_horn,random,horn,tune,kernelcpd-gaussian,kernelcpd,rbf,1,kernelcpd-gaussian,0.5,3,0.75,1.0,0.9,True,True,0.96,0.96,0.96,0.8696956468349887,25,25,0.06171899987384677,14.064,227.87148250533423,
random_track235264,test__random_track235264__3_horn,random,horn,tune,kernelcpd-cosine,kernelcpd,cosine,1,kernelcpd-cosine,0.5,3,0.75,1.0,0.9,True,True,0.9565217391304348,0.88,0.9166666666666666,0.844133998116546,23,25,0.03784899995662272,14.064,371.5818123627628,
random_track235299,test__random_track235299__2_oboe,random,oboe,tune,pelt-l1,pelt,l1,1,pelt-l1,0.5,3,0.75,1.0,0.9,True,True,1.0,1.0,1.0,0.9404974484963982,15,15,17.64749545813538,17.032,0.9651227869928907,
random_track235299,test__random_track235299__2_oboe,random,oboe,tune,pelt-l2,pelt,l2,1,pelt-l2,0.5,3,0.75,1.0,0.9,True,True,1.0,1.0,1.0,0.9404974484963982,15,15,18.133079041028395,17.032,0.9392778778200291,
random_track235299,test__random_track235299__2_oboe,random,oboe,tune,pelt-rbf,pelt,rbf,1,pelt-rbf,0.5,3,0.75,1.0,0.9,True,True,1.0,1.0,1.0,0.9420377485862683,15,15,37.002498832996935,17.032,0.4602932379478041,
random_track235299,test__random_track235299__2_oboe,random,oboe,tune,kernelcpd-linear,kernelcpd,l2,1,kernelcpd-linear,0.5,3,0.75,1.0,0.9,True,True,1.0,1.0,1.0,0.9404974484963982,15,15,0.056260417215526104,17.032,302.73504611159734,
random_track235299,test__random_track235299__2_oboe,random,oboe,tune,kernelcpd-gaussian,kernelcpd,rbf,1,kernelcpd-gaussian,0.5,3,0.75,1.0,0.9,True,True,1.0,1.0,1.0,0.9420377485862683,15,15,0.11530599999241531,17.032,147.71130731375942,
random_track235299,test__random_track235299__2_oboe,random,oboe,tune,kernelcpd-cosine,kernelcpd,cosine,1,kernelcpd-cosine,0.5,3,0.75,1.0,0.9,True,True,1.0,0.9333333333333333,0.9655172413793104,0.9181480228261852,14,15,0.05557254096493125,17.032,306.48229690897074,
random_track235332,test__random_track235332__2_oboe,random,oboe,tune,pelt-l1,pelt,l1,1,pelt-l1,0.5,3,0.75,1.0,0.9,True,True,1.0,1.0,1.0,0.9557485784657611,20,20,31.772498542210087,27.684,0.8713195773137428,
random_track235332,test__random_track235332__2_oboe,random,oboe,tune,pelt-l2,pelt,l2,1,pelt-l2,0.5,3,0.75,1.0,0.9,True,True,1.0,1.0,1.0,0.9557485784657611,20,20,33.585392916807905,27.684,0.8242869174874373,
random_track235332,test__random_track235332__2_oboe,random,oboe,tune,pelt-rbf,pelt,rbf,1,pelt-rbf,0.5,3,0.75,1.0,0.9,True,True,1.0,1.0,1.0,0.9557485784657611,20,20,137.07686783303507,27.684,0.2019596773521276,
random_track235332,test__random_track235332__2_oboe,random,oboe,tune,kernelcpd-linear,kernelcpd,l2,1,kernelcpd-linear,0.5,3,0.75,1.0,0.9,True,True,1.0,1.0,1.0,0.9557485784657611,20,20,0.1011494998820126,27.684,273.69388906808666,
random_track235332,test__random_track235332__2_oboe,random,oboe,tune,kernelcpd-gaussian,kernelcpd,rbf,1,kernelcpd-gaussian,0.5,3,0.75,1.0,0.9,True,True,1.0,1.0,1.0,0.9557485784657611,20,20,0.22067195805720985,27.684,125.45318509759561,
random_track235332,test__random_track235332__2_oboe,random,oboe,tune,kernelcpd-cosine,kernelcpd,cosine,1,kernelcpd-cosine,0.5,3,0.75,1.0,0.9,True,True,0.9473684210526315,0.9,0.9230769230769231,0.951717229880392,19,20,0.10138058406300843,27.684,273.07003856669724,
random_track235353,test__random_track235353__4_tuba,random,tuba,tune,pelt-l1,pelt,l1,1,pelt-l1,0.5,3,0.75,1.0,0.9,True,True,0.9090909090909091,0.9090909090909091,0.9090909090909091,0.937842082944592,33,33,25.66851649992168,35.316,1.3758488925570653,
random_track235353,test__random_track235353__4_tuba,random,tuba,tune,pelt-l2,pelt,l2,1,pelt-l2,0.5,3,0.75,1.0,0.9,True,True,0.9393939393939394,0.9393939393939394,0.9393939393939394,0.937920879329037,33,33,19.453246999997646,35.316,1.8154295784145587,
random_track235353,test__random_track235353__4_tuba,random,tuba,tune,pelt-rbf,pelt,rbf,1,pelt-rbf,0.5,3,0.75,1.0,0.9,True,True,0.9090909090909091,0.9090909090909091,0.9090909090909091,0.9349052443492258,33,33,105.18656275002286,35.316,0.3357463071013063,
random_track235353,test__random_track235353__4_tuba,random,tuba,tune,kernelcpd-linear,kernelcpd,l2,1,kernelcpd-linear,0.5,3,0.75,1.0,0.9,True,True,0.9393939393939394,0.9393939393939394,0.9393939393939394,0.937920879329037,33,33,0.09344679187051952,35.316,377.9262968057168,
random_track235353,test__random_track235353__4_tuba,random,tuba,tune,kernelcpd-gaussian,kernelcpd,rbf,1,kernelcpd-gaussian,0.5,3,0.75,1.0,0.9,True,True,0.9090909090909091,0.9090909090909091,0.9090909090909091,0.9349052443492258,33,33,0.22101533296518028,35.316,159.7898187704644,
random_track235353,test__random_track235353__4_tuba,random,tuba,tune,kernelcpd-cosine,kernelcpd,cosine,1,kernelcpd-cosine,0.5,3,0.75,1.0,0.9,True,True,0.896551724137931,0.7878787878787878,0.8387096774193549,0.9083496274017828,29,33,0.11158641707152128,35.316,316.49013317959856,
random_track235366,test__random_track235366__2_violin,random,violin,tune,pelt-l1,pelt,l1,1,pelt-l1,0.5,3,0.75,1.0,0.9,True,True,0.9375,0.9375,0.9375,0.9112401355349259,16,16,26.996773000108078,15.892,0.5886629487137732,
random_track235366,test__random_track235366__2_violin,random,violin,tune,pelt-l2,pelt,l2,1,pelt-l2,0.5,3,0.75,1.0,0.9,True,True,0.9375,0.9375,0.9375,0.9112401355349259,16,16,19.560001791920513,15.892,0.8124743631958344,
random_track235366,test__random_track235366__2_violin,random,violin,tune,pelt-rbf,pelt,rbf,1,pelt-rbf,0.5,3,0.75,1.0,0.9,True,True,0.9375,0.9375,0.9375,0.9112401355349259,16,16,53.73654620884918,15.892,0.2957391407001694,
random_track235366,test__random_track235366__2_violin,random,violin,tune,kernelcpd-linear,kernelcpd,l2,1,kernelcpd-linear,0.5,3,0.75,1.0,0.9,True,True,0.9375,0.9375,0.9375,0.9112401355349259,16,16,0.05196091718971729,15.892,305.84525561732994,
random_track235366,test__random_track235366__2_violin,random,violin,tune,kernelcpd-gaussian,kernelcpd,rbf,1,kernelcpd-gaussian,0.5,3,0.75,1.0,0.9,True,True,0.9375,0.9375,0.9375,0.9112401355349259,16,16,0.11121308314613998,15.892,142.89685665055302,
random_track235366,test__random_track235366__2_violin,random,violin,tune,kernelcpd-cosine,kernelcpd,cosine,1,kernelcpd-cosine,0.5,3,0.75,1.0,0.9,True,True,0.9375,0.9375,0.9375,0.9112401355349259,16,16,0.05862483289092779,15.892,271.0796639636868,
random_track235386,test__random_track235386__3_saxophone,random,saxophone,tune,pelt-l1,pelt,l1,1,pelt-l1,0.5,3,0.75,1.0,0.9,True,True,1.0,1.0,1.0,0.9083496314455646,17,17,30.063586249947548,15.676,0.521428144655475,
random_track235386,test__random_track235386__3_saxophone,random,saxophone,tune,pelt-l2,pelt,l2,1,pelt-l2,0.5,3,0.75,1.0,0.9,True,True,1.0,1.0,1.0,0.9083496314455646,17,17,24.19426054181531,15.676,0.6479222612696482,
random_track235386,test__random_track235386__3_saxophone,random,saxophone,tune,pelt-rbf,pelt,rbf,1,pelt-rbf,0.5,3,0.75,1.0,0.9,True,True,1.0,1.0,1.0,0.9083496314455646,17,17,918.8517025420442,15.676,0.01706042439343764,
random_track235386,test__random_track235386__3_saxophone,random,saxophone,tune,kernelcpd-linear,kernelcpd,l2,1,kernelcpd-linear,0.5,3,0.75,1.0,0.9,True,True,1.0,1.0,1.0,0.9083496314455646,17,17,0.05730387498624623,15.676,273.5591616406826,
random_track235386,test__random_track235386__3_saxophone,random,saxophone,tune,kernelcpd-gaussian,kernelcpd,rbf,1,kernelcpd-gaussian,0.5,3,0.75,1.0,0.9,True,True,1.0,1.0,1.0,0.9083496314455646,17,17,0.11912441696040332,15.676,131.59350870284356,
random_track235386,test__random_track235386__3_saxophone,random,saxophone,tune,kernelcpd-cosine,kernelcpd,cosine,1,kernelcpd-cosine,0.5,3,0.75,1.0,0.9,True,True,0.9375,0.8823529411764706,0.9090909090909091,0.9172856323768734,16,17,0.06843000021763146,15.676,229.08081178057589,
random_track235390,test__random_track235390__4_double bass,random,double bass,holdout,pelt-l1,pelt,l1,1,pelt-l1,0.5,3,0.75,1.0,0.9,True,True,0.8648648648648649,0.9142857142857143,0.888888888888889,0.8997853633479043,37,35,5.622395208105445,25.94,4.613692036910527,
random_track235390,test__random_track235390__4_double bass,random,double bass,holdout,pelt-l2,pelt,l2,1,pelt-l2,0.5,3,0.75,1.0,0.9,True,True,0.8648648648648649,0.9142857142857143,0.888888888888889,0.8990488100256453,37,35,4.477526082890108,25.94,5.79337775364929,
random_track235390,test__random_track235390__4_double bass,random,double bass,holdout,pelt-rbf,pelt,rbf,1,pelt-rbf,0.5,3,0.75,1.0,0.9,True,True,0.8648648648648649,0.9142857142857143,0.888888888888889,0.8995908301251,37,35,13.87243066681549,25.94,1.8698958115574928,
random_track235390,test__random_track235390__4_double bass,random,double bass,holdout,kernelcpd-linear,kernelcpd,l2,1,kernelcpd-linear,0.5,3,0.75,1.0,0.9,True,True,0.8648648648648649,0.9142857142857143,0.888888888888889,0.8990488100256453,37,35,0.07312408299185336,25.94,354.73949126842297,
random_track235390,test__random_track235390__4_double bass,random,double bass,holdout,kernelcpd-gaussian,kernelcpd,rbf,1,kernelcpd-gaussian,0.5,3,0.75,1.0,0.9,True,True,0.8648648648648649,0.9142857142857143,0.888888888888889,0.8995908301251,37,35,0.1105146249756217,25.94,234.72006538249644,
random_track235390,test__random_track235390__4_double bass,random,double bass,holdout,kernelcpd-cosine,kernelcpd,cosine,1,kernelcpd-cosine,0.5,3,0.75,1.0,0.9,True,True,0.7666666666666667,0.6571428571428571,0.7076923076923077,0.830150515175525,30,35,0.0814118750859052,25.94,318.626735628289,
random_track235393,test__random_track235393__1_flute,random,flute,holdout,pelt-l1,pelt,l1,1,pelt-l1,0.5,3,0.75,1.0,0.9,True,True,0.88,0.9166666666666666,0.8979591836734694,0.9605033477047747,25,24,30.479989249957725,35.924,1.1786093395702173,
random_track235393,test__random_track235393__1_flute,random,flute,holdout,pelt-l2,pelt,l2,1,pelt-l2,0.5,3,0.75,1.0,0.9,True,True,0.88,0.9166666666666666,0.8979591836734694,0.9605033477047747,25,24,33.12869304092601,35.924,1.0843772181299385,
random_track235393,test__random_track235393__1_flute,random,flute,holdout,pelt-rbf,pelt,rbf,1,pelt-rbf,0.5,3,0.75,1.0,0.9,True,True,0.88,0.9166666666666666,0.8979591836734694,0.9594526513146152,25,24,194.4038813749794,35.924,0.18479054916968118,
random_track235393,test__random_track235393__1_flute,random,flute,holdout,kernelcpd-linear,kernelcpd,l2,1,kernelcpd-linear,0.5,3,0.75,1.0,0.9,True,True,0.88,0.9166666666666666,0.8979591836734694,0.9605033477047747,25,24,0.12203295808285475,35.924,294.3794902980985,
random_track235393,test__random_track235393__1_flute,random,flute,holdout,kernelcpd-gaussian,kernelcpd,rbf,1,kernelcpd-gaussian,0.5,3,0.75,1.0,0.9,True,True,0.88,0.9166666666666666,0.8979591836734694,0.9594526513146152,25,24,0.2879522079601884,35.924,124.75681382851828,
random_track235393,test__random_track235393__1_flute,random,flute,holdout,kernelcpd-cosine,kernelcpd,cosine,1,kernelcpd-cosine,0.5,3,0.75,1.0,0.9,True,True,0.7272727272727273,0.6666666666666666,0.6956521739130435,0.9603917532727144,22,24,0.13951937505044043,35.924,257.4839515086159,
random_track235414,test__random_track235414__2_horn,random,horn,tune,pelt-l1,pelt,l1,1,pelt-l1,0.5,3,0.75,1.0,0.9,True,True,1.0,1.0,1.0,0.935943958061593,20,20,7.429793125018477,18.62,2.506126306168679,
random_track235414,test__random_track235414__2_horn,random,horn,tune,pelt-l2,pelt,l2,1,pelt-l2,0.5,3,0.75,1.0,0.9,True,True,1.0,1.0,1.0,0.935943958061593,20,20,5.966318750055507,18.62,3.1208523681083538,
random_track235414,test__random_track235414__2_horn,random,horn,tune,pelt-rbf,pelt,rbf,1,pelt-rbf,0.5,3,0.75,1.0,0.9,True,True,1.0,1.0,1.0,0.935943958061593,20,20,13.982539667049423,18.62,1.3316608029283117,
random_track235414,test__random_track235414__2_horn,random,horn,tune,kernelcpd-linear,kernelcpd,l2,1,kernelcpd-linear,0.5,3,0.75,1.0,0.9,True,True,1.0,1.0,1.0,0.935943958061593,20,20,0.05321983294561505,18.62,349.86956871938395,
random_track235414,test__random_track235414__2_horn,random,horn,tune,kernelcpd-gaussian,kernelcpd,rbf,1,kernelcpd-gaussian,0.5,3,0.75,1.0,0.9,True,True,1.0,1.0,1.0,0.935943958061593,20,20,0.0828809579834342,18.62,224.65956539403982,
random_track235414,test__random_track235414__2_horn,random,horn,tune,kernelcpd-cosine,kernelcpd,cosine,1,kernelcpd-cosine,0.5,3,0.75,1.0,0.9,True,True,1.0,0.95,0.9743589743589743,0.9175395975823775,19,20,0.058399875182658434,18.62,318.83629788183384,
random_track235414,test__random_track235414__4_double bass,random,double bass,tune,pelt-l1,pelt,l1,1,pelt-l1,0.5,3,0.75,1.0,0.9,True,True,0.9333333333333333,0.875,0.9032258064516129,0.8628991512761733,30,32,5.25728170806542,18.62,3.5417542817677554,
random_track235414,test__random_track235414__4_double bass,random,double bass,tune,pelt-l2,pelt,l2,1,pelt-l2,0.5,3,0.75,1.0,0.9,True,True,0.9333333333333333,0.875,0.9032258064516129,0.8639608818183756,30,32,4.197882041800767,18.62,4.435570083816022,
random_track235414,test__random_track235414__4_double bass,random,double bass,tune,pelt-rbf,pelt,rbf,1,pelt-rbf,0.5,3,0.75,1.0,0.9,True,True,0.9032258064516129,0.875,0.8888888888888888,0.8375639402485567,31,32,9.289974542101845,18.62,2.0043111975834598,
random_track235414,test__random_track235414__4_double bass,random,double bass,tune,kernelcpd-linear,kernelcpd,l2,1,kernelcpd-linear,0.5,3,0.75,1.0,0.9,True,True,0.9333333333333333,0.875,0.9032258064516129,0.8639608818183756,30,32,0.04754912480711937,18.62,391.5950099088278,
random_track235414,test__random_track235414__4_double bass,random,double bass,tune,kernelcpd-gaussian,kernelcpd,rbf,1,kernelcpd-gaussian,0.5,3,0.75,1.0,0.9,True,True,0.9032258064516129,0.875,0.8888888888888888,0.8375639402485567,31,32,0.08670724998228252,18.62,214.7455951354097,
random_track235414,test__random_track235414__4_double bass,random,double bass,tune,kernelcpd-cosine,kernelcpd,cosine,1,kernelcpd-cosine,0.5,3,0.75,1.0,0.9,True,True,0.8260869565217391,0.59375,0.6909090909090908,0.8137746063677728,23,32,0.06904308404773474,18.62,269.6866783518329,
random_track235445,test__random_track235445__3_viola,random,viola,tune,pelt-l1,pelt,l1,1,pelt-l1,0.5,3,0.75,1.0,0.9,True,True,0.9047619047619048,0.95,0.9268292682926829,0.8906263043251771,21,20,24.445614750031382,21.672,0.8865393741007139,
random_track235445,test__random_track235445__3_viola,random,viola,tune,pelt-l2,pelt,l2,1,pelt-l2,0.5,3,0.75,1.0,0.9,True,True,0.9047619047619048,0.95,0.9268292682926829,0.891797715672145,21,20,21.58435858390294,21.672,1.0040604132736388,
random_track235445,test__random_track235445__3_viola,random,viola,tune,pelt-rbf,pelt,rbf,1,pelt-rbf,0.5,3,0.75,1.0,0.9,True,True,0.9047619047619048,0.95,0.9268292682926829,0.8934317062983922,21,20,1.7013271660543978,21.672,12.738290690003046,
random_track235445,test__random_track235445__3_viola,random,viola,tune,kernelcpd-linear,kernelcpd,l2,1,kernelcpd-linear,0.5,3,0.75,1.0,0.9,True,True,0.9047619047619048,0.95,0.9268292682926829,0.891797715672145,21,20,0.05877445777878165,21.672,368.731602451701,
random_track235445,test__random_track235445__3_viola,random,viola,tune,kernelcpd-gaussian,kernelcpd,rbf,1,kernelcpd-gaussian,0.5,3,0.75,1.0,0.9,True,True,0.9047619047619048,0.95,0.9268292682926829,0.8934317062983922,21,20,0.13656741590239108,21.672,158.6908550388743,
random_track235445,test__random_track235445__3_viola,random,viola,tune,kernelcpd-cosine,kernelcpd,cosine,1,kernelcpd-cosine,0.5,3,0.75,1.0,0.9,True,True,0.8421052631578947,0.8,0.8205128205128205,0.8713153430755225,19,20,0.06858066585846245,21.672,316.00743050128614,
random_track235464,test__random_track235464__4_bassoon,random,bassoon,tune,pelt-l1,pelt,l1,1,pelt-l1,0.5,3,0.75,1.0,0.9,True,True,1.0,1.0,1.0,0.9402939520534878,32,32,2.503123791888356,23.084,9.222076860443819,
random_track235464,test__random_track235464__4_bassoon,random,bassoon,tune,pelt-l2,pelt,l2,1,pelt-l2,0.5,3,0.75,1.0,0.9,True,True,1.0,1.0,1.0,0.9408032163375275,32,32,1.847768833860755,23.084,12.492904727572418,
random_track235464,test__random_track235464__4_bassoon,random,bassoon,tune,pelt-rbf,pelt,rbf,1,pelt-rbf,0.5,3,0.75,1.0,0.9,True,True,1.0,1.0,1.0,0.9404185342829761,32,32,3.2645280838478357,23.084,7.071159875822339,
random_track235464,test__random_track235464__4_bassoon,random,bassoon,tune,kernelcpd-linear,kernelcpd,l2,1,kernelcpd-linear,0.5,3,0.75,1.0,0.9,True,True,1.0,1.0,1.0,0.9408032163375275,32,32,0.0663789170794189,23.084,347.7610213553379,
random_track235464,test__random_track235464__4_bassoon,random,bassoon,tune,kernelcpd-gaussian,kernelcpd,rbf,1,kernelcpd-gaussian,0.5,3,0.75,1.0,0.9,True,True,1.0,1.0,1.0,0.9404185342829761,32,32,0.09911000006832182,23.084,232.9129248722325,
random_track235464,test__random_track235464__4_bassoon,random,bassoon,tune,kernelcpd-cosine,kernelcpd,cosine,1,kernelcpd-cosine,0.5,3,0.75,1.0,0.9,True,True,0.9333333333333333,0.875,0.9032258064516129,0.9364377409889589,30,32,0.06433991715312004,23.084,358.7819354050969,
random_track235466,test__random_track235466__4_tuba,random,tuba,tune,pelt-l1,pelt,l1,1,pelt-l1,0.5,3,0.75,1.0,0.9,True,True,0.8823529411764706,0.7692307692307693,0.8219178082191781,0.828982699410063,34,39,2.378881333163008,17.028,7.157986303318136,
random_track235466,test__random_track235466__4_tuba,random,tuba,tune,pelt-l2,pelt,l2,1,pelt-l2,0.5,3,0.75,1.0,0.9,True,True,0.8529411764705882,0.7435897435897436,0.7945205479452054,0.8414456452040459,34,39,1.7658776671160012,17.028,9.642797073145964,
random_track235466,test__random_track235466__4_tuba,random,tuba,tune,pelt-rbf,pelt,rbf,1,pelt-rbf,0.5,3,0.75,1.0,0.9,True,True,0.8529411764705882,0.7435897435897436,0.7945205479452054,0.8414456452040459,34,39,5.930091750109568,17.028,2.87145641544001,
random_track235466,test__random_track235466__4_tuba,random,tuba,tune,kernelcpd-linear,kernelcpd,l2,1,kernelcpd-linear,0.5,3,0.75,1.0,0.9,True,True,0.8529411764705882,0.7435897435897436,0.7945205479452054,0.8414456452040459,34,39,0.037789958994835615,17.028,450.5958845397808,
random_track235466,test__random_track235466__4_tuba,random,tuba,tune,kernelcpd-gaussian,kernelcpd,rbf,1,kernelcpd-gaussian,0.5,3,0.75,1.0,0.9,True,True,0.8529411764705882,0.7435897435897436,0.7945205479452054,0.8414456452040459,34,39,0.06337579083628953,17.028,268.6830377231304,
random_track235466,test__random_track235466__4_tuba,random,tuba,tune,kernelcpd-cosine,kernelcpd,cosine,1,kernelcpd-cosine,0.5,3,0.75,1.0,0.9,True,True,0.8787878787878788,0.7435897435897436,0.8055555555555556,0.8204835448389157,33,39,0.03662191703915596,17.028,464.9674669349983,
random_track235472,test__random_track235472__3_viola,random,viola,tune,pelt-l1,pelt,l1,1,pelt-l1,0.5,3,0.75,1.0,0.9,True,True,0.9705882352941176,1.0,0.9850746268656716,0.920428487401865,34,33,34.32593000004999,29.672,0.8644194053870291,
random_track235472,test__random_track235472__3_viola,random,viola,tune,pelt-l2,pelt,l2,1,pelt-l2,0.5,3,0.75,1.0,0.9,True,True,0.9705882352941176,1.0,0.9850746268656716,0.9209556003189632,34,33,25.835536041064188,29.672,1.1484956206380994,
random_track235472,test__random_track235472__3_viola,random,viola,tune,pelt-rbf,pelt,rbf,1,pelt-rbf,0.5,3,0.75,1.0,0.9,True,True,0.9705882352941176,1.0,0.9850746268656716,0.9192749686187573,34,33,14.849434416973963,29.672,1.9981905819983814,
random_track235472,test__random_track235472__3_viola,random,viola,tune,kernelcpd-linear,kernelcpd,l2,1,kernelcpd-linear,0.5,3,0.75,1.0,0.9,True,True,0.9705882352941176,1.0,0.9850746268656716,0.9209556003189632,34,33,0.10738187492825091,29.672,276.32223799245327,
random_track235472,test__random_track235472__3_viola,random,viola,tune,kernelcpd-gaussian,kernelcpd,rbf,1,kernelcpd-gaussian,0.5,3,0.75,1.0,0.9,True,True,0.9705882352941176,1.0,0.9850746268656716,0.9192749686187573,34,33,0.1690065418370068,29.672,175.56716845088906,
random_track235472,test__random_track235472__3_viola,random,viola,tune,kernelcpd-cosine,kernelcpd,cosine,1,kernelcpd-cosine,0.5,3,0.75,1.0,0.9,True,True,0.8333333333333334,0.7575757575757576,0.7936507936507938,0.9136283167378942,30,33,0.10497400001622736,29.672,282.6604682627428,
random_track235489,test__random_track235489__4_bassoon,random,bassoon,tune,pelt-l1,pelt,l1,1,pelt-l1,0.5,3,0.75,1.0,0.9,True,True,1.0,1.0,1.0,0.923188291990061,25,25,8.294206459075212,18.608,2.243493707543272,
random_track235489,test__random_track235489__4_bassoon,random,bassoon,tune,pelt-l2,pelt,l2,1,pelt-l2,0.5,3,0.75,1.0,0.9,True,True,1.0,1.0,1.0,0.9244011212542109,25,25,7.214815916959196,18.608,2.5791371830097436,
random_track235489,test__random_track235489__4_bassoon,random,bassoon,tune,pelt-rbf,pelt,rbf,1,pelt-rbf,0.5,3,0.75,1.0,0.9,True,True,1.0,1.0,1.0,0.9228540271789201,25,25,9.723394457949325,18.608,1.9137349698681718,
random_track235489,test__random_track235489__4_bassoon,random,bassoon,tune,kernelcpd-linear,kernelcpd,l2,1,kernelcpd-linear,0.5,3,0.75,1.0,0.9,True,True,1.0,1.0,1.0,0.9244011212542109,25,25,0.0507316249422729,18.608,366.7929032664317,
random_track235489,test__random_track235489__4_bassoon,random,bassoon,tune,kernelcpd-gaussian,kernelcpd,rbf,1,kernelcpd-gaussian,0.5,3,0.75,1.0,0.9,True,True,1.0,1.0,1.0,0.9228540271789201,25,25,0.10662500001490116,18.608,174.5181711362202,
random_track235489,test__random_track235489__4_bassoon,random,bassoon,tune,kernelcpd-cosine,kernelcpd,cosine,1,kernelcpd-cosine,0.5,3,0.75,1.0,0.9,True,True,0.9090909090909091,0.8,0.8510638297872342,0.8934307573479445,22,25,0.06014016713015735,18.608,309.4105136044592,
random_track235499,test__random_track235499__4_bassoon,random,bassoon,tune,pelt-l1,pelt,l1,1,pelt-l1,0.5,3,0.75,1.0,0.9,True,True,0.9545454545454546,0.875,0.9130434782608695,0.8895782519985844,22,24,7.667004666058347,13.916,1.8150504148779003,
random_track235499,test__random_track235499__4_bassoon,random,bassoon,tune,pelt-l2,pelt,l2,1,pelt-l2,0.5,3,0.75,1.0,0.9,True,True,0.9545454545454546,0.875,0.9130434782608695,0.8899568417920511,22,24,5.452077167108655,13.916,2.5524216869035867,
random_track235499,test__random_track235499__4_bassoon,random,bassoon,tune,pelt-rbf,pelt,rbf,1,pelt-rbf,0.5,3,0.75,1.0,0.9,True,True,1.0,0.9166666666666666,0.9565217391304348,0.875119210252119,22,24,19.44923537480645,13.916,0.7155037065377943,
random_track235499,test__random_track235499__4_bassoon,random,bassoon,tune,kernelcpd-linear,kernelcpd,l2,1,kernelcpd-linear,0.5,3,0.75,1.0,0.9,True,True,0.9545454545454546,0.875,0.9130434782608695,0.8899568417920511,22,24,0.041834583040326834,13.916,332.64344923876837,
random_track235499,test__random_track235499__4_bassoon,random,bassoon,tune,kernelcpd-gaussian,kernelcpd,rbf,1,kernelcpd-gaussian,0.5,3,0.75,1.0,0.9,True,True,1.0,0.9166666666666666,0.9565217391304348,0.875119210252119,22,24,0.0567673749756068,13.916,245.14080501308663,
random_track235499,test__random_track235499__4_bassoon,random,bassoon,tune,kernelcpd-cosine,kernelcpd,cosine,1,kernelcpd-cosine,0.5,3,0.75,1.0,0.9,True,True,0.9,0.75,0.8181818181818182,0.900791467516292,20,24,0.03981912485323846,13.916,349.4803075479501,
random_track235510,test__random_track235510__3_saxophone,random,saxophone,tune,pelt-l1,pelt,l1,1,pelt-l1,0.5,3,0.75,1.0,0.9,True,True,1.0,1.0,1.0,0.8727895290393303,28,28,5.273478583898395,14.72,2.7913264016933406,
random_track235510,test__random_track235510__3_saxophone,random,saxophone,tune,pelt-l2,pelt,l2,1,pelt-l2,0.5,3,0.75,1.0,0.9,True,True,1.0,1.0,1.0,0.8727895290393303,28,28,3.9701977921649814,14.72,3.7076238440939395,
random_track235510,test__random_track235510__3_saxophone,random,saxophone,tune,pelt-rbf,pelt,rbf,1,pelt-rbf,0.5,3,0.75,1.0,0.9,True,True,1.0,1.0,1.0,0.8727895290393303,28,28,10.216672666138038,14.72,1.440782188195939,
random_track235510,test__random_track235510__3_saxophone,random,saxophone,tune,kernelcpd-linear,kernelcpd,l2,1,kernelcpd-linear,0.5,3,0.75,1.0,0.9,True,True,1.0,1.0,1.0,0.8727895290393303,28,28,0.03805166692472994,14.72,386.8424484298586,
random_track235510,test__random_track235510__3_saxophone,random,saxophone,tune,kernelcpd-gaussian,kernelcpd,rbf,1,kernelcpd-gaussian,0.5,3,0.75,1.0,0.9,True,True,1.0,1.0,1.0,0.8727895290393303,28,28,0.07749108388088644,14.72,189.9573378354921,
random_track235510,test__random_track235510__3_saxophone,random,saxophone,tune,kernelcpd-cosine,kernelcpd,cosine,1,kernelcpd-cosine,0.5,3,0.75,1.0,0.9,True,True,1.0,1.0,1.0,0.8727895290393303,28,28,0.03818862489424646,14.72,385.45509404340277,
random_track235551,test__random_track235551__1_violin,random,violin,tune,pelt-l1,pelt,l1,1,pelt-l1,0.5,3,0.75,1.0,0.9,True,True,1.0,1.0,1.0,0.9648776290100046,24,24,3.8278058341238648,31.024,8.104904309259718,
random_track235551,test__random_track235551__1_violin,random,violin,tune,pelt-l2,pelt,l2,1,pelt-l2,0.5,3,0.75,1.0,0.9,True,True,1.0,1.0,1.0,0.9648776290100046,24,24,2.9323406249750406,31.024,10.579944136013895,
random_track235551,test__random_track235551__1_violin,random,violin,tune,pelt-rbf,pelt,rbf,1,pelt-rbf,0.5,3,0.75,1.0,0.9,True,True,1.0,1.0,1.0,0.9648776290100046,24,24,33.35622383398004,31.024,0.9300812992025734,
random_track235551,test__random_track235551__1_violin,random,violin,tune,kernelcpd-linear,kernelcpd,l2,1,kernelcpd-linear,0.5,3,0.75,1.0,0.9,True,True,1.0,1.0,1.0,0.9648776290100046,24,24,0.10438916692510247,31.024,297.1955894835258,
random_track235551,test__random_track235551__1_violin,random,violin,tune,kernelcpd-gaussian,kernelcpd,rbf,1,kernelcpd-gaussian,0.5,3,0.75,1.0,0.9,True,True,1.0,1.0,1.0,0.9648776290100046,24,24,0.13104704092256725,31.024,236.739416484279,
random_track235551,test__random_track235551__1_violin,random,violin,tune,kernelcpd-cosine,kernelcpd,cosine,1,kernelcpd-cosine,0.5,3,0.75,1.0,0.9,True,True,1.0,0.9583333333333334,0.9787234042553191,0.9439476948857431,23,24,0.08354812511242926,31.024,371.3308941194257,
random_track235555,test__random_track235555__3_cello,random,cello,holdout,pelt-l1,pelt,l1,1,pelt-l1,0.5,3,0.75,1.0,0.9,True,True,0.9583333333333334,0.9583333333333334,0.9583333333333334,0.8806632112141886,24,24,4.45530645782128,14.44,3.2410789553321555,
random_track235555,test__random_track235555__3_cello,random,cello,holdout,pelt-l2,pelt,l2,1,pelt-l2,0.5,3,0.75,1.0,0.9,True,True,0.9583333333333334,0.9583333333333334,0.9583333333333334,0.8823984377066902,24,24,3.660966959083453,14.44,3.944313117651067,
random_track235555,test__random_track235555__3_cello,random,cello,holdout,pelt-rbf,pelt,rbf,1,pelt-rbf,0.5,3,0.75,1.0,0.9,True,True,0.92,0.9583333333333334,0.9387755102040817,0.86707535581714,25,24,4.662226290907711,14.44,3.097232759413874,
random_track235555,test__random_track235555__3_cello,random,cello,holdout,kernelcpd-linear,kernelcpd,l2,1,kernelcpd-linear,0.5,3,0.75,1.0,0.9,True,True,0.9583333333333334,0.9583333333333334,0.9583333333333334,0.8823984377066902,24,24,0.04439062485471368,14.44,325.2939116595172,
random_track235555,test__random_track235555__3_cello,random,cello,holdout,kernelcpd-gaussian,kernelcpd,rbf,1,kernelcpd-gaussian,0.5,3,0.75,1.0,0.9,True,True,0.92,0.9583333333333334,0.9387755102040817,0.86707535581714,25,24,0.08067829092033207,14.44,178.98247267358653,
random_track235555,test__random_track235555__3_cello,random,cello,holdout,kernelcpd-cosine,kernelcpd,cosine,1,kernelcpd-cosine,0.5,3,0.75,1.0,0.9,True,True,0.8095238095238095,0.7083333333333334,0.7555555555555556,0.8646207438393746,21,24,0.05206154193729162,14.44,277.3640476763644,
random_track235570,test__random_track235570__4_bassoon,random,bassoon,tune,pelt-l1,pelt,l1,1,pelt-l1,0.5,3,0.75,1.0,0.9,True,True,1.0,1.0,1.0,0.9507777848687743,31,31,7.422070499975234,31.988,4.309848579329277,
random_track235570,test__random_track235570__4_bassoon,random,bassoon,tune,pelt-l2,pelt,l2,1,pelt-l2,0.5,3,0.75,1.0,0.9,True,True,1.0,1.0,1.0,0.9507777848687743,31,31,6.064978291047737,31.988,5.274215086180302,
random_track235570,test__random_track235570__4_bassoon,random,bassoon,tune,pelt-rbf,pelt,rbf,1,pelt-rbf,0.5,3,0.75,1.0,0.9,True,True,1.0,1.0,1.0,0.9507777848687743,31,31,20.617918332805857,31.988,1.5514660347210139,
random_track235570,test__random_track235570__4_bassoon,random,bassoon,tune,kernelcpd-linear,kernelcpd,l2,1,kernelcpd-linear,0.5,3,0.75,1.0,0.9,True,True,1.0,1.0,1.0,0.9507777848687743,31,31,0.0855572079308331,31.988,373.8784933919304,
random_track235570,test__random_track235570__4_bassoon,random,bassoon,tune,kernelcpd-gaussian,kernelcpd,rbf,1,kernelcpd-gaussian,0.5,3,0.75,1.0,0.9,True,True,1.0,1.0,1.0,0.9507777848687743,31,31,0.1523996249306947,31.988,209.8955296940322,
random_track235570,test__random_track235570__4_bassoon,random,bassoon,tune,kernelcpd-cosine,kernelcpd,cosine,1,kernelcpd-cosine,0.5,3,0.75,1.0,0.9,True,True,0.8928571428571429,0.8064516129032258,0.8474576271186439,0.9525424625299772,28,31,0.08740891609340906,31.988,365.9580902000455,
random_track235591,test__random_track235591__1_flute,random,flute,holdout,pelt-l1,pelt,l1,1,pelt-l1,0.5,3,0.75,1.0,0.9,True,True,0.9411764705882353,0.9411764705882353,0.9411764705882353,0.8439932885100173,17,17,23.36713554081507,14.64,0.6265209518055178,
random_track235591,test__random_track235591__1_flute,random,flute,holdout,pelt-l2,pelt,l2,1,pelt-l2,0.5,3,0.75,1.0,0.9,True,True,0.9411764705882353,0.9411764705882353,0.9411764705882353,0.8439932885100173,17,17,16.637405749876052,14.64,0.8799448796341982,
random_track235591,test__random_track235591__1_flute,random,flute,holdout,pelt-rbf,pelt,rbf,1,pelt-rbf,0.5,3,0.75,1.0,0.9,True,True,0.9411764705882353,0.9411764705882353,0.9411764705882353,0.8407427795189387,17,17,6.335296707926318,14.64,2.310862564918762,
random_track235591,test__random_track235591__1_flute,random,flute,holdout,kernelcpd-linear,kernelcpd,l2,1,kernelcpd-linear,0.5,3,0.75,1.0,0.9,True,True,0.9411764705882353,0.9411764705882353,0.9411764705882353,0.8439932885100173,17,17,0.04859945806674659,14.64,301.2379269722184,
random_track235591,test__random_track235591__1_flute,random,flute,holdout,kernelcpd-gaussian,kernelcpd,rbf,1,kernelcpd-gaussian,0.5,3,0.75,1.0,0.9,True,True,0.9411764705882353,0.9411764705882353,0.9411764705882353,0.8407427795189387,17,17,0.09465566696599126,14.64,154.66585857199647,
random_track235591,test__random_track235591__1_flute,random,flute,holdout,kernelcpd-cosine,kernelcpd,cosine,1,kernelcpd-cosine,0.5,3,0.75,1.0,0.9,True,True,0.9375,0.8823529411764706,0.9090909090909091,0.839425852872738,16,17,0.05195162491872907,14.64,281.80061784212137,
random_track235604,test__random_track235604__4_tuba,random,tuba,holdout,pelt-l1,pelt,l1,1,pelt-l1,0.5,3,0.75,1.0,0.9,True,True,0.875,0.8235294117647058,0.8484848484848485,0.9134091743279834,32,34,5.593246208038181,23.332,4.171459494572052,
random_track235604,test__random_track235604__4_tuba,random,tuba,holdout,pelt-l2,pelt,l2,1,pelt-l2,0.5,3,0.75,1.0,0.9,True,True,0.875,0.8235294117647058,0.8484848484848485,0.9134091743279834,32,34,4.14561662520282,23.332,5.628113284319557,
random_track235604,test__random_track235604__4_tuba,random,tuba,holdout,pelt-rbf,pelt,rbf,1,pelt-rbf,0.5,3,0.75,1.0,0.9,True,True,0.875,0.8235294117647058,0.8484848484848485,0.9134091743279834,32,34,9.902368624927476,23.332,2.356203943091533,
random_track235604,test__random_track235604__4_tuba,random,tuba,holdout,kernelcpd-linear,kernelcpd,l2,1,kernelcpd-linear,0.5,3,0.75,1.0,0.9,True,True,0.875,0.8235294117647058,0.8484848484848485,0.9134091743279834,32,34,0.06749112508259714,23.332,345.7047126040021,
random_track235604,test__random_track235604__4_tuba,random,tuba,holdout,kernelcpd-gaussian,kernelcpd,rbf,1,kernelcpd-gaussian,0.5,3,0.75,1.0,0.9,True,True,0.875,0.8235294117647058,0.8484848484848485,0.9134091743279834,32,34,0.09233762510120869,23.332,252.6813958494866,
random_track235604,test__random_track235604__4_tuba,random,tuba,holdout,kernelcpd-cosine,kernelcpd,cosine,1,kernelcpd-cosine,0.5,3,0.75,1.0,0.9,True,True,0.8387096774193549,0.7647058823529411,0.7999999999999999,0.9124053899869913,31,34,0.06012816703878343,23.332,388.0377724627888,
random_track235616,test__random_track235616__2_violin,random,violin,tune,pelt-l1,pelt,l1,1,pelt-l1,0.5,3,0.75,1.0,0.9,True,True,1.0,1.0,1.0,0.9299312553610354,16,16,30.564663874916732,20.024,0.6551356194181132,
random_track235616,test__random_track235616__2_violin,random,violin,tune,pelt-l2,pelt,l2,1,pelt-l2,0.5,3,0.75,1.0,0.9,True,True,1.0,1.0,1.0,0.9299312553610354,16,16,22.365552874980494,20.024,0.8953053882428321,
random_track235616,test__random_track235616__2_violin,random,violin,tune,pelt-rbf,pelt,rbf,1,pelt-rbf,0.5,3,0.75,1.0,0.9,True,True,1.0,1.0,1.0,0.9299312553610354,16,16,167.62443304108456,20.024,0.11945752559289577,
random_track235616,test__random_track235616__2_violin,random,violin,tune,kernelcpd-linear,kernelcpd,l2,1,kernelcpd-linear,0.5,3,0.75,1.0,0.9,True,True,1.0,1.0,1.0,0.9299312553610354,16,16,0.06837674998678267,20.024,292.8480807273038,
random_track235616,test__random_track235616__2_violin,random,violin,tune,kernelcpd-gaussian,kernelcpd,rbf,1,kernelcpd-gaussian,0.5,3,0.75,1.0,0.9,True,True,1.0,1.0,1.0,0.9299312553610354,16,16,0.12627637502737343,20.024,158.5728129720173,
random_track235616,test__random_track235616__2_violin,random,violin,tune,kernelcpd-cosine,kernelcpd,cosine,1,kernelcpd-cosine,0.5,3,0.75,1.0,0.9,True,True,1.0,1.0,1.0,0.9299312553610354,16,16,0.08618124993517995,20.024,232.34752356296502,
random_track235635,test__random_track235635__3_clarinet,random,clarinet,tune,pelt-l1,pelt,l1,1,pelt-l1,0.5,3,0.75,1.0,0.9,True,True,1.0,1.0,1.0,0.8936585327046612,25,25,4.8650381250772625,16.156,3.320837285266582,
random_track235635,test__random_track235635__3_clarinet,random,clarinet,tune,pelt-l2,pelt,l2,1,pelt-l2,0.5,3,0.75,1.0,0.9,True,True,1.0,1.0,1.0,0.8936585327046612,25,25,3.599383166991174,16.156,4.488546856628563,
random_track235635,test__random_track235635__3_clarinet,random,clarinet,tune,pelt-rbf,pelt,rbf,1,pelt-rbf,0.5,3,0.75,1.0,0.9,True,True,1.0,1.0,1.0,0.8936585327046612,25,25,8.87723366706632,16.156,1.8199363231743237,
random_track235635,test__random_track235635__3_clarinet,random,clarinet,tune,kernelcpd-linear,kernelcpd,l2,1,kernelcpd-linear,0.5,3,0.75,1.0,0.9,True,True,1.0,1.0,1.0,0.8936585327046612,25,25,0.03897679201327264,16.156,414.5030713276364,
random_track235635,test__random_track235635__3_clarinet,random,clarinet,tune,kernelcpd-gaussian,kernelcpd,rbf,1,kernelcpd-gaussian,0.5,3,0.75,1.0,0.9,True,True,1.0,1.0,1.0,0.8936585327046612,25,25,0.07366716698743403,16.156,219.3107277052727,
random_track235635,test__random_track235635__3_clarinet,random,clarinet,tune,kernelcpd-cosine,kernelcpd,cosine,1,kernelcpd-cosine,0.5,3,0.75,1.0,0.9,True,True,1.0,1.0,1.0,0.8936585327046612,25,25,0.04166637500748038,16.156,387.7467141573872,
random_track235637,test__random_track235637__4_cello,random,cello,tune,pelt-l1,pelt,l1,1,pelt-l1,0.5,3,0.75,1.0,0.9,True,True,0.8648648648648649,0.8888888888888888,0.8767123287671232,0.8569247838049832,37,36,1.1720360841136426,14.164,12.084952154618675,
random_track235637,test__random_track235637__4_cello,random,cello,tune,pelt-l2,pelt,l2,1,pelt-l2,0.5,3,0.75,1.0,0.9,True,True,0.8648648648648649,0.8888888888888888,0.8767123287671232,0.8594401518493163,37,36,1.0489130420610309,14.164,13.50350260891872,
random_track235637,test__random_track235637__4_cello,random,cello,tune,pelt-rbf,pelt,rbf,1,pelt-rbf,0.5,3,0.75,1.0,0.9,True,True,0.8648648648648649,0.8888888888888888,0.8767123287671232,0.8652983993418367,37,36,0.7503212499432266,14.164,18.877247580382036,
random_track235637,test__random_track235637__4_cello,random,cello,tune,kernelcpd-linear,kernelcpd,l2,1,kernelcpd-linear,0.5,3,0.75,1.0,0.9,True,True,0.8648648648648649,0.8888888888888888,0.8767123287671232,0.8594401518493163,37,36,0.0406353329308331,14.164,348.5636508530413,
random_track235637,test__random_track235637__4_cello,random,cello,tune,kernelcpd-gaussian,kernelcpd,rbf,1,kernelcpd-gaussian,0.5,3,0.75,1.0,0.9,True,True,0.8648648648648649,0.8888888888888888,0.8767123287671232,0.8652983993418367,37,36,0.05675533297471702,14.164,249.56245092086203,
random_track235637,test__random_track235637__4_cello,random,cello,tune,kernelcpd-cosine,kernelcpd,cosine,1,kernelcpd-cosine,0.5,3,0.75,1.0,0.9,True,True,0.6785714285714286,0.5277777777777778,0.5937499999999999,0.7691914075455157,28,36,0.03225612500682473,14.164,439.1104014199842,
random_track235645,test__random_track235645__4_double bass,random,double bass,tune,pelt-l1,pelt,l1,1,pelt-l1,0.5,3,0.75,1.0,0.9,True,True,0.7692307692307693,0.9090909090909091,0.8333333333333333,0.8477872818315108,26,22,34.91897799982689,20.42,0.5847822923139742,
random_track235645,test__random_track235645__4_double bass,random,double bass,tune,pelt-l2,pelt,l2,1,pelt-l2,0.5,3,0.75,1.0,0.9,True,True,0.7692307692307693,0.9090909090909091,0.8333333333333333,0.8477872818315108,26,22,24.76122654089704,20.42,0.8246764337894642,
random_track235645,test__random_track235645__4_double bass,random,double bass,tune,pelt-rbf,pelt,rbf,1,pelt-rbf,0.5,3,0.75,1.0,0.9,True,True,0.7692307692307693,0.9090909090909091,0.8333333333333333,0.8477872818315108,26,22,607.3186400418635,20.42,0.033623206425201134,
random_track235645,test__random_track235645__4_double bass,random,double bass,tune,kernelcpd-linear,kernelcpd,l2,1,kernelcpd-linear,0.5,3,0.75,1.0,0.9,True,True,0.7692307692307693,0.9090909090909091,0.8333333333333333,0.8477872818315108,26,22,0.4479678329080343,20.42,45.58363011790655,
random_track235645,test__random_track235645__4_double bass,random,double bass,tune,kernelcpd-gaussian,kernelcpd,rbf,1,kernelcpd-gaussian,0.5,3,0.75,1.0,0.9,True,True,0.7692307692307693,0.9090909090909091,0.8333333333333333,0.8477872818315108,26,22,0.28400195902213454,20.42,71.9009124807076,
random_track235645,test__random_track235645__4_double bass,random,double bass,tune,kernelcpd-cosine,kernelcpd,cosine,1,kernelcpd-cosine,0.5,3,0.75,1.0,0.9,True,True,0.72,0.8181818181818182,0.7659574468085107,0.8293205429708752,25,22,0.10040229209698737,20.42,203.38181104744635,
random_track235646,test__random_track235646__1_flute,random,flute,tune,pelt-l1,pelt,l1,1,pelt-l1,0.5,3,0.75,1.0,0.9,True,True,0.8571428571428571,0.9230769230769231,0.888888888888889,0.9539795916484465,14,13,13.659061833051965,20.024,1.4659864817030308,
random_track235646,test__random_track235646__1_flute,random,flute,tune,pelt-l2,pelt,l2,1,pelt-l2,0.5,3,0.75,1.0,0.9,True,True,0.8571428571428571,0.9230769230769231,0.888888888888889,0.9547846445031657,14,13,12.61698995810002,20.024,1.5870663340858673,
random_track235646,test__random_track235646__1_flute,random,flute,tune,pelt-rbf,pelt,rbf,1,pelt-rbf,0.5,3,0.75,1.0,0.9,True,True,0.8571428571428571,0.9230769230769231,0.888888888888889,0.9488517111644971,14,13,156.92684712493792,20.024,0.12760085585647316,
random_track235646,test__random_track235646__1_flute,random,flute,tune,kernelcpd-linear,kernelcpd,l2,1,kernelcpd-linear,0.5,3,0.75,1.0,0.9,True,True,0.8571428571428571,0.9230769230769231,0.888888888888889,0.9547846445031657,14,13,0.054684999864548445,20.024,366.1698829587324,
random_track235646,test__random_track235646__1_flute,random,flute,tune,kernelcpd-gaussian,kernelcpd,rbf,1,kernelcpd-gaussian,0.5,3,0.75,1.0,0.9,True,True,0.8571428571428571,0.9230769230769231,0.888888888888889,0.9488517111644971,14,13,0.18988145887851715,20.024,105.45526729290093,
random_track235646,test__random_track235646__1_flute,random,flute,tune,kernelcpd-cosine,kernelcpd,cosine,1,kernelcpd-cosine,0.5,3,0.75,1.0,0.9,True,True,0.6666666666666666,0.6153846153846154,0.64,0.9468116088011432,12,13,0.10062266699969769,20.024,199.0008871466323,
random_track235671,test__random_track235671__1_trumpet,random,trumpet,tune,pelt-l1,pelt,l1,1,pelt-l1,0.5,3,0.75,1.0,0.9,True,True,1.0,1.0,1.0,0.9620175455142835,23,23,25.48990345792845,34.708,1.3616371696850946,
random_track235671,test__random_track235671__1_trumpet,random,trumpet,tune,pelt-l2,pelt,l2,1,pelt-l2,0.5,3,0.75,1.0,0.9,True,True,1.0,1.0,1.0,0.9634200311131697,23,23,19.54713545786217,34.708,1.7756054371659806,
random_track235671,test__random_track235671__1_trumpet,random,trumpet,tune,pelt-rbf,pelt,rbf,1,pelt-rbf,0.5,3,0.75,1.0,0.9,True,True,1.0,1.0,1.0,0.9629532070028961,23,23,132.174902375089,34.708,0.26259145553597485,
random_track235671,test__random_track235671__1_trumpet,random,trumpet,tune,kernelcpd-linear,kernelcpd,l2,1,kernelcpd-linear,0.5,3,0.75,1.0,0.9,True,True,1.0,1.0,1.0,0.9634200311131697,23,23,0.12485187500715256,34.708,277.9934221893875,
random_track235671,test__random_track235671__1_trumpet,random,trumpet,tune,kernelcpd-gaussian,kernelcpd,rbf,1,kernelcpd-gaussian,0.5,3,0.75,1.0,0.9,True,True,1.0,1.0,1.0,0.9629532070028961,23,23,0.22100637503899634,34.708,157.04524357668782,
random_track235671,test__random_track235671__1_trumpet,random,trumpet,tune,kernelcpd-cosine,kernelcpd,cosine,1,kernelcpd-cosine,0.5,3,0.75,1.0,0.9,True,True,0.7894736842105263,0.6521739130434783,0.7142857142857143,0.9632213405861131,19,23,0.13716416619718075,34.708,253.03984970903707,
random_track235679,test__random_track235679__4_bassoon,random,bassoon,tune,pelt-l1,pelt,l1,1,pelt-l1,0.5,3,0.75,1.0,0.9,True,True,0.9444444444444444,0.9714285714285714,0.9577464788732395,0.8845928773595297,36,35,2.635703916894272,18.616,7.063008815472636,
random_track235679,test__random_track235679__4_bassoon,random,bassoon,tune,pelt-l2,pelt,l2,1,pelt-l2,0.5,3,0.75,1.0,0.9,True,True,0.9444444444444444,0.9714285714285714,0.9577464788732395,0.8845928773595297,36,35,2.1209709998220205,18.616,8.777111993309736,
random_track235679,test__random_track235679__4_bassoon,random,bassoon,tune,pelt-rbf,pelt,rbf,1,pelt-rbf,0.5,3,0.75,1.0,0.9,True,True,0.9444444444444444,0.9714285714285714,0.9577464788732395,0.882885769616035,36,35,2.857119874795899,18.616,6.5156524107445275,
random_track235679,test__random_track235679__4_bassoon,random,bassoon,tune,kernelcpd-linear,kernelcpd,l2,1,kernelcpd-linear,0.5,3,0.75,1.0,0.9,True,True,0.9444444444444444,0.9714285714285714,0.9577464788732395,0.8845928773595297,36,35,0.04286291706375778,18.616,434.31481745185596,
random_track235679,test__random_track235679__4_bassoon,random,bassoon,tune,kernelcpd-gaussian,kernelcpd,rbf,1,kernelcpd-gaussian,0.5,3,0.75,1.0,0.9,True,True,0.9444444444444444,0.9714285714285714,0.9577464788732395,0.882885769616035,36,35,0.06445695785805583,18.616,288.8128856623253,
random_track235679,test__random_track235679__4_bassoon,random,bassoon,tune,kernelcpd-cosine,kernelcpd,cosine,1,kernelcpd-cosine,0.5,3,0.75,1.0,0.9,True,True,0.8709677419354839,0.7714285714285715,0.8181818181818182,0.8420226996494363,31,35,0.05457649985328317,18.616,341.0991919607339,
random_track235705,test__random_track235705__4_cello,random,cello,tune,pelt-l1,pelt,l1,1,pelt-l1,0.5,3,0.75,1.0,0.9,True,True,0.9615384615384616,0.9615384615384616,0.9615384615384616,0.9570316713246381,26,26,29.96984341717325,33.552,1.1195253686502116,
random_track235705,test__random_track235705__4_cello,random,cello,tune,pelt-l2,pelt,l2,1,pelt-l2,0.5,3,0.75,1.0,0.9,True,True,0.9615384615384616,0.9615384615384616,0.9615384615384616,0.9551775700182574,26,26,23.0569917911198,33.552,1.4551768202876432,
random_track235705,test__random_track235705__4_cello,random,cello,tune,pelt-rbf,pelt,rbf,1,pelt-rbf,0.5,3,0.75,1.0,0.9,True,True,0.9615384615384616,0.9615384615384616,0.9615384615384616,0.9584278129784319,26,26,309.5855987081304,33.552,0.10837713427242457,
random_track235705,test__random_track235705__4_cello,random,cello,tune,kernelcpd-linear,kernelcpd,l2,1,kernelcpd-linear,0.5,3,0.75,1.0,0.9,True,True,0.9615384615384616,0.9615384615384616,0.9615384615384616,0.9551775700182574,26,26,0.10182824986986816,33.552,329.4959899917549,
random_track235705,test__random_track235705__4_cello,random,cello,tune,kernelcpd-gaussian,kernelcpd,rbf,1,kernelcpd-gaussian,0.5,3,0.75,1.0,0.9,True,True,0.9615384615384616,0.9615384615384616,0.9615384615384616,0.9584278129784319,26,26,0.22803050000220537,33.552,147.1382117728791,
random_track235705,test__random_track235705__4_cello,random,cello,tune,kernelcpd-cosine,kernelcpd,cosine,1,kernelcpd-cosine,0.5,3,0.75,1.0,0.9,True,True,0.7727272727272727,0.6538461538461539,0.7083333333333333,0.9501546338266167,22,26,0.11397991701960564,33.552,294.3676471902391,
random_track235732,test__random_track235732__1_flute,random,flute,tune,pelt-l1,pelt,l1,1,pelt-l1,0.5,3,0.75,1.0,0.9,True,True,1.0,1.0,1.0,0.915618708435857,18,18,21.19391195802018,15.932,0.7517253082657555,
random_track235732,test__random_track235732__1_flute,random,flute,tune,pelt-l2,pelt,l2,1,pelt-l2,0.5,3,0.75,1.0,0.9,True,True,1.0,1.0,1.0,0.9142944876403476,18,18,15.57930583297275,15.932,1.0226386317085316,
random_track235732,test__random_track235732__1_flute,random,flute,tune,pelt-rbf,pelt,rbf,1,pelt-rbf,0.5,3,0.75,1.0,0.9,True,True,1.0,1.0,1.0,0.9145098638873935,18,18,129.29082566709258,15.932,0.12322606741659206,
random_track235732,test__random_track235732__1_flute,random,flute,tune,kernelcpd-linear,kernelcpd,l2,1,kernelcpd-linear,0.5,3,0.75,1.0,0.9,True,True,1.0,1.0,1.0,0.9142944876403476,18,18,0.044394249795004725,15.932,358.87530645450124,
random_track235732,test__random_track235732__1_flute,random,flute,tune,kernelcpd-gaussian,kernelcpd,rbf,1,kernelcpd-gaussian,0.5,3,0.75,1.0,0.9,True,True,1.0,1.0,1.0,0.9145098638873935,18,18,0.09950862498953938,15.932,160.1067244339354,
random_track235732,test__random_track235732__1_flute,random,flute,tune,kernelcpd-cosine,kernelcpd,cosine,1,kernelcpd-cosine,0.5,3,0.75,1.0,0.9,True,True,0.7857142857142857,0.6111111111111112,0.6875000000000001,0.9004452499005944,14,18,0.05356979207135737,15.932,297.4064185050011,
random_track235733,test__random_track235733__4_cello,random,cello,tune,pelt-l1,pelt,l1,1,pelt-l1,0.5,3,0.75,1.0,0.9,True,True,0.9655172413793104,1.0,0.9824561403508771,0.8823309444489904,29,28,8.379218375077471,16.36,1.9524494132603079,
random_track235733,test__random_track235733__4_cello,random,cello,tune,pelt-l2,pelt,l2,1,pelt-l2,0.5,3,0.75,1.0,0.9,True,True,0.9310344827586207,0.9642857142857143,0.9473684210526316,0.8794413298707118,29,28,7.235698291100562,16.36,2.2610119081556697,
random_track235733,test__random_track235733__4_cello,random,cello,tune,pelt-rbf,pelt,rbf,1,pelt-rbf,0.5,3,0.75,1.0,0.9,True,True,0.9310344827586207,0.9642857142857143,0.9473684210526316,0.8784434031413483,29,28,8.0783897920046,16.36,2.0251560547613003,
random_track235733,test__random_track235733__4_cello,random,cello,tune,kernelcpd-linear,kernelcpd,l2,1,kernelcpd-linear,0.5,3,0.75,1.0,0.9,True,True,0.9310344827586207,0.9642857142857143,0.9473684210526316,0.8794413298707118,29,28,0.04101245920173824,16.36,398.9031703640588,
random_track235733,test__random_track235733__4_cello,random,cello,tune,kernelcpd-gaussian,kernelcpd,rbf,1,kernelcpd-gaussian,0.5,3,0.75,1.0,0.9,True,True,0.9310344827586207,0.9642857142857143,0.9473684210526316,0.8784434031413483,29,28,0.0659357919357717,16.36,248.120171453106,
random_track235733,test__random_track235733__4_cello,random,cello,tune,kernelcpd-cosine,kernelcpd,cosine,1,kernelcpd-cosine,0.5,3,0.75,1.0,0.9,True,True,0.6521739130434783,0.5357142857142857,0.5882352941176471,0.83592470403898,23,28,0.04937025019899011,16.36,331.3736498004349,
random_track235753,test__random_track235753__3_saxophone,random,saxophone,tune,pelt-l1,pelt,l1,1,pelt-l1,0.5,3,0.75,1.0,0.9,True,True,1.0,1.0,1.0,0.9183767451212705,19,19,32.43613854213618,17.852,0.5503737745110859,
random_track235753,test__random_track235753__3_saxophone,random,saxophone,tune,pelt-l2,pelt,l2,1,pelt-l2,0.5,3,0.75,1.0,0.9,True,True,1.0,1.0,1.0,0.9174180030655767,19,19,23.160433625103906,17.852,0.7707973127346794,
random_track235753,test__random_track235753__3_saxophone,random,saxophone,tune,pelt-rbf,pelt,rbf,1,pelt-rbf,0.5,3,0.75,1.0,0.9,True,True,1.0,1.0,1.0,0.9174180030655767,19,19,336.5783063748386,17.852,0.05303966316866152,
random_track235753,test__random_track235753__3_saxophone,random,saxophone,tune,kernelcpd-linear,kernelcpd,l2,1,kernelcpd-linear,0.5,3,0.75,1.0,0.9,True,True,1.0,1.0,1.0,0.9174180030655767,19,19,0.052671875106170774,17.852,338.9285071779901,
random_track235753,test__random_track235753__3_saxophone,random,saxophone,tune,kernelcpd-gaussian,kernelcpd,rbf,1,kernelcpd-gaussian,0.5,3,0.75,1.0,0.9,True,True,1.0,1.0,1.0,0.9174180030655767,19,19,0.1292865420691669,17.852,138.08088385912103,
random_track235753,test__random_track235753__3_saxophone,random,saxophone,tune,kernelcpd-cosine,kernelcpd,cosine,1,kernelcpd-cosine,0.5,3,0.75,1.0,0.9,True,True,0.875,0.7368421052631579,0.7999999999999999,0.9015073975980392,16,19,0.06452029198408127,17.852,276.68814648892976,
random_track235772,test__random_track235772__4_bassoon,random,bassoon,tune,pelt-l1,pelt,l1,1,pelt-l1,0.5,3,0.75,1.0,0.9,True,True,1.0,1.0,1.0,0.9257402142058324,30,30,1.5117583752144128,15.124,10.004244228417098,
random_track235772,test__random_track235772__4_bassoon,random,bassoon,tune,pelt-l2,pelt,l2,1,pelt-l2,0.5,3,0.75,1.0,0.9,True,True,1.0,1.0,1.0,0.9257402142058324,30,30,1.2367268330417573,15.124,12.229054627044992,
random_track235772,test__random_track235772__4_bassoon,random,bassoon,tune,pelt-rbf,pelt,rbf,1,pelt-rbf,0.5,3,0.75,1.0,0.9,True,True,1.0,1.0,1.0,0.923515299599829,30,30,1.0045893748756498,15.124,15.054907386286144,
random_track235772,test__random_track235772__4_bassoon,random,bassoon,tune,kernelcpd-linear,kernelcpd,l2,1,kernelcpd-linear,0.5,3,0.75,1.0,0.9,True,True,1.0,1.0,1.0,0.9257402142058324,30,30,0.03676866600289941,15.124,411.3284936366033,
random_track235772,test__random_track235772__4_bassoon,random,bassoon,tune,kernelcpd-gaussian,kernelcpd,rbf,1,kernelcpd-gaussian,0.5,3,0.75,1.0,0.9,True,True,1.0,1.0,1.0,0.923515299599829,30,30,0.06158679095096886,15.124,245.57213919524858,
random_track235772,test__random_track235772__4_bassoon,random,bassoon,tune,kernelcpd-cosine,kernelcpd,cosine,1,kernelcpd-cosine,0.5,3,0.75,1.0,0.9,True,True,0.9629629629629629,0.8666666666666667,0.912280701754386,0.8932294230981128,27,30,0.03710549999959767,15.124,407.5945614575734,
random_track235803,test__random_track235803__2_violin,random,violin,tune,pelt-l1,pelt,l1,1,pelt-l1,0.5,3,0.75,1.0,0.9,True,True,0.7727272727272727,0.8947368421052632,0.8292682926829269,0.9253403827765904,22,19,13.174644833197817,19.496,1.4798121882476456,
random_track235803,test__random_track235803__2_violin,random,violin,tune,pelt-l2,pelt,l2,1,pelt-l2,0.5,3,0.75,1.0,0.9,True,True,0.7727272727272727,0.8947368421052632,0.8292682926829269,0.9253403827765904,22,19,9.408536083996296,19.496,2.0721608362816664,
random_track235803,test__random_track235803__2_violin,random,violin,tune,pelt-rbf,pelt,rbf,1,pelt-rbf,0.5,3,0.75,1.0,0.9,True,True,0.7727272727272727,0.8947368421052632,0.8292682926829269,0.9253403827765904,22,19,78.95248283282854,19.496,0.2469333363623308,
random_track235803,test__random_track235803__2_violin,random,violin,tune,kernelcpd-linear,kernelcpd,l2,1,kernelcpd-linear,0.5,3,0.75,1.0,0.9,True,True,0.7727272727272727,0.8947368421052632,0.8292682926829269,0.9253403827765904,22,19,0.056686416966840625,19.496,343.92718826106807,
random_track235803,test__random_track235803__2_violin,random,violin,tune,kernelcpd-gaussian,kernelcpd,rbf,1,kernelcpd-gaussian,0.5,3,0.75,1.0,0.9,True,True,0.7727272727272727,0.8947368421052632,0.8292682926829269,0.9253403827765904,22,19,0.09555020881816745,19.496,204.03932383968925,
random_track235803,test__random_track235803__2_violin,random,violin,tune,kernelcpd-cosine,kernelcpd,cosine,1,kernelcpd-cosine,0.5,3,0.75,1.0,0.9,True,True,0.7619047619047619,0.8421052631578947,0.8,0.9026728245863667,21,19,0.05465404107235372,19.496,356.71653216255737,
random_track235841,test__random_track235841__3_trombone,random,trombone,tune,pelt-l1,pelt,l1,1,pelt-l1,0.5,3,0.75,1.0,0.9,True,True,1.0,1.0,1.0,0.9264464151014158,20,20,10.258991417009383,17.856,1.740521974742546,
random_track235841,test__random_track235841__3_trombone,random,trombone,tune,pelt-l2,pelt,l2,1,pelt-l2,0.5,3,0.75,1.0,0.9,True,True,1.0,1.0,1.0,0.9275389147501942,20,20,8.376082125119865,17.856,2.131784255845566,
random_track235841,test__random_track235841__3_trombone,random,trombone,tune,pelt-rbf,pelt,rbf,1,pelt-rbf,0.5,3,0.75,1.0,0.9,True,True,0.95,0.95,0.9500000000000001,0.928174898700273,20,20,14.023126292042434,17.856,1.27332519355064,
random_track235841,test__random_track235841__3_trombone,random,trombone,tune,kernelcpd-linear,kernelcpd,l2,1,kernelcpd-linear,0.5,3,0.75,1.0,0.9,True,True,1.0,1.0,1.0,0.9275389147501942,20,20,0.05090295779518783,17.856,350.78511688544825,
random_track235841,test__random_track235841__3_trombone,random,trombone,tune,kernelcpd-gaussian,kernelcpd,rbf,1,kernelcpd-gaussian,0.5,3,0.75,1.0,0.9,True,True,0.95,0.95,0.9500000000000001,0.928174898700273,20,20,0.08456345903687179,17.856,211.15503319482636,
random_track235841,test__random_track235841__3_trombone,random,trombone,tune,kernelcpd-cosine,kernelcpd,cosine,1,kernelcpd-cosine,0.5,3,0.75,1.0,0.9,True,True,0.9444444444444444,0.85,0.8947368421052632,0.880586653123915,18,20,0.04864479205571115,17.856,367.06909918640747,
random_track235843,test__random_track235843__1_oboe,random,oboe,tune,pelt-l1,pelt,l1,1,pelt-l1,0.5,3,0.75,1.0,0.9,True,True,1.0,1.0,1.0,0.9625119844392523,24,24,4.75436483300291,31.004,6.521165516113228,
random_track235843,test__random_track235843__1_oboe,random,oboe,tune,pelt-l2,pelt,l2,1,pelt-l2,0.5,3,0.75,1.0,0.9,True,True,1.0,1.0,1.0,0.9627631762601414,24,24,3.95447895815596,31.004,7.840223788789026,
random_track235843,test__random_track235843__1_oboe,random,oboe,tune,pelt-rbf,pelt,rbf,1,pelt-rbf,0.5,3,0.75,1.0,0.9,True,True,1.0,1.0,1.0,0.9615185966452584,24,24,40.878214792115614,31.004,0.7584479938194341,
random_track235843,test__random_track235843__1_oboe,random,oboe,tune,kernelcpd-linear,kernelcpd,l2,1,kernelcpd-linear,0.5,3,0.75,1.0,0.9,True,True,1.0,1.0,1.0,0.9627631762601414,24,24,0.1049823749344796,31.004,295.3257631992976,
random_track235843,test__random_track235843__1_oboe,random,oboe,tune,kernelcpd-gaussian,kernelcpd,rbf,1,kernelcpd-gaussian,0.5,3,0.75,1.0,0.9,True,True,1.0,1.0,1.0,0.9615185966452584,24,24,0.1696586669422686,31.004,182.74339035417526,
random_track235843,test__random_track235843__1_oboe,random,oboe,tune,kernelcpd-cosine,kernelcpd,cosine,1,kernelcpd-cosine,0.5,3,0.75,1.0,0.9,True,True,0.9565217391304348,0.9166666666666666,0.9361702127659574,0.9604764028337288,23,24,0.08099599997512996,31.004,382.7843351464253,
random_track235852,test__random_track235852__1_oboe,random,oboe,tune,pelt-l1,pelt,l1,1,pelt-l1,0.5,3,0.75,1.0,0.9,True,True,1.0,1.0,1.0,0.9536843202489245,28,28,6.28129741596058,24.432,3.88964227962189,
random_track235852,test__random_track235852__1_oboe,random,oboe,tune,pelt-l2,pelt,l2,1,pelt-l2,0.5,3,0.75,1.0,0.9,True,True,1.0,1.0,1.0,0.9536843202489245,28,28,4.798672833945602,24.432,5.091407738233183,
random_track235852,test__random_track235852__1_oboe,random,oboe,tune,pelt-rbf,pelt,rbf,1,pelt-rbf,0.5,3,0.75,1.0,0.9,True,True,1.0,1.0,1.0,0.9536843202489245,28,28,11.567448500078171,24.432,2.112133890186318,
random_track235852,test__random_track235852__1_oboe,random,oboe,tune,kernelcpd-linear,kernelcpd,l2,1,kernelcpd-linear,0.5,3,0.75,1.0,0.9,True,True,1.0,1.0,1.0,0.9536843202489245,28,28,0.06763166701421142,24.432,361.250891462813,
random_track235852,test__random_track235852__1_oboe,random,oboe,tune,kernelcpd-gaussian,kernelcpd,rbf,1,kernelcpd-gaussian,0.5,3,0.75,1.0,0.9,True,True,1.0,1.0,1.0,0.9536843202489245,28,28,0.18674204195849597,24.432,130.83288446331807,
random_track235852,test__random_track235852__1_oboe,random,oboe,tune,kernelcpd-cosine,kernelcpd,cosine,1,kernelcpd-cosine,0.5,3,0.75,1.0,0.9,True,True,0.9629629629629629,0.9285714285714286,0.9454545454545454,0.9516679483635044,27,28,0.0683176249731332,24.432,357.623673387478,
random_track235864,test__random_track235864__2_horn,random,horn,tune,pelt-l1,pelt,l1,1,pelt-l1,0.5,3,0.75,1.0,0.9,True,True,0.9,0.9473684210526315,0.9230769230769231,0.9048487742253936,20,19,5.5050905828829855,19.828,3.601757264748982,
random_track235864,test__random_track235864__2_horn,random,horn,tune,pelt-l2,pelt,l2,1,pelt-l2,0.5,3,0.75,1.0,0.9,True,True,0.9,0.9473684210526315,0.9230769230769231,0.9048487742253936,20,19,4.104397792136297,19.828,4.830915765033518,
random_track235864,test__random_track235864__2_horn,random,horn,tune,pelt-rbf,pelt,rbf,1,pelt-rbf,0.5,3,0.75,1.0,0.9,True,True,0.9,0.9473684210526315,0.9230769230769231,0.9048487742253936,20,19,3.275848333025351,19.828,6.052783274519979,
random_track235864,test__random_track235864__2_horn,random,horn,tune,kernelcpd-linear,kernelcpd,l2,1,kernelcpd-linear,0.5,3,0.75,1.0,0.9,True,True,0.9,0.9473684210526315,0.9230769230769231,0.9048487742253936,20,19,0.04624600009992719,19.828,428.75059371959,
random_track235864,test__random_track235864__2_horn,random,horn,tune,kernelcpd-gaussian,kernelcpd,rbf,1,kernelcpd-gaussian,0.5,3,0.75,1.0,0.9,True,True,0.9,0.9473684210526315,0.9230769230769231,0.9048487742253936,20,19,0.0571055409964174,19.828,347.21674384004064,
random_track235864,test__random_track235864__2_horn,random,horn,tune,kernelcpd-cosine,kernelcpd,cosine,1,kernelcpd-cosine,0.5,3,0.75,1.0,0.9,True,True,0.9,0.9473684210526315,0.9230769230769231,0.9048487742253936,20,19,0.0489957919344306,19.828,404.6878153645345,
random_track235864,test__random_track235864__4_tuba,random,tuba,tune,pelt-l1,pelt,l1,1,pelt-l1,0.5,3,0.75,1.0,0.9,True,True,0.5625,0.5806451612903226,0.5714285714285715,0.8308543731223613,32,31,14.841562083922327,19.828,1.3359779710438577,
random_track235864,test__random_track235864__4_tuba,random,tuba,tune,pelt-l2,pelt,l2,1,pelt-l2,0.5,3,0.75,1.0,0.9,True,True,0.5625,0.5806451612903226,0.5714285714285715,0.8308543731223613,32,31,10.991936750011519,19.828,1.8038677305870798,
random_track235864,test__random_track235864__4_tuba,random,tuba,tune,pelt-rbf,pelt,rbf,1,pelt-rbf,0.5,3,0.75,1.0,0.9,True,True,0.5625,0.5806451612903226,0.5714285714285715,0.8296765229248373,32,31,121.95421987515874,19.828,0.1625855999103384,
random_track235864,test__random_track235864__4_tuba,random,tuba,tune,kernelcpd-linear,kernelcpd,l2,1,kernelcpd-linear,0.5,3,0.75,1.0,0.9,True,True,0.5625,0.5806451612903226,0.5714285714285715,0.8308543731223613,32,31,0.057139124954119325,19.828,347.01266454327356,
random_track235864,test__random_track235864__4_tuba,random,tuba,tune,kernelcpd-gaussian,kernelcpd,rbf,1,kernelcpd-gaussian,0.5,3,0.75,1.0,0.9,True,True,0.5625,0.5806451612903226,0.5714285714285715,0.8296765229248373,32,31,0.09199954196810722,19.828,215.5228121339302,
random_track235864,test__random_track235864__4_tuba,random,tuba,tune,kernelcpd-cosine,kernelcpd,cosine,1,kernelcpd-cosine,0.5,3,0.75,1.0,0.9,True,True,0.5517241379310345,0.5161290322580645,0.5333333333333333,0.8466478683014595,29,31,0.05291754100471735,19.828,374.6961711284435,
random_track235902,test__random_track235902__1_oboe,random,oboe,holdout,pelt-l1,pelt,l1,1,pelt-l1,0.5,3,0.75,1.0,0.9,True,True,0.9,0.9473684210526315,0.9230769230769231,0.9389537001575738,20,19,3.020088375080377,16.888,5.591889343155577,
random_track235902,test__random_track235902__1_oboe,random,oboe,holdout,pelt-l2,pelt,l2,1,pelt-l2,0.5,3,0.75,1.0,0.9,True,True,0.9,0.9473684210526315,0.9230769230769231,0.9389537001575738,20,19,2.309565749950707,16.888,7.312197109071453,
random_track235902,test__random_track235902__1_oboe,random,oboe,holdout,pelt-rbf,pelt,rbf,1,pelt-rbf,0.5,3,0.75,1.0,0.9,True,True,0.9,0.9473684210526315,0.9230769230769231,0.9389537001575738,20,19,19.258677083067596,16.888,0.8769034304463251,
random_track235902,test__random_track235902__1_oboe,random,oboe,holdout,kernelcpd-linear,kernelcpd,l2,1,kernelcpd-linear,0.5,3,0.75,1.0,0.9,True,True,0.9,0.9473684210526315,0.9230769230769231,0.9389537001575738,20,19,0.04291487508453429,16.888,393.52322398081776,
random_track235902,test__random_track235902__1_oboe,random,oboe,holdout,kernelcpd-gaussian,kernelcpd,rbf,1,kernelcpd-gaussian,0.5,3,0.75,1.0,0.9,True,True,0.9,0.9473684210526315,0.9230769230769231,0.9389537001575738,20,19,0.06257750000804663,16.888,269.8733570025717,
random_track235902,test__random_track235902__1_oboe,random,oboe,holdout,kernelcpd-cosine,kernelcpd,cosine,1,kernelcpd-cosine,0.5,3,0.75,1.0,0.9,True,True,0.9,0.9473684210526315,0.9230769230769231,0.9389537001575738,20,19,0.046478915959596634,16.888,363.34754482399,
random_track235924,test__random_track235924__1_violin,random,violin,holdout,pelt-l1,pelt,l1,1,pelt-l1,0.5,3,0.75,1.0,0.9,True,True,0.9615384615384616,1.0,0.9803921568627451,0.9201559079989837,26,25,5.098590333946049,15.664,3.0722217267997016,
random_track235924,test__random_track235924__1_violin,random,violin,holdout,pelt-l2,pelt,l2,1,pelt-l2,0.5,3,0.75,1.0,0.9,True,True,0.9615384615384616,1.0,0.9803921568627451,0.9194032394378334,26,25,3.7288143329788,15.664,4.200799128415348,
random_track235924,test__random_track235924__1_violin,random,violin,holdout,pelt-rbf,pelt,rbf,1,pelt-rbf,0.5,3,0.75,1.0,0.9,True,True,0.9615384615384616,1.0,0.9803921568627451,0.9188673669008728,26,25,13.253065792145208,15.664,1.1819152070673111,
random_track235924,test__random_track235924__1_violin,random,violin,holdout,kernelcpd-linear,kernelcpd,l2,1,kernelcpd-linear,0.5,3,0.75,1.0,0.9,True,True,0.9615384615384616,1.0,0.9803921568627451,0.9194032394378334,26,25,0.050110084004700184,15.664,312.59177291602145,
random_track235924,test__random_track235924__1_violin,random,violin,holdout,kernelcpd-gaussian,kernelcpd,rbf,1,kernelcpd-gaussian,0.5,3,0.75,1.0,0.9,True,True,0.9615384615384616,1.0,0.9803921568627451,0.9188673669008728,26,25,0.09018283314071596,15.664,173.69159356037108,
random_track235924,test__random_track235924__1_violin,random,violin,holdout,kernelcpd-cosine,kernelcpd,cosine,1,kernelcpd-cosine,0.5,3,0.75,1.0,0.9,True,True,0.8260869565217391,0.76,0.7916666666666667,0.9112223046006538,23,25,0.040864665992558,15.664,383.3140347422054,
random_track235932,test__random_track235932__3_horn,random,horn,holdout,pelt-l1,pelt,l1,1,pelt-l1,0.5,3,0.75,1.0,0.9,True,True,0.9655172413793104,0.9655172413793104,0.9655172413793104,0.8790075344115672,29,29,4.475714915897697,15.144,3.383593522949519,
random_track235932,test__random_track235932__3_horn,random,horn,holdout,pelt-l2,pelt,l2,1,pelt-l2,0.5,3,0.75,1.0,0.9,True,True,0.9655172413793104,0.9655172413793104,0.9655172413793104,0.8790075344115672,29,29,3.9526690419297665,15.144,3.8313351913233844,
random_track235932,test__random_track235932__3_horn,random,horn,holdout,pelt-rbf,pelt,rbf,1,pelt-rbf,0.5,3,0.75,1.0,0.9,True,True,0.9655172413793104,0.9655172413793104,0.9655172413793104,0.8790075344115672,29,29,5.151131541933864,15.144,2.9399365705800946,
random_track235932,test__random_track235932__3_horn,random,horn,holdout,kernelcpd-linear,kernelcpd,l2,1,kernelcpd-linear,0.5,3,0.75,1.0,0.9,True,True,0.9655172413793104,0.9655172413793104,0.9655172413793104,0.8790075344115672,29,29,0.039130042074248195,15.144,387.0172173918104,
random_track235932,test__random_track235932__3_horn,random,horn,holdout,kernelcpd-gaussian,kernelcpd,rbf,1,kernelcpd-gaussian,0.5,3,0.75,1.0,0.9,True,True,0.9655172413793104,0.9655172413793104,0.9655172413793104,0.8790075344115672,29,29,0.0539539169985801,15.144,280.6839770391192,
random_track235932,test__random_track235932__3_horn,random,horn,holdout,kernelcpd-cosine,kernelcpd,cosine,1,kernelcpd-cosine,0.5,3,0.75,1.0,0.9,True,True,0.9642857142857143,0.9310344827586207,0.9473684210526316,0.8767375298133381,28,29,0.03699900000356138,15.144,409.3083596459985,
random_track235942,test__random_track235942__2_viola,random,viola,tune,pelt-l1,pelt,l1,1,pelt-l1,0.5,3,0.75,1.0,0.9,True,True,1.0,1.0,1.0,0.8571438574886434,20,20,9.949927457841113,14.268,1.4339803039223165,
random_track235942,test__random_track235942__2_viola,random,viola,tune,pelt-l2,pelt,l2,1,pelt-l2,0.5,3,0.75,1.0,0.9,True,True,1.0,1.0,1.0,0.8587925083628452,20,20,7.810373082989827,14.268,1.8268013382195798,
random_track235942,test__random_track235942__2_viola,random,viola,tune,pelt-rbf,pelt,rbf,1,pelt-rbf,0.5,3,0.75,1.0,0.9,True,True,1.0,1.0,1.0,0.8631525994653655,20,20,2.2794381252024323,14.268,6.259437289499968,
random_track235942,test__random_track235942__2_viola,random,viola,tune,kernelcpd-linear,kernelcpd,l2,1,kernelcpd-linear,0.5,3,0.75,1.0,0.9,True,True,1.0,1.0,1.0,0.8587925083628452,20,20,0.047132625011727214,14.268,302.7202494333794,
random_track235942,test__random_track235942__2_viola,random,viola,tune,kernelcpd-gaussian,kernelcpd,rbf,1,kernelcpd-gaussian,0.5,3,0.75,1.0,0.9,True,True,1.0,1.0,1.0,0.8631525994653655,20,20,0.06168420799076557,14.268,231.3071767434542,
random_track235942,test__random_track235942__2_viola,random,viola,tune,kernelcpd-cosine,kernelcpd,cosine,1,kernelcpd-cosine,0.5,3,0.75,1.0,0.9,True,True,0.8235294117647058,0.7,0.7567567567567567,0.8520550582694114,17,20,0.047531167045235634,14.268,300.18198346405165,
random_track235983,test__random_track235983__1_trumpet,random,trumpet,tune,pelt-l1,pelt,l1,1,pelt-l1,0.5,3,0.75,1.0,0.9,True,True,1.0,1.0,1.0,0.9393908404702488,24,24,10.469278333010152,24.152,2.3069402906069993,
random_track235983,test__random_track235983__1_trumpet,random,trumpet,tune,pelt-l2,pelt,l2,1,pelt-l2,0.5,3,0.75,1.0,0.9,True,True,1.0,1.0,1.0,0.9403748117260631,24,24,7.8685528330970556,24.152,3.0694335429014075,
random_track235983,test__random_track235983__1_trumpet,random,trumpet,tune,pelt-rbf,pelt,rbf,1,pelt-rbf,0.5,3,0.75,1.0,0.9,True,True,1.0,1.0,1.0,0.9383564968825792,24,24,12.738765957998112,24.152,1.8959450294976194,
random_track235983,test__random_track235983__1_trumpet,random,trumpet,tune,kernelcpd-linear,kernelcpd,l2,1,kernelcpd-linear,0.5,3,0.75,1.0,0.9,True,True,1.0,1.0,1.0,0.9403748117260631,24,24,0.07758833281695843,24.152,311.28391503111555,
random_track235983,test__random_track235983__1_trumpet,random,trumpet,tune,kernelcpd-gaussian,kernelcpd,rbf,1,kernelcpd-gaussian,0.5,3,0.75,1.0,0.9,True,True,1.0,1.0,1.0,0.9383564968825792,24,24,0.13060949998907745,24.152,184.91763617516165,
random_track235983,test__random_track235983__1_trumpet,random,trumpet,tune,kernelcpd-cosine,kernelcpd,cosine,1,kernelcpd-cosine,0.5,3,0.75,1.0,0.9,True,True,0.9090909090909091,0.8333333333333334,0.8695652173913043,0.9385643727796225,22,24,0.07676137494854629,24.152,314.637407370429,
random_track235984,test__random_track235984__1_violin,random,violin,holdout,pelt-l1,pelt,l1,1,pelt-l1,0.5,3,0.75,1.0,0.9,True,True,1.0,1.0,1.0,0.9360048074284262,19,19,45.86361458385363,25.644,0.5591360435212626,
random_track235984,test__random_track235984__1_violin,random,violin,holdout,pelt-l2,pelt,l2,1,pelt-l2,0.5,3,0.75,1.0,0.9,True,True,1.0,1.0,1.0,0.9352257104984424,19,19,47.05556691600941,25.644,0.5449727137656758,
random_track235984,test__random_track235984__1_violin,random,violin,holdout,pelt-rbf,pelt,rbf,1,pelt-rbf,0.5,3,0.75,1.0,0.9,True,True,1.0,1.0,1.0,0.9352257104984424,19,19,562.3545575840399,25.644,0.04560112415585373,
random_track235984,test__random_track235984__1_violin,random,violin,holdout,kernelcpd-linear,kernelcpd,l2,1,kernelcpd-linear,0.5,3,0.75,1.0,0.9,True,True,1.0,1.0,1.0,0.9352257104984424,19,19,0.09261316619813442,25.644,276.8936756263988,
random_track235984,test__random_track235984__1_violin,random,violin,holdout,kernelcpd-gaussian,kernelcpd,rbf,1,kernelcpd-gaussian,0.5,3,0.75,1.0,0.9,True,True,1.0,1.0,1.0,0.9352257104984424,19,19,0.23143429192714393,25.644,110.80466851503921,
random_track235984,test__random_track235984__1_violin,random,violin,holdout,kernelcpd-cosine,kernelcpd,cosine,1,kernelcpd-cosine,0.5,3,0.75,1.0,0.9,True,True,0.9444444444444444,0.8947368421052632,0.918918918918919,0.9348123951763578,18,19,0.12413537502288818,25.644,206.58092018710812,
random_track235991,test__random_track235991__3_trombone,random,trombone,tune,pelt-l1,pelt,l1,1,pelt-l1,0.5,3,0.75,1.0,0.9,True,True,1.0,1.0,1.0,0.9091703612975794,22,22,27.268996125087142,22.348,0.8195387867410386,
random_track235991,test__random_track235991__3_trombone,random,trombone,tune,pelt-l2,pelt,l2,1,pelt-l2,0.5,3,0.75,1.0,0.9,True,True,1.0,1.0,1.0,0.9106208641517598,22,22,19.482023917138577,22.348,1.1471087447100499,
random_track235991,test__random_track235991__3_trombone,random,trombone,tune,pelt-rbf,pelt,rbf,1,pelt-rbf,0.5,3,0.75,1.0,0.9,True,True,1.0,1.0,1.0,0.9106208641517598,22,22,55.87004179204814,22.348,0.3999997007910014,
random_track235991,test__random_track235991__3_trombone,random,trombone,tune,kernelcpd-linear,kernelcpd,l2,1,kernelcpd-linear,0.5,3,0.75,1.0,0.9,True,True,1.0,1.0,1.0,0.9106208641517598,22,22,0.07570466701872647,22.348,295.1997661448263,
random_track235991,test__random_track235991__3_trombone,random,trombone,tune,kernelcpd-gaussian,kernelcpd,rbf,1,kernelcpd-gaussian,0.5,3,0.75,1.0,0.9,True,True,1.0,1.0,1.0,0.9106208641517598,22,22,0.14894154202193022,22.348,150.04544532451175,
random_track235991,test__random_track235991__3_trombone,random,trombone,tune,kernelcpd-cosine,kernelcpd,cosine,1,kernelcpd-cosine,0.5,3,0.75,1.0,0.9,True,True,0.95,0.8636363636363636,0.9047619047619048,0.8970059921026131,20,22,0.07339520798996091,22.348,304.48854376237733,
random_track235993,test__random_track235993__1_flute,random,flute,tune,pelt-l1,pelt,l1,1,pelt-l1,0.5,3,0.75,1.0,0.9,True,True,0.9565217391304348,1.0,0.9777777777777777,0.9268051909869207,23,22,17.744271708885208,21.024,1.1848330742970146,
random_track235993,test__random_track235993__1_flute,random,flute,tune,pelt-l2,pelt,l2,1,pelt-l2,0.5,3,0.75,1.0,0.9,True,True,0.9565217391304348,1.0,0.9777777777777777,0.9211432164727761,23,22,13.18475616700016,21.024,1.5945687378444293,
random_track235993,test__random_track235993__1_flute,random,flute,tune,pelt-rbf,pelt,rbf,1,pelt-rbf,0.5,3,0.75,1.0,0.9,True,True,0.9565217391304348,1.0,0.9777777777777777,0.9154211347664191,23,22,62.37565133301541,21.024,0.3370545966366848,
random_track235993,test__random_track235993__1_flute,random,flute,tune,kernelcpd-linear,kernelcpd,l2,1,kernelcpd-linear,0.5,3,0.75,1.0,0.9,True,True,0.9565217391304348,1.0,0.9777777777777777,0.9211432164727761,23,22,0.06418079207651317,21.024,327.57464219101917,
random_track235993,test__random_track235993__1_flute,random,flute,tune,kernelcpd-gaussian,kernelcpd,rbf,1,kernelcpd-gaussian,0.5,3,0.75,1.0,0.9,True,True,0.9565217391304348,1.0,0.9777777777777777,0.9154211347664191,23,22,0.12078629084862769,21.024,174.05948847578892,
random_track235993,test__random_track235993__1_flute,random,flute,tune,kernelcpd-cosine,kernelcpd,cosine,1,kernelcpd-cosine,0.5,3,0.75,1.0,0.9,True,True,0.9473684210526315,0.8181818181818182,0.8780487804878049,0.8547051863142959,19,22,0.06999295786954463,21.024,300.37307523401546,
string_track216009,test__string_track216009__1_violin,string,violin,tune,pelt-l1,pelt,l1,1,pelt-l1,0.5,3,0.75,1.0,0.9,True,True,1.0,1.0,1.0,0.9372502428674051,22,22,12.97074120794423,20.804,1.6039175916375628,
string_track216009,test__string_track216009__1_violin,string,violin,tune,pelt-l2,pelt,l2,1,pelt-l2,0.5,3,0.75,1.0,0.9,True,True,1.0,1.0,1.0,0.9372502428674051,22,22,9.654496541013941,20.804,2.1548508419492487,
string_track216009,test__string_track216009__1_violin,string,violin,tune,pelt-rbf,pelt,rbf,1,pelt-rbf,0.5,3,0.75,1.0,0.9,True,True,1.0,1.0,1.0,0.9372502428674051,22,22,38.41068479209207,20.804,0.5416201276443552,
string_track216009,test__string_track216009__1_violin,string,violin,tune,kernelcpd-linear,kernelcpd,l2,1,kernelcpd-linear,0.5,3,0.75,1.0,0.9,True,True,1.0,1.0,1.0,0.9372502428674051,22,22,0.052792000118643045,20.804,394.07485894161533,
string_track216009,test__string_track216009__1_violin,string,violin,tune,kernelcpd-gaussian,kernelcpd,rbf,1,kernelcpd-gaussian,0.5,3,0.75,1.0,0.9,True,True,1.0,1.0,1.0,0.9372502428674051,22,22,0.10596329090185463,20.804,196.33214316898753,
string_track216009,test__string_track216009__1_violin,string,violin,tune,kernelcpd-cosine,kernelcpd,cosine,1,kernelcpd-cosine,0.5,3,0.75,1.0,0.9,True,True,0.9523809523809523,0.9090909090909091,0.9302325581395349,0.935796908358386,21,22,0.06826791702769697,20.804,304.7405121729378,
string_track216032,test__string_track216032__1_violin,string,violin,tune,pelt-l1,pelt,l1,1,pelt-l1,0.5,3,0.75,1.0,0.9,True,True,0.8571428571428571,0.8181818181818182,0.8372093023255814,0.9540604773515747,21,22,31.078180874930695,33.56,1.0798572842811167,
string_track216032,test__string_track216032__1_violin,string,violin,tune,pelt-l2,pelt,l2,1,pelt-l2,0.5,3,0.75,1.0,0.9,True,True,0.8571428571428571,0.8181818181818182,0.8372093023255814,0.9540604773515747,21,22,22.548812167020515,33.56,1.4883267354137728,
string_track216032,test__string_track216032__1_violin,string,violin,tune,pelt-rbf,pelt,rbf,1,pelt-rbf,0.5,3,0.75,1.0,0.9,True,True,0.8571428571428571,0.8181818181818182,0.8372093023255814,0.9540604773515747,21,22,298.622865667101,33.56,0.11238255290675578,
string_track216032,test__string_track216032__1_violin,string,violin,tune,kernelcpd-linear,kernelcpd,l2,1,kernelcpd-linear,0.5,3,0.75,1.0,0.9,True,True,0.8571428571428571,0.8181818181818182,0.8372093023255814,0.9540604773515747,21,22,0.10921520902775228,33.56,307.28320990048366,
string_track216032,test__string_track216032__1_violin,string,violin,tune,kernelcpd-gaussian,kernelcpd,rbf,1,kernelcpd-gaussian,0.5,3,0.75,1.0,0.9,True,True,0.8571428571428571,0.8181818181818182,0.8372093023255814,0.9540604773515747,21,22,0.21689037489704788,33.56,154.73254641166093,
string_track216032,test__string_track216032__1_violin,string,violin,tune,kernelcpd-cosine,kernelcpd,cosine,1,kernelcpd-cosine,0.5,3,0.75,1.0,0.9,True,True,0.9,0.8181818181818182,0.8571428571428572,0.9536254108516707,20,22,0.1173912500962615,33.56,285.8816135996559,
string_track216051,test__string_track216051__1_violin,string,violin,holdout,pelt-l1,pelt,l1,1,pelt-l1,0.5,3,0.75,1.0,0.9,True,True,1.0,1.0,1.0,0.9660924974190408,18,18,42.187951625091955,30.548,0.7240929891896218,
string_track216051,test__string_track216051__1_violin,string,violin,holdout,pelt-l2,pelt,l2,1,pelt-l2,0.5,3,0.75,1.0,0.9,True,True,1.0,1.0,1.0,0.9660924974190408,18,18,30.548243207857013,30.548,0.9999920385648575,
string_track216051,test__string_track216051__1_violin,string,violin,holdout,pelt-rbf,pelt,rbf,1,pelt-rbf,0.5,3,0.75,1.0,0.9,True,True,1.0,1.0,1.0,0.9650547773745765,18,18,535.9263716668356,30.548,0.05700036724259296,
string_track216051,test__string_track216051__1_violin,string,violin,holdout,kernelcpd-linear,kernelcpd,l2,1,kernelcpd-linear,0.5,3,0.75,1.0,0.9,True,True,1.0,1.0,1.0,0.9660924974190408,18,18,0.09494629083201289,30.548,321.73979343804103,
string_track216051,test__string_track216051__1_violin,string,violin,holdout,kernelcpd-gaussian,kernelcpd,rbf,1,kernelcpd-gaussian,0.5,3,0.75,1.0,0.9,True,True,1.0,1.0,1.0,0.9650547773745765,18,18,0.22459291690029204,30.548,136.01497510075873,
string_track216051,test__string_track216051__1_violin,string,violin,holdout,kernelcpd-cosine,kernelcpd,cosine,1,kernelcpd-cosine,0.5,3,0.75,1.0,0.9,True,True,0.8,0.6666666666666666,0.7272727272727272,0.964911693989007,15,18,0.11556654213927686,30.548,264.33256057090114,
string_track216175,test__string_track216175__4_cello,string,cello,tune,pelt-l1,pelt,l1,1,pelt-l1,0.5,3,0.75,1.0,0.9,True,True,0.8181818181818182,0.8571428571428571,0.8372093023255814,0.9333271118260219,22,21,45.48950683302246,29.252,0.6430493983453108,
string_track216175,test__string_track216175__4_cello,string,cello,tune,pelt-l2,pelt,l2,1,pelt-l2,0.5,3,0.75,1.0,0.9,True,True,0.8181818181818182,0.8571428571428571,0.8372093023255814,0.9336713346886898,22,21,43.40726958401501,29.252,0.673896337648757,
string_track216175,test__string_track216175__4_cello,string,cello,tune,pelt-rbf,pelt,rbf,1,pelt-rbf,0.5,3,0.75,1.0,0.9,True,True,0.8181818181818182,0.8571428571428571,0.8372093023255814,0.939533889572921,22,21,63.23132341704331,29.252,0.4626188164221697,
string_track216175,test__string_track216175__4_cello,string,cello,tune,kernelcpd-linear,kernelcpd,l2,1,kernelcpd-linear,0.5,3,0.75,1.0,0.9,True,True,0.8181818181818182,0.8571428571428571,0.8372093023255814,0.9336713346886898,22,21,0.10660154209472239,29.252,274.4050360360425,
string_track216175,test__string_track216175__4_cello,string,cello,tune,kernelcpd-gaussian,kernelcpd,rbf,1,kernelcpd-gaussian,0.5,3,0.75,1.0,0.9,True,True,0.8181818181818182,0.8571428571428571,0.8372093023255814,0.939533889572921,22,21,0.21748858410865068,29.252,134.49901345344446,
string_track216175,test__string_track216175__4_cello,string,cello,tune,kernelcpd-cosine,kernelcpd,cosine,1,kernelcpd-cosine,0.5,3,0.75,1.0,0.9,True,True,0.8333333333333334,0.7142857142857143,0.7692307692307692,0.930628500390637,18,21,0.11545762489549816,29.252,253.3570219071826,
string_track216217,test__string_track216217__4_cello,string,cello,tune,pelt-l1,pelt,l1,1,pelt-l1,0.5,3,0.75,1.0,0.9,True,True,0.88,0.8148148148148148,0.8461538461538461,0.8535716618614686,25,27,5.535587583901361,16.368,2.9568676769926907,
string_track216217,test__string_track216217__4_cello,string,cello,tune,pelt-l2,pelt,l2,1,pelt-l2,0.5,3,0.75,1.0,0.9,True,True,0.88,0.8148148148148148,0.8461538461538461,0.8545968728365665,25,27,4.400533042149618,16.368,3.719549391681056,
string_track216217,test__string_track216217__4_cello,string,cello,tune,pelt-rbf,pelt,rbf,1,pelt-rbf,0.5,3,0.75,1.0,0.9,True,True,0.88,0.8148148148148148,0.8461538461538461,0.8487442518693876,25,27,11.85790704190731,16.368,1.3803447726612683,
string_track216217,test__string_track216217__4_cello,string,cello,tune,kernelcpd-linear,kernelcpd,l2,1,kernelcpd-linear,0.5,3,0.75,1.0,0.9,True,True,0.88,0.8148148148148148,0.8461538461538461,0.8545968728365665,25,27,0.03816833300516009,16.368,428.8371723697537,
string_track216217,test__string_track216217__4_cello,string,cello,tune,kernelcpd-gaussian,kernelcpd,rbf,1,kernelcpd-gaussian,0.5,3,0.75,1.0,0.9,True,True,0.88,0.8148148148148148,0.8461538461538461,0.8487442518693876,25,27,0.06377849983982742,16.368,256.6382094452896,
string_track216217,test__string_track216217__4_cello,string,cello,tune,kernelcpd-cosine,kernelcpd,cosine,1,kernelcpd-cosine,0.5,3,0.75,1.0,0.9,True,True,0.65,0.48148148148148145,0.553191489361702,0.8254384727406552,20,27,0.04344050004146993,16.368,376.7912428350155,
string_track216401,test__string_track216401__4_cello,string,cello,tune,pelt-l1,pelt,l1,1,pelt-l1,0.5,3,0.75,1.0,0.9,True,True,0.8928571428571429,0.8928571428571429,0.8928571428571429,0.880638800823428,28,28,8.180565707851201,15.46,1.8898448532920467,
string_track216401,test__string_track216401__4_cello,string,cello,tune,pelt-l2,pelt,l2,1,pelt-l2,0.5,3,0.75,1.0,0.9,True,True,0.8620689655172413,0.8928571428571429,0.8771929824561403,0.8811911634225039,29,28,7.606527583906427,15.46,2.032464857250978,
string_track216401,test__string_track216401__4_cello,string,cello,tune,pelt-rbf,pelt,rbf,1,pelt-rbf,0.5,3,0.75,1.0,0.9,True,True,0.8620689655172413,0.8928571428571429,0.8771929824561403,0.8714196025777585,29,28,20.157283625099808,15.46,0.7669684213179022,
string_track216401,test__string_track216401__4_cello,string,cello,tune,kernelcpd-linear,kernelcpd,l2,1,kernelcpd-linear,0.5,3,0.75,1.0,0.9,True,True,0.8620689655172413,0.8928571428571429,0.8771929824561403,0.8811911634225039,29,28,0.04300716705620289,15.46,359.4749679697914,
string_track216401,test__string_track216401__4_cello,string,cello,tune,kernelcpd-gaussian,kernelcpd,rbf,1,kernelcpd-gaussian,0.5,3,0.75,1.0,0.9,True,True,0.8620689655172413,0.8928571428571429,0.8771929824561403,0.8714196025777585,29,28,0.07148366700857878,15.46,216.27318025171598,
string_track216401,test__string_track216401__4_cello,string,cello,tune,kernelcpd-cosine,kernelcpd,cosine,1,kernelcpd-cosine,0.5,3,0.75,1.0,0.9,True,True,0.7391304347826086,0.6071428571428571,0.6666666666666666,0.8637065824365253,23,28,0.04755537514574826,15.46,325.094691244008,
string_track216424,test__string_track216424__4_cello,string,cello,tune,pelt-l1,pelt,l1,1,pelt-l1,0.5,3,0.75,1.0,0.9,True,True,1.0,1.0,1.0,0.9432592958417676,30,30,24.375452416948974,33.012,1.3543133245414465,
string_track216424,test__string_track216424__4_cello,string,cello,tune,pelt-l2,pelt,l2,1,pelt-l2,0.5,3,0.75,1.0,0.9,True,True,1.0,1.0,1.0,0.9428492465581365,30,30,21.13391629094258,33.012,1.562038930481997,
string_track216424,test__string_track216424__4_cello,string,cello,tune,pelt-rbf,pelt,rbf,1,pelt-rbf,0.5,3,0.75,1.0,0.9,True,True,1.0,1.0,1.0,0.9437351395300786,30,30,236.9085475411266,33.012,0.13934490900658286,
string_track216424,test__string_track216424__4_cello,string,cello,tune,kernelcpd-linear,kernelcpd,l2,1,kernelcpd-linear,0.5,3,0.75,1.0,0.9,True,True,1.0,1.0,1.0,0.9428492465581365,30,30,0.10277612507343292,33.012,321.20300289987705,
string_track216424,test__string_track216424__4_cello,string,cello,tune,kernelcpd-gaussian,kernelcpd,rbf,1,kernelcpd-gaussian,0.5,3,0.75,1.0,0.9,True,True,1.0,1.0,1.0,0.9437351395300786,30,30,0.21116637508384883,33.012,156.3317075784048,
string_track216424,test__string_track216424__4_cello,string,cello,tune,kernelcpd-cosine,kernelcpd,cosine,1,kernelcpd-cosine,0.5,3,0.75,1.0,0.9,True,True,0.92,0.7666666666666667,0.8363636363636363,0.8897629950143866,25,30,0.11567233386449516,33.012,285.39235698894123,
string_track216483,test__string_track216483__3_viola,string,viola,holdout,pelt-l1,pelt,l1,1,pelt-l1,0.5,3,0.75,1.0,0.9,True,True,0.9705882352941176,0.9705882352941176,0.9705882352941176,0.8915159704928124,34,34,12.73396574985236,21.44,1.6836860111900789,
string_track216483,test__string_track216483__3_viola,string,viola,holdout,pelt-l2,pelt,l2,1,pelt-l2,0.5,3,0.75,1.0,0.9,True,True,0.9705882352941176,0.9705882352941176,0.9705882352941176,0.8915159704928124,34,34,13.140537541126832,21.44,1.6315923098958303,
string_track216483,test__string_track216483__3_viola,string,viola,holdout,pelt-rbf,pelt,rbf,1,pelt-rbf,0.5,3,0.75,1.0,0.9,True,True,0.9705882352941176,0.9705882352941176,0.9705882352941176,0.8915159704928124,34,34,2.004820875125006,21.44,10.694222244998901,
string_track216483,test__string_track216483__3_viola,string,viola,holdout,kernelcpd-linear,kernelcpd,l2,1,kernelcpd-linear,0.5,3,0.75,1.0,0.9,True,True,0.9705882352941176,0.9705882352941176,0.9705882352941176,0.8915159704928124,34,34,0.05580062512308359,21.44,384.2250862370842,
string_track216483,test__string_track216483__3_viola,string,viola,holdout,kernelcpd-gaussian,kernelcpd,rbf,1,kernelcpd-gaussian,0.5,3,0.75,1.0,0.9,True,True,0.9705882352941176,0.9705882352941176,0.9705882352941176,0.8915159704928124,34,34,0.11077937507070601,21.44,193.53783126430992,
string_track216483,test__string_track216483__3_viola,string,viola,holdout,kernelcpd-cosine,kernelcpd,cosine,1,kernelcpd-cosine,0.5,3,0.75,1.0,0.9,True,True,0.9393939393939394,0.9117647058823529,0.9253731343283583,0.8931897413546743,33,34,0.08463462488725781,21.44,253.32421604704135,
string_track216521,test__string_track216521__1_violin,string,violin,tune,pelt-l1,pelt,l1,1,pelt-l1,0.5,3,0.75,1.0,0.9,True,True,1.0,1.0,1.0,0.912861775516039,18,18,8.414385250071064,13.88,1.6495560385570387,
string_track216521,test__string_track216521__1_violin,string,violin,tune,pelt-l2,pelt,l2,1,pelt-l2,0.5,3,0.75,1.0,0.9,True,True,1.0,1.0,1.0,0.912861775516039,18,18,6.60692537506111,13.88,2.100825907977146,
string_track216521,test__string_track216521__1_violin,string,violin,tune,pelt-rbf,pelt,rbf,1,pelt-rbf,0.5,3,0.75,1.0,0.9,True,True,1.0,1.0,1.0,0.9074373144900368,18,18,8.29367229086347,13.88,1.6735650400957582,
string_track216521,test__string_track216521__1_violin,string,violin,tune,kernelcpd-linear,kernelcpd,l2,1,kernelcpd-linear,0.5,3,0.75,1.0,0.9,True,True,1.0,1.0,1.0,0.912861775516039,18,18,0.050510082859545946,13.88,274.79661909477164,
string_track216521,test__string_track216521__1_violin,string,violin,tune,kernelcpd-gaussian,kernelcpd,rbf,1,kernelcpd-gaussian,0.5,3,0.75,1.0,0.9,True,True,1.0,1.0,1.0,0.9074373144900368,18,18,0.06794683309271932,13.88,204.27736464272797,
string_track216521,test__string_track216521__1_violin,string,violin,tune,kernelcpd-cosine,kernelcpd,cosine,1,kernelcpd-cosine,0.5,3,0.75,1.0,0.9,True,True,0.9411764705882353,0.8888888888888888,0.9142857142857143,0.9011522253562301,17,18,0.050319124944508076,13.88,275.83945498469745,
string_track216538,test__string_track216538__1_violin,string,violin,holdout,pelt-l1,pelt,l1,1,pelt-l1,0.5,3,0.75,1.0,0.9,True,True,1.0,1.0,1.0,0.9437455241335444,17,17,20.65559362480417,18.624,0.9016443844845717,
string_track216538,test__string_track216538__1_violin,string,violin,holdout,pelt-l2,pelt,l2,1,pelt-l2,0.5,3,0.75,1.0,0.9,True,True,1.0,1.0,1.0,0.9443517089620873,17,17,15.398420083103701,18.624,1.2094747317898962,
string_track216538,test__string_track216538__1_violin,string,violin,holdout,pelt-rbf,pelt,rbf,1,pelt-rbf,0.5,3,0.75,1.0,0.9,True,True,0.9411764705882353,0.9411764705882353,0.9411764705882353,0.9267891924363993,17,17,70.34806204191409,18.624,0.2647407683939272,
string_track216538,test__string_track216538__1_violin,string,violin,holdout,kernelcpd-linear,kernelcpd,l2,1,kernelcpd-linear,0.5,3,0.75,1.0,0.9,True,True,1.0,1.0,1.0,0.9443517089620873,17,17,0.07232791697606444,18.624,257.49393565645283,
string_track216538,test__string_track216538__1_violin,string,violin,holdout,kernelcpd-gaussian,kernelcpd,rbf,1,kernelcpd-gaussian,0.5,3,0.75,1.0,0.9,True,True,0.9411764705882353,0.9411764705882353,0.9411764705882353,0.9267891924363993,17,17,0.10656458302401006,18.624,174.76725823441572,
string_track216538,test__string_track216538__1_violin,string,violin,holdout,kernelcpd-cosine,kernelcpd,cosine,1,kernelcpd-cosine,0.5,3,0.75,1.0,0.9,True,True,0.7692307692307693,0.5882352941176471,0.6666666666666667,0.944361458171637,13,17,0.06485258298926055,18.624,287.1743751992745,
string_track216539,test__string_track216539__1_violin,string,violin,tune,pelt-l1,pelt,l1,1,pelt-l1,0.5,3,0.75,1.0,0.9,True,True,1.0,1.0,1.0,0.9559723891892543,25,25,18.961513041052967,31.964,1.6857304546739367,
string_track216539,test__string_track216539__1_violin,string,violin,tune,pelt-l2,pelt,l2,1,pelt-l2,0.5,3,0.75,1.0,0.9,True,True,1.0,1.0,1.0,0.9564383170023406,25,25,15.180256166029721,31.964,2.1056298161508518,
string_track216539,test__string_track216539__1_violin,string,violin,tune,pelt-rbf,pelt,rbf,1,pelt-rbf,0.5,3,0.75,1.0,0.9,True,True,1.0,1.0,1.0,0.9564383170023406,25,25,105.18277249997482,31.964,0.3038900690700813,
string_track216539,test__string_track216539__1_violin,string,violin,tune,kernelcpd-linear,kernelcpd,l2,1,kernelcpd-linear,0.5,3,0.75,1.0,0.9,True,True,1.0,1.0,1.0,0.9564383170023406,25,25,0.10345529182814062,31.964,308.96437905852537,
string_track216539,test__string_track216539__1_violin,string,violin,tune,kernelcpd-gaussian,kernelcpd,rbf,1,kernelcpd-gaussian,0.5,3,0.75,1.0,0.9,True,True,1.0,1.0,1.0,0.9564383170023406,25,25,0.1917935418896377,31.964,166.65837486015457,
string_track216539,test__string_track216539__1_violin,string,violin,tune,kernelcpd-cosine,kernelcpd,cosine,1,kernelcpd-cosine,0.5,3,0.75,1.0,0.9,True,True,0.9130434782608695,0.84,0.8749999999999999,0.9549045231432716,23,25,0.1113539170473814,31.964,287.04872578841776,
string_track216594,test__string_track216594__4_cello,string,cello,tune,pelt-l1,pelt,l1,1,pelt-l1,0.5,3,0.75,1.0,0.9,True,True,0.967741935483871,1.0,0.9836065573770492,0.9301522323708914,31,30,9.849388208938763,29.692,3.014603482991276,
string_track216594,test__string_track216594__4_cello,string,cello,tune,pelt-l2,pelt,l2,1,pelt-l2,0.5,3,0.75,1.0,0.9,True,True,0.967741935483871,1.0,0.9836065573770492,0.9322603838590744,31,30,7.679174833931029,29.692,3.866561270203616,
string_track216594,test__string_track216594__4_cello,string,cello,tune,pelt-rbf,pelt,rbf,1,pelt-rbf,0.5,3,0.75,1.0,0.9,True,True,0.967741935483871,1.0,0.9836065573770492,0.9301603686471785,31,30,41.08051245799288,29.692,0.7227757937625956,
string_track216594,test__string_track216594__4_cello,string,cello,tune,kernelcpd-linear,kernelcpd,l2,1,kernelcpd-linear,0.5,3,0.75,1.0,0.9,True,True,0.967741935483871,1.0,0.9836065573770492,0.9322603838590744,31,30,0.07682383386418223,29.692,386.49463983394577,
string_track216594,test__string_track216594__4_cello,string,cello,tune,kernelcpd-gaussian,kernelcpd,rbf,1,kernelcpd-gaussian,0.5,3,0.75,1.0,0.9,True,True,0.967741935483871,1.0,0.9836065573770492,0.9301603686471785,31,30,0.1824198339600116,29.692,162.76738858620388,
string_track216594,test__string_track216594__4_cello,string,cello,tune,kernelcpd-cosine,kernelcpd,cosine,1,kernelcpd-cosine,0.5,3,0.75,1.0,0.9,True,True,0.8095238095238095,0.5666666666666667,0.6666666666666666,0.8301594302648924,21,30,0.09064616705290973,29.692,327.5593548557759,
string_track216876,test__string_track216876__2_violin,string,violin,tune,pelt-l1,pelt,l1,1,pelt-l1,0.5,3,0.75,1.0,0.9,True,True,0.9444444444444444,1.0,0.9714285714285714,0.9077970733442764,18,17,24.21815133304335,18.304,0.7557967471706207,
string_track216876,test__string_track216876__2_violin,string,violin,tune,pelt-l2,pelt,l2,1,pelt-l2,0.5,3,0.75,1.0,0.9,True,True,0.9444444444444444,1.0,0.9714285714285714,0.9077970733442764,18,17,17.404379749903455,18.304,1.0516893025217708,
string_track216876,test__string_track216876__2_violin,string,violin,tune,pelt-rbf,pelt,rbf,1,pelt-rbf,0.5,3,0.75,1.0,0.9,True,True,0.9444444444444444,1.0,0.9714285714285714,0.9077970733442764,18,17,63.91271362500265,18.304,0.2863905936993336,
string_track216876,test__string_track216876__2_violin,string,violin,tune,kernelcpd-linear,kernelcpd,l2,1,kernelcpd-linear,0.5,3,0.75,1.0,0.9,True,True,0.9444444444444444,1.0,0.9714285714285714,0.9077970733442764,18,17,0.061052249977365136,18.304,299.80877046769166,
string_track216876,test__string_track216876__2_violin,string,violin,tune,kernelcpd-gaussian,kernelcpd,rbf,1,kernelcpd-gaussian,0.5,3,0.75,1.0,0.9,True,True,0.9444444444444444,1.0,0.9714285714285714,0.9077970733442764,18,17,0.1261024591512978,18.304,145.15180848328143,
string_track216876,test__string_track216876__2_violin,string,violin,tune,kernelcpd-cosine,kernelcpd,cosine,1,kernelcpd-cosine,0.5,3,0.75,1.0,0.9,True,True,0.9444444444444444,1.0,0.9714285714285714,0.9077970733442764,18,17,0.05968091683462262,18.304,306.697701221998,
string_track216904,test__string_track216904__4_cello,string,cello,tune,pelt-l1,pelt,l1,1,pelt-l1,0.5,3,0.75,1.0,0.9,True,True,0.8260869565217391,0.8260869565217391,0.8260869565217391,0.9618378456792859,23,23,51.873359291115776,35.304,0.6805805616303402,
string_track216904,test__string_track216904__4_cello,string,cello,tune,pelt-l2,pelt,l2,1,pelt-l2,0.5,3,0.75,1.0,0.9,True,True,0.8260869565217391,0.8260869565217391,0.8260869565217391,0.9631434252162753,23,23,56.899991790996864,35.304,0.6204570315172886,
string_track216904,test__string_track216904__4_cello,string,cello,tune,pelt-rbf,pelt,rbf,1,pelt-rbf,0.5,3,0.75,1.0,0.9,True,True,0.8260869565217391,0.8260869565217391,0.8260869565217391,0.9611725593044194,23,23,1055.9218966250774,35.304,0.03343429103311348,
string_track216904,test__string_track216904__4_cello,string,cello,tune,kernelcpd-linear,kernelcpd,l2,1,kernelcpd-linear,0.5,3,0.75,1.0,0.9,True,True,0.8260869565217391,0.8260869565217391,0.8260869565217391,0.9631434252162753,23,23,0.14986712508834898,35.304,235.5686744453645,
string_track216904,test__string_track216904__4_cello,string,cello,tune,kernelcpd-gaussian,kernelcpd,rbf,1,kernelcpd-gaussian,0.5,3,0.75,1.0,0.9,True,True,0.8260869565217391,0.8260869565217391,0.8260869565217391,0.9611725593044194,23,23,0.4074154158588499,35.304,86.65356936869361,
string_track216904,test__string_track216904__4_cello,string,cello,tune,kernelcpd-cosine,kernelcpd,cosine,1,kernelcpd-cosine,0.5,3,0.75,1.0,0.9,True,True,0.5333333333333333,0.34782608695652173,0.4210526315789474,0.8958305675368599,15,23,0.17608462506905198,35.304,200.49450646900863,
string_track216988,test__string_track216988__4_cello,string,cello,tune,pelt-l1,pelt,l1,1,pelt-l1,0.5,3,0.75,1.0,0.9,True,True,1.0,1.0,1.0,0.8648318591156694,37,37,4.353542041033506,20.212,4.642656441466633,
string_track216988,test__string_track216988__4_cello,string,cello,tune,pelt-l2,pelt,l2,1,pelt-l2,0.5,3,0.75,1.0,0.9,True,True,1.0,1.0,1.0,0.865967475782502,37,37,3.1352032078430057,20.212,6.446791056298291,
string_track216988,test__string_track216988__4_cello,string,cello,tune,pelt-rbf,pelt,rbf,1,pelt-rbf,0.5,3,0.75,1.0,0.9,True,True,1.0,1.0,1.0,0.8655878508364488,37,37,10.850478458218277,20.212,1.8627749990776858,
string_track216988,test__string_track216988__4_cello,string,cello,tune,kernelcpd-linear,kernelcpd,l2,1,kernelcpd-linear,0.5,3,0.75,1.0,0.9,True,True,1.0,1.0,1.0,0.865967475782502,37,37,0.051740625174716115,20.212,390.64081525394704,
string_track216988,test__string_track216988__4_cello,string,cello,tune,kernelcpd-gaussian,kernelcpd,rbf,1,kernelcpd-gaussian,0.5,3,0.75,1.0,0.9,True,True,1.0,1.0,1.0,0.8655878508364488,37,37,0.08286879095248878,20.212,243.90364294790012,
string_track216988,test__string_track216988__4_cello,string,cello,tune,kernelcpd-cosine,kernelcpd,cosine,1,kernelcpd-cosine,0.5,3,0.75,1.0,0.9,True,True,0.9117647058823529,0.8378378378378378,0.8732394366197184,0.8577282964700923,34,37,0.04858212498947978,20.212,416.0377917675855,
string_track217023,test__string_track217023__3_viola,string,viola,tune,pelt-l1,pelt,l1,1,pelt-l1,0.5,3,0.75,1.0,0.9,True,True,0.9629629629629629,0.9629629629629629,0.9629629629629629,0.9477764736064505,27,27,32.20773350005038,31.484,0.9775292011761944,
string_track217023,test__string_track217023__3_viola,string,viola,tune,pelt-l2,pelt,l2,1,pelt-l2,0.5,3,0.75,1.0,0.9,True,True,0.9629629629629629,0.9629629629629629,0.9629629629629629,0.9479398610398343,27,27,24.770656250184402,31.484,1.2710200198981658,
string_track217023,test__string_track217023__3_viola,string,viola,tune,pelt-rbf,pelt,rbf,1,pelt-rbf,0.5,3,0.75,1.0,0.9,True,True,0.9629629629629629,0.9629629629629629,0.9629629629629629,0.945561449140561,27,27,34.53526237490587,31.484,0.9116479167935037,
string_track217023,test__string_track217023__3_viola,string,viola,tune,kernelcpd-linear,kernelcpd,l2,1,kernelcpd-linear,0.5,3,0.75,1.0,0.9,True,True,0.9629629629629629,0.9629629629629629,0.9629629629629629,0.9479398610398343,27,27,0.10785849997773767,31.484,291.9009628958163,
string_track217023,test__string_track217023__3_viola,string,viola,tune,kernelcpd-gaussian,kernelcpd,rbf,1,kernelcpd-gaussian,0.5,3,0.75,1.0,0.9,True,True,0.9629629629629629,0.9629629629629629,0.9629629629629629,0.945561449140561,27,27,0.1705642908345908,31.484,184.58728873403192,
string_track217023,test__string_track217023__3_viola,string,viola,tune,kernelcpd-cosine,kernelcpd,cosine,1,kernelcpd-cosine,0.5,3,0.75,1.0,0.9,True,True,0.8636363636363636,0.7037037037037037,0.7755102040816326,0.9187874007328283,22,27,0.11130112502723932,31.484,282.87225301895876,
string_track217116,test__string_track217116__3_viola,string,viola,tune,pelt-l1,pelt,l1,1,pelt-l1,0.5,3,0.75,1.0,0.9,True,True,0.967741935483871,0.9375,0.9523809523809523,0.8904092656127995,31,32,5.178724499884993,16.124,3.1135079690680736,
string_track217116,test__string_track217116__3_viola,string,viola,tune,pelt-l2,pelt,l2,1,pelt-l2,0.5,3,0.75,1.0,0.9,True,True,0.967741935483871,0.9375,0.9523809523809523,0.8910266452075604,31,32,4.103241084143519,16.124,3.929576563831273,
string_track217116,test__string_track217116__3_viola,string,viola,tune,pelt-rbf,pelt,rbf,1,pelt-rbf,0.5,3,0.75,1.0,0.9,True,True,0.9354838709677419,0.90625,0.9206349206349206,0.8946014733511846,31,32,0.5458256248384714,16.124,29.540569856484193,
string_track217116,test__string_track217116__3_viola,string,viola,tune,kernelcpd-linear,kernelcpd,l2,1,kernelcpd-linear,0.5,3,0.75,1.0,0.9,True,True,0.967741935483871,0.9375,0.9523809523809523,0.8910266452075604,31,32,0.04549479088746011,16.124,354.4142018343536,
string_track217116,test__string_track217116__3_viola,string,viola,tune,kernelcpd-gaussian,kernelcpd,rbf,1,kernelcpd-gaussian,0.5,3,0.75,1.0,0.9,True,True,0.9354838709677419,0.90625,0.9206349206349206,0.8946014733511846,31,32,0.06067841616459191,16.124,265.7287552836448,
string_track217116,test__string_track217116__3_viola,string,viola,tune,kernelcpd-cosine,kernelcpd,cosine,1,kernelcpd-cosine,0.5,3,0.75,1.0,0.9,True,True,0.8888888888888888,0.75,0.8135593220338982,0.8500715462948553,27,32,0.037924750009551644,16.124,425.1577135232017,
string_track217146,test__string_track217146__3_viola,string,viola,tune,pelt-l1,pelt,l1,1,pelt-l1,0.5,3,0.75,1.0,0.9,True,True,1.0,1.0,1.0,0.9052252887650809,20,20,12.435424707829952,15.444,1.2419358697315503,
string_track217146,test__string_track217146__3_viola,string,viola,tune,pelt-l2,pelt,l2,1,pelt-l2,0.5,3,0.75,1.0,0.9,True,True,1.0,1.0,1.0,0.905720762033417,20,20,11.463530417066067,15.444,1.3472289458933262,
string_track217146,test__string_track217146__3_viola,string,viola,tune,pelt-rbf,pelt,rbf,1,pelt-rbf,0.5,3,0.75,1.0,0.9,True,True,0.95,0.95,0.9500000000000001,0.9120064767878329,20,20,6.363213582895696,15.444,2.4270755332672533,
string_track217146,test__string_track217146__3_viola,string,viola,tune,kernelcpd-linear,kernelcpd,l2,1,kernelcpd-linear,0.5,3,0.75,1.0,0.9,True,True,1.0,1.0,1.0,0.905720762033417,20,20,0.04233533306978643,15.444,364.801665184535,
string_track217146,test__string_track217146__3_viola,string,viola,tune,kernelcpd-gaussian,kernelcpd,rbf,1,kernelcpd-gaussian,0.5,3,0.75,1.0,0.9,True,True,0.95,0.95,0.9500000000000001,0.9120064767878329,20,20,0.08004291704855859,15.444,192.94649132578203,
string_track217146,test__string_track217146__3_viola,string,viola,tune,kernelcpd-cosine,kernelcpd,cosine,1,kernelcpd-cosine,0.5,3,0.75,1.0,0.9,True,True,0.8823529411764706,0.75,0.8108108108108107,0.8415078005403626,17,20,0.053433791967108846,15.444,289.0305821736655,
string_track217385,test__string_track217385__2_violin,string,violin,tune,pelt-l1,pelt,l1,1,pelt-l1,0.5,3,0.75,1.0,0.9,True,True,1.0,1.0,1.0,0.9596676798764561,21,21,15.627169042127207,22.608,1.4467111694417651,
string_track217385,test__string_track217385__2_violin,string,violin,tune,pelt-l2,pelt,l2,1,pelt-l2,0.5,3,0.75,1.0,0.9,True,True,1.0,1.0,1.0,0.9562568812505357,21,21,11.643478957936168,22.608,1.94168771049227,
string_track217385,test__string_track217385__2_violin,string,violin,tune,pelt-rbf,pelt,rbf,1,pelt-rbf,0.5,3,0.75,1.0,0.9,True,True,1.0,1.0,1.0,0.9578701921315718,21,21,55.030245958128944,22.608,0.4108286199048034,
string_track217385,test__string_track217385__2_violin,string,violin,tune,kernelcpd-linear,kernelcpd,l2,1,kernelcpd-linear,0.5,3,0.75,1.0,0.9,True,True,1.0,1.0,1.0,0.9562568812505357,21,21,0.06035733409225941,22.608,374.5692274188662,
string_track217385,test__string_track217385__2_violin,string,violin,tune,kernelcpd-gaussian,kernelcpd,rbf,1,kernelcpd-gaussian,0.5,3,0.75,1.0,0.9,True,True,1.0,1.0,1.0,0.9578701921315718,21,21,0.14364879205822945,22.608,157.3838504039465,
string_track217385,test__string_track217385__2_violin,string,violin,tune,kernelcpd-cosine,kernelcpd,cosine,1,kernelcpd-cosine,0.5,3,0.75,1.0,0.9,True,True,0.8666666666666667,0.6190476190476191,0.7222222222222222,0.8611136747378476,15,21,0.07240187493152916,22.608,312.25710689647894,
string_track217613,test__string_track217613__1_violin,string,violin,tune,pelt-l1,pelt,l1,1,pelt-l1,0.5,3,0.75,1.0,0.9,True,True,0.8888888888888888,0.8421052631578947,0.8648648648648649,0.8864787461734267,18,19,10.527103249914944,19.476,1.8500815977232254,
string_track217613,test__string_track217613__1_violin,string,violin,tune,pelt-l2,pelt,l2,1,pelt-l2,0.5,3,0.75,1.0,0.9,True,True,0.8888888888888888,0.8421052631578947,0.8648648648648649,0.8864787461734267,18,19,7.8554733749479055,19.476,2.4792904348847284,
string_track217613,test__string_track217613__1_violin,string,violin,tune,pelt-rbf,pelt,rbf,1,pelt-rbf,0.5,3,0.75,1.0,0.9,True,True,0.8888888888888888,0.8421052631578947,0.8648648648648649,0.8864787461734267,18,19,45.64057791698724,19.476,0.42672553435724814,
string_track217613,test__string_track217613__1_violin,string,violin,tune,kernelcpd-linear,kernelcpd,l2,1,kernelcpd-linear,0.5,3,0.75,1.0,0.9,True,True,0.8888888888888888,0.8421052631578947,0.8648648648648649,0.8864787461734267,18,19,0.05655587511137128,19.476,344.3674058910301,
string_track217613,test__string_track217613__1_violin,string,violin,tune,kernelcpd-gaussian,kernelcpd,rbf,1,kernelcpd-gaussian,0.5,3,0.75,1.0,0.9,True,True,0.8888888888888888,0.8421052631578947,0.8648648648648649,0.8864787461734267,18,19,0.08244866598397493,19.476,236.2197103805832,
string_track217613,test__string_track217613__1_violin,string,violin,tune,kernelcpd-cosine,kernelcpd,cosine,1,kernelcpd-cosine,0.5,3,0.75,1.0,0.9,True,True,0.8235294117647058,0.7368421052631579,0.7777777777777778,0.8830622733832548,17,19,0.04752037487924099,19.476,409.8452516313793,
string_track217632,test__string_track217632__3_viola,string,viola,tune,pelt-l1,pelt,l1,1,pelt-l1,0.5,3,0.75,1.0,0.9,True,True,0.8636363636363636,0.9047619047619048,0.8837209302325582,0.910677556707179,22,21,28.374625166179612,23.332,0.8222839901268534,
string_track217632,test__string_track217632__3_viola,string,viola,tune,pelt-l2,pelt,l2,1,pelt-l2,0.5,3,0.75,1.0,0.9,True,True,0.8636363636363636,0.9047619047619048,0.8837209302325582,0.910677556707179,22,21,22.236218959093094,23.332,1.0492791082388047,
string_track217632,test__string_track217632__3_viola,string,viola,tune,pelt-rbf,pelt,rbf,1,pelt-rbf,0.5,3,0.75,1.0,0.9,True,True,0.8181818181818182,0.8571428571428571,0.8372093023255814,0.9051759648241562,22,21,108.06185675016604,23.332,0.21591337315203174,
string_track217632,test__string_track217632__3_viola,string,viola,tune,kernelcpd-linear,kernelcpd,l2,1,kernelcpd-linear,0.5,3,0.75,1.0,0.9,True,True,0.8636363636363636,0.9047619047619048,0.8837209302325582,0.910677556707179,22,21,0.07342066592536867,23.332,317.78518630867137,
string_track217632,test__string_track217632__3_viola,string,viola,tune,kernelcpd-gaussian,kernelcpd,rbf,1,kernelcpd-gaussian,0.5,3,0.75,1.0,0.9,True,True,0.8181818181818182,0.8571428571428571,0.8372093023255814,0.9051759648241562,22,21,0.15729529201053083,23.332,148.33247519218781,
string_track217632,test__string_track217632__3_viola,string,viola,tune,kernelcpd-cosine,kernelcpd,cosine,1,kernelcpd-cosine,0.5,3,0.75,1.0,0.9,True,True,0.85,0.8095238095238095,0.8292682926829269,0.8885436722020851,20,21,0.08711250009946525,23.332,267.83756605951464,
string_track217653,test__string_track217653__3_viola,string,viola,tune,pelt-l1,pelt,l1,1,pelt-l1,0.5,3,0.75,1.0,0.9,True,True,0.9565217391304348,0.8148148148148148,0.8800000000000001,0.8989933454103316,23,27,7.458484250120819,28.448,3.8141798046351276,
string_track217653,test__string_track217653__3_viola,string,viola,tune,pelt-l2,pelt,l2,1,pelt-l2,0.5,3,0.75,1.0,0.9,True,True,0.9565217391304348,0.8148148148148148,0.8800000000000001,0.8996606318765558,23,27,6.1967825829051435,28.448,4.590769422583672,
string_track217653,test__string_track217653__3_viola,string,viola,tune,pelt-rbf,pelt,rbf,1,pelt-rbf,0.5,3,0.75,1.0,0.9,True,True,0.9565217391304348,0.8148148148148148,0.8800000000000001,0.8996606318765558,23,27,54.20885566715151,28.448,0.5247851047562031,
string_track217653,test__string_track217653__3_viola,string,viola,tune,kernelcpd-linear,kernelcpd,l2,1,kernelcpd-linear,0.5,3,0.75,1.0,0.9,True,True,0.9565217391304348,0.8148148148148148,0.8800000000000001,0.8996606318765558,23,27,0.08838108298368752,28.448,321.8788346964547,
string_track217653,test__string_track217653__3_viola,string,viola,tune,kernelcpd-gaussian,kernelcpd,rbf,1,kernelcpd-gaussian,0.5,3,0.75,1.0,0.9,True,True,0.9565217391304348,0.8148148148148148,0.8800000000000001,0.8996606318765558,23,27,0.14375183382071555,28.448,197.89660586507568,
string_track217653,test__string_track217653__3_viola,string,viola,tune,kernelcpd-cosine,kernelcpd,cosine,1,kernelcpd-cosine,0.5,3,0.75,1.0,0.9,True,True,0.8888888888888888,0.5925925925925926,0.711111111111111,0.8779349279407699,18,27,0.07953233295120299,28.448,357.69100370102626,
string_track217729,test__string_track217729__3_viola,string,viola,tune,pelt-l1,pelt,l1,1,pelt-l1,0.5,3,0.75,1.0,0.9,True,True,0.9473684210526315,1.0,0.972972972972973,0.9251551115239184,19,18,36.083596125012264,21.896,0.6068131325974528,
string_track217729,test__string_track217729__3_viola,string,viola,tune,pelt-l2,pelt,l2,1,pelt-l2,0.5,3,0.75,1.0,0.9,True,True,0.9473684210526315,1.0,0.972972972972973,0.925646573175364,19,18,29.546991707989946,21.896,0.7410568296223198,
string_track217729,test__string_track217729__3_viola,string,viola,tune,pelt-rbf,pelt,rbf,1,pelt-rbf,0.5,3,0.75,1.0,0.9,True,True,0.9473684210526315,1.0,0.972972972972973,0.9201106214219971,19,18,326.88932858384214,21.896,0.06698291466062346,
string_track217729,test__string_track217729__3_viola,string,viola,tune,kernelcpd-linear,kernelcpd,l2,1,kernelcpd-linear,0.5,3,0.75,1.0,0.9,True,True,0.9473684210526315,1.0,0.972972972972973,0.925646573175364,19,18,0.08081545797176659,21.896,270.93826539533455,
string_track217729,test__string_track217729__3_viola,string,viola,tune,kernelcpd-gaussian,kernelcpd,rbf,1,kernelcpd-gaussian,0.5,3,0.75,1.0,0.9,True,True,0.9473684210526315,1.0,0.972972972972973,0.9201106214219971,19,18,0.1847591670230031,21.896,118.5110344066115,
string_track217729,test__string_track217729__3_viola,string,viola,tune,kernelcpd-cosine,kernelcpd,cosine,1,kernelcpd-cosine,0.5,3,0.75,1.0,0.9,True,True,0.8125,0.7222222222222222,0.7647058823529411,0.8974732375048189,16,18,0.0877920410130173,21.896,249.40757439223208,
string_track217783,test__string_track217783__4_cello,string,cello,holdout,pelt-l1,pelt,l1,1,pelt-l1,0.5,3,0.75,1.0,0.9,True,True,0.90625,0.9354838709677419,0.9206349206349206,0.9047176944327628,32,31,8.98236058303155,21.016,2.3396967652023486,
string_track217783,test__string_track217783__4_cello,string,cello,holdout,pelt-l2,pelt,l2,1,pelt-l2,0.5,3,0.75,1.0,0.9,True,True,0.90625,0.9354838709677419,0.9206349206349206,0.906427080518049,32,31,6.810473707970232,21.016,3.0858352738966124,
string_track217783,test__string_track217783__4_cello,string,cello,holdout,pelt-rbf,pelt,rbf,1,pelt-rbf,0.5,3,0.75,1.0,0.9,True,True,0.875,0.9032258064516129,0.8888888888888888,0.9029787744596137,32,31,21.54344433406368,21.016,0.9755171770175252,
string_track217783,test__string_track217783__4_cello,string,cello,holdout,kernelcpd-linear,kernelcpd,l2,1,kernelcpd-linear,0.5,3,0.75,1.0,0.9,True,True,0.90625,0.9354838709677419,0.9206349206349206,0.906427080518049,32,31,0.04972074995748699,21.016,422.68067191201715,
string_track217783,test__string_track217783__4_cello,string,cello,holdout,kernelcpd-gaussian,kernelcpd,rbf,1,kernelcpd-gaussian,0.5,3,0.75,1.0,0.9,True,True,0.875,0.9032258064516129,0.8888888888888888,0.9029787744596137,32,31,0.09237508405931294,21.016,227.50723546303757,
string_track217783,test__string_track217783__4_cello,string,cello,holdout,kernelcpd-cosine,kernelcpd,cosine,1,kernelcpd-cosine,0.5,3,0.75,1.0,0.9,True,True,0.7307692307692307,0.6129032258064516,0.6666666666666667,0.8807572317803767,26,31,0.05390720791183412,21.016,389.85510127647336,
string_track217806,test__string_track217806__3_viola,string,viola,tune,pelt-l1,pelt,l1,1,pelt-l1,0.5,3,0.75,1.0,0.9,True,True,1.0,1.0,1.0,0.9422848323647496,14,14,14.361975542036816,14.464,1.0071037899810207,
string_track217806,test__string_track217806__3_viola,string,viola,tune,pelt-l2,pelt,l2,1,pelt-l2,0.5,3,0.75,1.0,0.9,True,True,1.0,1.0,1.0,0.943516784375212,14,14,11.773491499945521,14.464,1.2285225669944153,
string_track217806,test__string_track217806__3_viola,string,viola,tune,pelt-rbf,pelt,rbf,1,pelt-rbf,0.5,3,0.75,1.0,0.9,True,True,1.0,1.0,1.0,0.9485426351712741,14,14,43.13547470816411,14.464,0.3353156560315412,
string_track217806,test__string_track217806__3_viola,string,viola,tune,kernelcpd-linear,kernelcpd,l2,1,kernelcpd-linear,0.5,3,0.75,1.0,0.9,True,True,1.0,1.0,1.0,0.943516784375212,14,14,0.038267833879217505,14.464,377.9675652834667,
string_track217806,test__string_track217806__3_viola,string,viola,tune,kernelcpd-gaussian,kernelcpd,rbf,1,kernelcpd-gaussian,0.5,3,0.75,1.0,0.9,True,True,1.0,1.0,1.0,0.9485426351712741,14,14,0.09883400006219745,14.464,146.346398920388,
string_track217806,test__string_track217806__3_viola,string,viola,tune,kernelcpd-cosine,kernelcpd,cosine,1,kernelcpd-cosine,0.5,3,0.75,1.0,0.9,True,True,0.8181818181818182,0.6428571428571429,0.7200000000000001,0.9260870932666072,11,14,0.055117875104770064,14.464,262.41940518400435,
string_track217837,test__string_track217837__4_cello,string,cello,tune,pelt-l1,pelt,l1,1,pelt-l1,0.5,3,0.75,1.0,0.9,True,True,0.90625,0.90625,0.90625,0.955594247032906,32,32,8.350134292151779,30.548,3.6583842763716756,
string_track217837,test__string_track217837__4_cello,string,cello,tune,pelt-l2,pelt,l2,1,pelt-l2,0.5,3,0.75,1.0,0.9,True,True,0.96875,0.96875,0.96875,0.9454250650191017,32,32,7.098257042001933,30.548,4.303591687260806,
string_track217837,test__string_track217837__4_cello,string,cello,tune,pelt-rbf,pelt,rbf,1,pelt-rbf,0.5,3,0.75,1.0,0.9,True,True,0.96875,0.96875,0.96875,0.9497296380289751,32,32,26.508477333933115,30.548,1.1523860693762273,
string_track217837,test__string_track217837__4_cello,string,cello,tune,kernelcpd-linear,kernelcpd,l2,1,kernelcpd-linear,0.5,3,0.75,1.0,0.9,True,True,0.96875,0.96875,0.96875,0.9454250650191017,32,32,0.09329208312556148,30.548,327.44471960054267,
string_track217837,test__string_track217837__4_cello,string,cello,tune,kernelcpd-gaussian,kernelcpd,rbf,1,kernelcpd-gaussian,0.5,3,0.75,1.0,0.9,True,True,0.96875,0.96875,0.96875,0.9497296380289751,32,32,0.17088770889677107,30.548,178.76066217526076,
string_track217837,test__string_track217837__4_cello,string,cello,tune,kernelcpd-cosine,kernelcpd,cosine,1,kernelcpd-cosine,0.5,3,0.75,1.0,0.9,True,True,0.782608695652174,0.5625,0.6545454545454547,0.8981976868037643,23,32,0.08827254199422896,30.548,346.06457806547763,
string_track217938,test__string_track217938__3_viola,string,viola,tune,pelt-l1,pelt,l1,1,pelt-l1,0.5,3,0.75,1.0,0.9,True,True,1.0,1.0,1.0,0.922396298185718,17,17,11.576022833120078,14.432,1.2467148871466205,
string_track217938,test__string_track217938__3_viola,string,viola,tune,pelt-l2,pelt,l2,1,pelt-l2,0.5,3,0.75,1.0,0.9,True,True,1.0,1.0,1.0,0.9246314295572413,17,17,8.830810708925128,14.432,1.6342780380756956,
string_track217938,test__string_track217938__3_viola,string,viola,tune,pelt-rbf,pelt,rbf,1,pelt-rbf,0.5,3,0.75,1.0,0.9,True,True,1.0,1.0,1.0,0.9215582650071501,17,17,16.171188625041395,14.432,0.8924514044472756,
string_track217938,test__string_track217938__3_viola,string,viola,tune,kernelcpd-linear,kernelcpd,l2,1,kernelcpd-linear,0.5,3,0.75,1.0,0.9,True,True,1.0,1.0,1.0,0.9246314295572413,17,17,0.04289091704413295,14.432,336.4814975895731,
string_track217938,test__string_track217938__3_viola,string,viola,tune,kernelcpd-gaussian,kernelcpd,rbf,1,kernelcpd-gaussian,0.5,3,0.75,1.0,0.9,True,True,1.0,1.0,1.0,0.9215582650071501,17,17,0.07603920809924603,14.432,189.7968214130192,
string_track217938,test__string_track217938__3_viola,string,viola,tune,kernelcpd-cosine,kernelcpd,cosine,1,kernelcpd-cosine,0.5,3,0.75,1.0,0.9,True,True,0.7857142857142857,0.6470588235294118,0.7096774193548386,0.8989776969371824,14,17,0.04614162491634488,14.432,312.7761544194711,
string_track217948,test__string_track217948__4_cello,string,cello,holdout,pelt-l1,pelt,l1,1,pelt-l1,0.5,3,0.75,1.0,0.9,True,True,0.96,0.9230769230769231,0.9411764705882353,0.9501794906511817,25,26,20.787180207902566,35.912,1.727603245886496,
string_track217948,test__string_track217948__4_cello,string,cello,holdout,pelt-l2,pelt,l2,1,pelt-l2,0.5,3,0.75,1.0,0.9,True,True,0.96,0.9230769230769231,0.9411764705882353,0.951899260281511,25,26,15.796314541017637,35.912,2.2734416883602053,
string_track217948,test__string_track217948__4_cello,string,cello,holdout,pelt-rbf,pelt,rbf,1,pelt-rbf,0.5,3,0.75,1.0,0.9,True,True,0.96,0.9230769230769231,0.9411764705882353,0.954720322539603,25,26,149.05370066687465,35.912,0.2409333001416784,
string_track217948,test__string_track217948__4_cello,string,cello,holdout,kernelcpd-linear,kernelcpd,l2,1,kernelcpd-linear,0.5,3,0.75,1.0,0.9,True,True,0.96,0.9230769230769231,0.9411764705882353,0.951899260281511,25,26,0.09244408295489848,35.912,388.4726729078021,
string_track217948,test__string_track217948__4_cello,string,cello,holdout,kernelcpd-gaussian,kernelcpd,rbf,1,kernelcpd-gaussian,0.5,3,0.75,1.0,0.9,True,True,0.96,0.9230769230769231,0.9411764705882353,0.954720322539603,25,26,0.2188510422129184,35.912,164.09334694902438,
string_track217948,test__string_track217948__4_cello,string,cello,holdout,kernelcpd-cosine,kernelcpd,cosine,1,kernelcpd-cosine,0.5,3,0.75,1.0,0.9,True,True,0.7368421052631579,0.5384615384615384,0.6222222222222222,0.9342490202899395,19,26,0.1083151251077652,35.912,331.551110376047,
string_track217988,test__string_track217988__3_viola,string,viola,holdout,pelt-l1,pelt,l1,1,pelt-l1,0.5,3,0.75,1.0,0.9,True,True,1.0,1.0,1.0,0.8849108599317997,25,25,4.206326042069122,14.544,3.4576492298836876,
string_track217988,test__string_track217988__3_viola,string,viola,holdout,pelt-l2,pelt,l2,1,pelt-l2,0.5,3,0.75,1.0,0.9,True,True,1.0,1.0,1.0,0.8849108599317997,25,25,3.0292931250296533,14.544,4.801120063235093,
string_track217988,test__string_track217988__3_viola,string,viola,holdout,pelt-rbf,pelt,rbf,1,pelt-rbf,0.5,3,0.75,1.0,0.9,True,True,1.0,1.0,1.0,0.8849108599317997,25,25,8.151937583927065,14.544,1.7841157209883423,
string_track217988,test__string_track217988__3_viola,string,viola,holdout,kernelcpd-linear,kernelcpd,l2,1,kernelcpd-linear,0.5,3,0.75,1.0,0.9,True,True,1.0,1.0,1.0,0.8849108599317997,25,25,0.038476083893328905,14.544,378.0010471003698,
string_track217988,test__string_track217988__3_viola,string,viola,holdout,kernelcpd-gaussian,kernelcpd,rbf,1,kernelcpd-gaussian,0.5,3,0.75,1.0,0.9,True,True,1.0,1.0,1.0,0.8849108599317997,25,25,0.052880374947562814,14.544,275.03587133075564,
string_track217988,test__string_track217988__3_viola,string,viola,holdout,kernelcpd-cosine,kernelcpd,cosine,1,kernelcpd-cosine,0.5,3,0.75,1.0,0.9,True,True,1.0,1.0,1.0,0.8849108599317997,25,25,0.036785083124414086,14.544,395.37765759042736,
string_track217993,test__string_track217993__2_violin,string,violin,tune,pelt-l1,pelt,l1,1,pelt-l1,0.5,3,0.75,1.0,0.9,True,True,0.95,0.95,0.9500000000000001,0.9360695280215079,20,20,27.815425416920334,23.588,0.8480186675718158,
string_track217993,test__string_track217993__2_violin,string,violin,tune,pelt-l2,pelt,l2,1,pelt-l2,0.5,3,0.75,1.0,0.9,True,True,0.95,0.95,0.9500000000000001,0.9360695280215079,20,20,24.047580083832145,23.588,0.9808887180236013,
string_track217993,test__string_track217993__2_violin,string,violin,tune,pelt-rbf,pelt,rbf,1,pelt-rbf,0.5,3,0.75,1.0,0.9,True,True,0.95,0.95,0.9500000000000001,0.9315736056816021,20,20,29.91674662497826,23.588,0.7884547172086478,
string_track217993,test__string_track217993__2_violin,string,violin,tune,kernelcpd-linear,kernelcpd,l2,1,kernelcpd-linear,0.5,3,0.75,1.0,0.9,True,True,0.95,0.95,0.9500000000000001,0.9360695280215079,20,20,0.07250816700980067,23.588,325.31507791131577,
string_track217993,test__string_track217993__2_violin,string,violin,tune,kernelcpd-gaussian,kernelcpd,rbf,1,kernelcpd-gaussian,0.5,3,0.75,1.0,0.9,True,True,0.95,0.95,0.9500000000000001,0.9315736056816021,20,20,0.1402845410630107,23.588,168.14397239539838,
string_track217993,test__string_track217993__2_violin,string,violin,tune,kernelcpd-cosine,kernelcpd,cosine,1,kernelcpd-cosine,0.5,3,0.75,1.0,0.9,True,True,0.8947368421052632,0.85,0.8717948717948718,0.9331345840236154,19,20,0.08524995902553201,23.588,276.6922151004846,
woodwind_track228028,test__woodwind_track228028__3_clarinet,woodwind,clarinet,tune,pelt-l1,pelt,l1,1,pelt-l1,0.5,3,0.75,1.0,0.9,True,True,1.0,1.0,1.0,0.9511474683910658,24,24,17.574683542130515,24.448,1.3910919045223535,
woodwind_track228028,test__woodwind_track228028__3_clarinet,woodwind,clarinet,tune,pelt-l2,pelt,l2,1,pelt-l2,0.5,3,0.75,1.0,0.9,True,True,1.0,1.0,1.0,0.951961174129755,24,24,13.420204083900899,24.448,1.8217308654291056,
woodwind_track228028,test__woodwind_track228028__3_clarinet,woodwind,clarinet,tune,pelt-rbf,pelt,rbf,1,pelt-rbf,0.5,3,0.75,1.0,0.9,True,True,1.0,1.0,1.0,0.9438300310857466,24,24,123.18971054116264,24.448,0.19845813333436593,
woodwind_track228028,test__woodwind_track228028__3_clarinet,woodwind,clarinet,tune,kernelcpd-linear,kernelcpd,l2,1,kernelcpd-linear,0.5,3,0.75,1.0,0.9,True,True,1.0,1.0,1.0,0.951961174129755,24,24,0.07150229206308722,24.448,341.91910908854885,
woodwind_track228028,test__woodwind_track228028__3_clarinet,woodwind,clarinet,tune,kernelcpd-gaussian,kernelcpd,rbf,1,kernelcpd-gaussian,0.5,3,0.75,1.0,0.9,True,True,1.0,1.0,1.0,0.9438300310857466,24,24,0.20683541614562273,24.448,118.20026016621523,
woodwind_track228028,test__woodwind_track228028__3_clarinet,woodwind,clarinet,tune,kernelcpd-cosine,kernelcpd,cosine,1,kernelcpd-cosine,0.5,3,0.75,1.0,0.9,True,True,0.7333333333333333,0.4583333333333333,0.5641025641025641,0.8576413461835352,15,24,0.09727070899680257,24.448,251.3397943959023,
woodwind_track228079,test__woodwind_track228079__4_bassoon,woodwind,bassoon,tune,pelt-l1,pelt,l1,1,pelt-l1,0.5,3,0.75,1.0,0.9,True,True,0.9615384615384616,1.0,0.9803921568627451,0.952454988289467,26,25,62.806628707796335,38.66,0.6155401236366798,
woodwind_track228079,test__woodwind_track228079__4_bassoon,woodwind,bassoon,tune,pelt-l2,pelt,l2,1,pelt-l2,0.5,3,0.75,1.0,0.9,True,True,0.9615384615384616,1.0,0.9803921568627451,0.9509314219877417,26,25,45.14795058290474,38.66,0.85629578975039,
woodwind_track228079,test__woodwind_track228079__4_bassoon,woodwind,bassoon,tune,pelt-rbf,pelt,rbf,1,pelt-rbf,0.5,3,0.75,1.0,0.9,True,True,0.9615384615384616,1.0,0.9803921568627451,0.9491341921558768,26,25,2049.563119458966,38.66,0.018862556431150694,
woodwind_track228079,test__woodwind_track228079__4_bassoon,woodwind,bassoon,tune,kernelcpd-linear,kernelcpd,l2,1,kernelcpd-linear,0.5,3,0.75,1.0,0.9,True,True,0.9615384615384616,1.0,0.9803921568627451,0.9509314219877417,26,25,0.1312636670190841,38.66,294.5217125038821,
woodwind_track228079,test__woodwind_track228079__4_bassoon,woodwind,bassoon,tune,kernelcpd-gaussian,kernelcpd,rbf,1,kernelcpd-gaussian,0.5,3,0.75,1.0,0.9,True,True,0.9615384615384616,1.0,0.9803921568627451,0.9491341921558768,26,25,0.38036316609941423,38.66,101.639705012592,
woodwind_track228079,test__woodwind_track228079__4_bassoon,woodwind,bassoon,tune,kernelcpd-cosine,kernelcpd,cosine,1,kernelcpd-cosine,0.5,3,0.75,1.0,0.9,True,True,0.8181818181818182,0.72,0.7659574468085107,0.9445018845372104,22,25,0.16179745900444686,38.66,238.94071166431272,
woodwind_track228141,test__woodwind_track228141__4_bassoon,woodwind,bassoon,tune,pelt-l1,pelt,l1,1,pelt-l1,0.5,3,0.75,1.0,0.9,True,True,0.8846153846153846,0.8846153846153846,0.8846153846153846,0.9240616075628753,26,26,2.463357166852802,25.62,10.400440644477165,
woodwind_track228141,test__woodwind_track228141__4_bassoon,woodwind,bassoon,tune,pelt-l2,pelt,l2,1,pelt-l2,0.5,3,0.75,1.0,0.9,True,True,0.8846153846153846,0.8846153846153846,0.8846153846153846,0.9262336087094788,26,26,1.839242875110358,25.62,13.929644826522845,
woodwind_track228141,test__woodwind_track228141__4_bassoon,woodwind,bassoon,tune,pelt-rbf,pelt,rbf,1,pelt-rbf,0.5,3,0.75,1.0,0.9,True,True,0.8846153846153846,0.8846153846153846,0.8846153846153846,0.9262336087094788,26,26,2.928645375184715,25.62,8.748071793562271,
woodwind_track228141,test__woodwind_track228141__4_bassoon,woodwind,bassoon,tune,kernelcpd-linear,kernelcpd,l2,1,kernelcpd-linear,0.5,3,0.75,1.0,0.9,True,True,0.8846153846153846,0.8846153846153846,0.8846153846153846,0.9262336087094788,26,26,0.04788837512023747,25.62,534.994138675068,
woodwind_track228141,test__woodwind_track228141__4_bassoon,woodwind,bassoon,tune,kernelcpd-gaussian,kernelcpd,rbf,1,kernelcpd-gaussian,0.5,3,0.75,1.0,0.9,True,True,0.8846153846153846,0.8846153846153846,0.8846153846153846,0.9262336087094788,26,26,0.07743529183790088,25.62,330.8568921472087,
woodwind_track228141,test__woodwind_track228141__4_bassoon,woodwind,bassoon,tune,kernelcpd-cosine,kernelcpd,cosine,1,kernelcpd-cosine,0.5,3,0.75,1.0,0.9,True,True,0.6818181818181818,0.5769230769230769,0.6249999999999999,0.9277548454870266,22,26,0.05099537502974272,25.62,502.3985015318998,
woodwind_track228149,test__woodwind_track228149__3_clarinet,woodwind,clarinet,tune,pelt-l1,pelt,l1,1,pelt-l1,0.5,3,0.75,1.0,0.9,True,True,0.9411764705882353,0.9411764705882353,0.9411764705882353,0.9613608000289979,17,17,107.57012783316895,34.12,0.3171884303504489,
woodwind_track228149,test__woodwind_track228149__3_clarinet,woodwind,clarinet,tune,pelt-l2,pelt,l2,1,pelt-l2,0.5,3,0.75,1.0,0.9,True,True,0.9411764705882353,0.9411764705882353,0.9411764705882353,0.9613608000289979,17,17,90.33672604197636,34.12,0.3776979916689211,
woodwind_track228149,test__woodwind_track228149__3_clarinet,woodwind,clarinet,tune,pelt-rbf,pelt,rbf,1,pelt-rbf,0.5,3,0.75,1.0,0.9,True,True,0.9411764705882353,0.9411764705882353,0.9411764705882353,0.9556392821445965,17,17,1952.9796015419997,34.12,0.017470740591996006,
woodwind_track228149,test__woodwind_track228149__3_clarinet,woodwind,clarinet,tune,kernelcpd-linear,kernelcpd,l2,1,kernelcpd-linear,0.5,3,0.75,1.0,0.9,True,True,0.9411764705882353,0.9411764705882353,0.9411764705882353,0.9613608000289979,17,17,0.13661783398129046,34.12,249.7477745451056,
woodwind_track228149,test__woodwind_track228149__3_clarinet,woodwind,clarinet,tune,kernelcpd-gaussian,kernelcpd,rbf,1,kernelcpd-gaussian,0.5,3,0.75,1.0,0.9,True,True,0.9411764705882353,0.9411764705882353,0.9411764705882353,0.9556392821445965,17,17,0.4145907089114189,34.12,82.29803337751606,
woodwind_track228149,test__woodwind_track228149__3_clarinet,woodwind,clarinet,tune,kernelcpd-cosine,kernelcpd,cosine,1,kernelcpd-cosine,0.5,3,0.75,1.0,0.9,True,True,0.8571428571428571,0.7058823529411765,0.7741935483870968,0.8973150621456681,14,17,0.15958433388732374,34.12,213.80544799648564,
woodwind_track228171,test__woodwind_track228171__1_flute,woodwind,flute,tune,pelt-l1,pelt,l1,1,pelt-l1,0.5,3,0.75,1.0,0.9,True,True,1.0,1.0,1.0,0.9174482990787315,25,25,1.5468333340249956,18.156,11.737528278341726,
woodwind_track228171,test__woodwind_track228171__1_flute,woodwind,flute,tune,pelt-l2,pelt,l2,1,pelt-l2,0.5,3,0.75,1.0,0.9,True,True,1.0,1.0,1.0,0.9174482990787315,25,25,0.9857325830962509,18.156,18.41878853488926,
woodwind_track228171,test__woodwind_track228171__1_flute,woodwind,flute,tune,pelt-rbf,pelt,rbf,1,pelt-rbf,0.5,3,0.75,1.0,0.9,True,True,1.0,1.0,1.0,0.9174482990787315,25,25,4.461642625043169,18.156,4.069353268702091,
woodwind_track228171,test__woodwind_track228171__1_flute,woodwind,flute,tune,kernelcpd-linear,kernelcpd,l2,1,kernelcpd-linear,0.5,3,0.75,1.0,0.9,True,True,1.0,1.0,1.0,0.9174482990787315,25,25,0.04319062503054738,18.156,420.369003392723,
woodwind_track228171,test__woodwind_track228171__1_flute,woodwind,flute,tune,kernelcpd-gaussian,kernelcpd,rbf,1,kernelcpd-gaussian,0.5,3,0.75,1.0,0.9,True,True,1.0,1.0,1.0,0.9174482990787315,25,25,0.05587799986824393,18.156,324.92215259691585,
woodwind_track228171,test__woodwind_track228171__1_flute,woodwind,flute,tune,kernelcpd-cosine,kernelcpd,cosine,1,kernelcpd-cosine,0.5,3,0.75,1.0,0.9,True,True,0.9583333333333334,0.92,0.9387755102040817,0.9126026939491992,24,25,0.04656774993054569,18.156,389.8835573348314,
woodwind_track228181,test__woodwind_track228181__2_oboe,woodwind,oboe,tune,pelt-l1,pelt,l1,1,pelt-l1,0.5,3,0.75,1.0,0.9,True,True,0.8333333333333334,0.9375,0.8823529411764706,0.9225570495389593,18,16,40.86709987488575,26.284,0.6431579456449863,
woodwind_track228181,test__woodwind_track228181__2_oboe,woodwind,oboe,tune,pelt-l2,pelt,l2,1,pelt-l2,0.5,3,0.75,1.0,0.9,True,True,0.8333333333333334,0.9375,0.8823529411764706,0.923207426654347,18,16,96.02811249997467,26.284,0.27371151338632144,
woodwind_track228181,test__woodwind_track228181__2_oboe,woodwind,oboe,tune,pelt-rbf,pelt,rbf,1,pelt-rbf,0.5,3,0.75,1.0,0.9,True,True,0.8333333333333334,0.9375,0.8823529411764706,0.9206105510531603,18,16,56.5389573329594,26.284,0.4648829981991503,
woodwind_track228181,test__woodwind_track228181__2_oboe,woodwind,oboe,tune,kernelcpd-linear,kernelcpd,l2,1,kernelcpd-linear,0.5,3,0.75,1.0,0.9,True,True,0.8333333333333334,0.9375,0.8823529411764706,0.923207426654347,18,16,0.11872095800936222,26.284,221.3930921777709,
woodwind_track228181,test__woodwind_track228181__2_oboe,woodwind,oboe,tune,kernelcpd-gaussian,kernelcpd,rbf,1,kernelcpd-gaussian,0.5,3,0.75,1.0,0.9,True,True,0.8333333333333334,0.9375,0.8823529411764706,0.9206105510531603,18,16,0.2827010410837829,26.284,92.97454264489363,
woodwind_track228181,test__woodwind_track228181__2_oboe,woodwind,oboe,tune,kernelcpd-cosine,kernelcpd,cosine,1,kernelcpd-cosine,0.5,3,0.75,1.0,0.9,True,True,0.7647058823529411,0.8125,0.787878787878788,0.9105760136970148,17,16,0.1379356668330729,26.284,190.55260037861268,
woodwind_track228215,test__woodwind_track228215__1_flute,woodwind,flute,tune,pelt-l1,pelt,l1,1,pelt-l1,0.5,3,0.75,1.0,0.9,True,True,0.967741935483871,1.0,0.9836065573770492,0.8800831761596718,31,30,4.881418291013688,15.244,3.122862883531825,
woodwind_track228215,test__woodwind_track228215__1_flute,woodwind,flute,tune,pelt-l2,pelt,l2,1,pelt-l2,0.5,3,0.75,1.0,0.9,True,True,0.967741935483871,1.0,0.9836065573770492,0.8810378962733714,31,30,4.017342709004879,15.244,3.7945480642790455,
woodwind_track228215,test__woodwind_track228215__1_flute,woodwind,flute,tune,pelt-rbf,pelt,rbf,1,pelt-rbf,0.5,3,0.75,1.0,0.9,True,True,0.967741935483871,1.0,0.9836065573770492,0.8750894427794075,31,30,0.4817902089562267,15.244,31.640327504839355,
woodwind_track228215,test__woodwind_track228215__1_flute,woodwind,flute,tune,kernelcpd-linear,kernelcpd,l2,1,kernelcpd-linear,0.5,3,0.75,1.0,0.9,True,True,0.967741935483871,1.0,0.9836065573770492,0.8810378962733714,31,30,0.03620991692878306,15.244,420.98964297492296,
woodwind_track228215,test__woodwind_track228215__1_flute,woodwind,flute,tune,kernelcpd-gaussian,kernelcpd,rbf,1,kernelcpd-gaussian,0.5,3,0.75,1.0,0.9,True,True,0.967741935483871,1.0,0.9836065573770492,0.8750894427794075,31,30,0.06086999992839992,15.244,250.43535432776721,
woodwind_track228215,test__woodwind_track228215__1_flute,woodwind,flute,tune,kernelcpd-cosine,kernelcpd,cosine,1,kernelcpd-cosine,0.5,3,0.75,1.0,0.9,True,True,0.8846153846153846,0.7666666666666667,0.8214285714285715,0.8373405275457368,26,30,0.04296933300793171,15.244,354.7646410333181,
woodwind_track228226,test__woodwind_track228226__1_flute,woodwind,flute,holdout,pelt-l1,pelt,l1,1,pelt-l1,0.5,3,0.75,1.0,0.9,True,True,1.0,1.0,1.0,0.9129529130059185,24,24,7.967326125130057,18.964,2.3802213819495726,
woodwind_track228226,test__woodwind_track228226__1_flute,woodwind,flute,holdout,pelt-l2,pelt,l2,1,pelt-l2,0.5,3,0.75,1.0,0.9,True,True,1.0,1.0,1.0,0.9129529130059185,24,24,6.128574625123292,18.964,3.094357360398216,
woodwind_track228226,test__woodwind_track228226__1_flute,woodwind,flute,holdout,pelt-rbf,pelt,rbf,1,pelt-rbf,0.5,3,0.75,1.0,0.9,True,True,1.0,1.0,1.0,0.9117428803780298,24,24,10.24221833399497,18.964,1.8515520155488723,
woodwind_track228226,test__woodwind_track228226__1_flute,woodwind,flute,holdout,kernelcpd-linear,kernelcpd,l2,1,kernelcpd-linear,0.5,3,0.75,1.0,0.9,True,True,1.0,1.0,1.0,0.9129529130059185,24,24,0.05208154208958149,18.964,364.1213228168526,
woodwind_track228226,test__woodwind_track228226__1_flute,woodwind,flute,holdout,kernelcpd-gaussian,kernelcpd,rbf,1,kernelcpd-gaussian,0.5,3,0.75,1.0,0.9,True,True,1.0,1.0,1.0,0.9117428803780298,24,24,0.0874302911106497,18.964,216.9042303198969,
woodwind_track228226,test__woodwind_track228226__1_flute,woodwind,flute,holdout,kernelcpd-cosine,kernelcpd,cosine,1,kernelcpd-cosine,0.5,3,0.75,1.0,0.9,True,True,0.9090909090909091,0.8333333333333334,0.8695652173913043,0.9046301711626177,22,24,0.048110665986314416,18.964,394.17454760228236,
woodwind_track228339,test__woodwind_track228339__1_flute,woodwind,flute,tune,pelt-l1,pelt,l1,1,pelt-l1,0.5,3,0.75,1.0,0.9,True,True,1.0,1.0,1.0,0.9558360238898226,21,21,17.114076625090092,26.612,1.554977261290596,
woodwind_track228339,test__woodwind_track228339__1_flute,woodwind,flute,tune,pelt-l2,pelt,l2,1,pelt-l2,0.5,3,0.75,1.0,0.9,True,True,1.0,1.0,1.0,0.9558360238898226,21,21,12.903897625161335,26.612,2.062322623213409,
woodwind_track228339,test__woodwind_track228339__1_flute,woodwind,flute,tune,pelt-rbf,pelt,rbf,1,pelt-rbf,0.5,3,0.75,1.0,0.9,True,True,1.0,1.0,1.0,0.9553255051639971,21,21,72.78177729086019,26.612,0.36564097485074587,
woodwind_track228339,test__woodwind_track228339__1_flute,woodwind,flute,tune,kernelcpd-linear,kernelcpd,l2,1,kernelcpd-linear,0.5,3,0.75,1.0,0.9,True,True,1.0,1.0,1.0,0.9558360238898226,21,21,0.10789304203353822,26.612,246.6516792781479,
woodwind_track228339,test__woodwind_track228339__1_flute,woodwind,flute,tune,kernelcpd-gaussian,kernelcpd,rbf,1,kernelcpd-gaussian,0.5,3,0.75,1.0,0.9,True,True,1.0,1.0,1.0,0.9553255051639971,21,21,0.14433541684411466,26.612,184.3760913424425,
woodwind_track228339,test__woodwind_track228339__1_flute,woodwind,flute,tune,kernelcpd-cosine,kernelcpd,cosine,1,kernelcpd-cosine,0.5,3,0.75,1.0,0.9,True,True,0.9473684210526315,0.8571428571428571,0.9,0.9367206488329001,19,21,0.09089820901863277,26.612,292.7670444479818,
woodwind_track228384,test__woodwind_track228384__4_bassoon,woodwind,bassoon,tune,pelt-l1,pelt,l1,1,pelt-l1,0.5,3,0.75,1.0,0.9,True,True,1.0,1.0,1.0,0.9160318982163385,31,31,3.328168041072786,19.292,5.796582312526957,
woodwind_track228384,test__woodwind_track228384__4_bassoon,woodwind,bassoon,tune,pelt-l2,pelt,l2,1,pelt-l2,0.5,3,0.75,1.0,0.9,True,True,1.0,1.0,1.0,0.9172598388011758,31,31,2.5608377498574555,19.292,7.533472201069301,
woodwind_track228384,test__woodwind_track228384__4_bassoon,woodwind,bassoon,tune,pelt-rbf,pelt,rbf,1,pelt-rbf,0.5,3,0.75,1.0,0.9,True,True,1.0,1.0,1.0,0.9168137987285627,31,31,3.927306208992377,19.292,4.912272935537084,
woodwind_track228384,test__woodwind_track228384__4_bassoon,woodwind,bassoon,tune,kernelcpd-linear,kernelcpd,l2,1,kernelcpd-linear,0.5,3,0.75,1.0,0.9,True,True,1.0,1.0,1.0,0.9172598388011758,31,31,0.04321670811623335,19.292,446.4014229893047,
woodwind_track228384,test__woodwind_track228384__4_bassoon,woodwind,bassoon,tune,kernelcpd-gaussian,kernelcpd,rbf,1,kernelcpd-gaussian,0.5,3,0.75,1.0,0.9,True,True,1.0,1.0,1.0,0.9168137987285627,31,31,0.08067033300176263,19.292,239.1461554965749,
woodwind_track228384,test__woodwind_track228384__4_bassoon,woodwind,bassoon,tune,kernelcpd-cosine,kernelcpd,cosine,1,kernelcpd-cosine,0.5,3,0.75,1.0,0.9,True,True,0.9285714285714286,0.8387096774193549,0.8813559322033899,0.9078812255167115,28,31,0.055201082956045866,19.292,349.48589714012223,
woodwind_track228454,test__woodwind_track228454__4_bassoon,woodwind,bassoon,holdout,pelt-l1,pelt,l1,1,pelt-l1,0.5,3,0.75,1.0,0.9,True,True,1.0,1.0,1.0,0.8843612326918495,36,36,1.26062220800668,14.836,11.768791558462997,
woodwind_track228454,test__woodwind_track228454__4_bassoon,woodwind,bassoon,holdout,pelt-l2,pelt,l2,1,pelt-l2,0.5,3,0.75,1.0,0.9,True,True,1.0,1.0,1.0,0.8843612326918495,36,36,0.9763910421170294,14.836,15.194731782700819,
woodwind_track228454,test__woodwind_track228454__4_bassoon,woodwind,bassoon,holdout,pelt-rbf,pelt,rbf,1,pelt-rbf,0.5,3,0.75,1.0,0.9,True,True,1.0,1.0,1.0,0.8843612326918495,36,36,0.7357347919605672,14.836,20.16487484636333,
woodwind_track228454,test__woodwind_track228454__4_bassoon,woodwind,bassoon,holdout,kernelcpd-linear,kernelcpd,l2,1,kernelcpd-linear,0.5,3,0.75,1.0,0.9,True,True,1.0,1.0,1.0,0.8843612326918495,36,36,0.03524591703899205,14.836,420.92818818097845,
woodwind_track228454,test__woodwind_track228454__4_bassoon,woodwind,bassoon,holdout,kernelcpd-gaussian,kernelcpd,rbf,1,kernelcpd-gaussian,0.5,3,0.75,1.0,0.9,True,True,1.0,1.0,1.0,0.8843612326918495,36,36,0.06029395782388747,14.836,246.0611400454827,
woodwind_track228454,test__woodwind_track228454__4_bassoon,woodwind,bassoon,holdout,kernelcpd-cosine,kernelcpd,cosine,1,kernelcpd-cosine,0.5,3,0.75,1.0,0.9,True,True,1.0,1.0,1.0,0.8843612326918495,36,36,0.053271915996447206,14.836,278.4957087143147,
woodwind_track228532,test__woodwind_track228532__4_bassoon,woodwind,bassoon,tune,pelt-l1,pelt,l1,1,pelt-l1,0.5,3,0.75,1.0,0.9,True,True,1.0,1.0,1.0,0.9299322605062448,20,20,82.38592099980451,20.04,0.24324544481389668,
woodwind_track228532,test__woodwind_track228532__4_bassoon,woodwind,bassoon,tune,pelt-l2,pelt,l2,1,pelt-l2,0.5,3,0.75,1.0,0.9,True,True,1.0,1.0,1.0,0.9299322605062448,20,20,56.770722082816064,20.04,0.35299885688904964,
woodwind_track228532,test__woodwind_track228532__4_bassoon,woodwind,bassoon,tune,pelt-rbf,pelt,rbf,1,pelt-rbf,0.5,3,0.75,1.0,0.9,True,True,1.0,1.0,1.0,0.9262851468777475,20,20,4024.2557665421627,20.04,0.00497980276666643,
woodwind_track228532,test__woodwind_track228532__4_bassoon,woodwind,bassoon,tune,kernelcpd-linear,kernelcpd,l2,1,kernelcpd-linear,0.5,3,0.75,1.0,0.9,True,True,1.0,1.0,1.0,0.9299322605062448,20,20,0.08817220898345113,20.04,227.28249899876351,
woodwind_track228532,test__woodwind_track228532__4_bassoon,woodwind,bassoon,tune,kernelcpd-gaussian,kernelcpd,rbf,1,kernelcpd-gaussian,0.5,3,0.75,1.0,0.9,True,True,1.0,1.0,1.0,0.9262851468777475,20,20,0.2151449171360582,20.04,93.14651848050238,
woodwind_track228532,test__woodwind_track228532__4_bassoon,woodwind,bassoon,tune,kernelcpd-cosine,kernelcpd,cosine,1,kernelcpd-cosine,0.5,3,0.75,1.0,0.9,True,True,0.9411764705882353,0.8,0.8648648648648648,0.8944046636868541,17,20,0.08746545808389783,20.04,229.11901954229074,
woodwind_track228537,test__woodwind_track228537__3_clarinet,woodwind,clarinet,holdout,pelt-l1,pelt,l1,1,pelt-l1,0.5,3,0.75,1.0,0.9,True,True,0.9545454545454546,0.9545454545454546,0.9545454545454546,0.9075411443801651,22,22,49.30064970906824,22.112,0.44851335896153055,
woodwind_track228537,test__woodwind_track228537__3_clarinet,woodwind,clarinet,holdout,pelt-l2,pelt,l2,1,pelt-l2,0.5,3,0.75,1.0,0.9,True,True,0.9545454545454546,0.9545454545454546,0.9545454545454546,0.9088605143996292,22,22,36.33741466701031,22.112,0.608518800873163,
woodwind_track228537,test__woodwind_track228537__3_clarinet,woodwind,clarinet,holdout,pelt-rbf,pelt,rbf,1,pelt-rbf,0.5,3,0.75,1.0,0.9,True,True,0.9545454545454546,0.9545454545454546,0.9545454545454546,0.9088605143996292,22,22,1686.3881813341286,22.112,0.013112046351336998,
woodwind_track228537,test__woodwind_track228537__3_clarinet,woodwind,clarinet,holdout,kernelcpd-linear,kernelcpd,l2,1,kernelcpd-linear,0.5,3,0.75,1.0,0.9,True,True,0.9545454545454546,0.9545454545454546,0.9545454545454546,0.9088605143996292,22,22,0.07383949984796345,22.112,299.46031657214513,
woodwind_track228537,test__woodwind_track228537__3_clarinet,woodwind,clarinet,holdout,kernelcpd-gaussian,kernelcpd,rbf,1,kernelcpd-gaussian,0.5,3,0.75,1.0,0.9,True,True,0.9545454545454546,0.9545454545454546,0.9545454545454546,0.9088605143996292,22,22,0.16205895808525383,22.112,136.44416983334924,
woodwind_track228537,test__woodwind_track228537__3_clarinet,woodwind,clarinet,holdout,kernelcpd-cosine,kernelcpd,cosine,1,kernelcpd-cosine,0.5,3,0.75,1.0,0.9,True,True,0.9047619047619048,0.8636363636363636,0.8837209302325582,0.9085102982720382,21,22,0.07846308406442404,22.112,281.8140564274073,
woodwind_track228549,test__woodwind_track228549__1_flute,woodwind,flute,tune,pelt-l1,pelt,l1,1,pelt-l1,0.5,3,0.75,1.0,0.9,True,True,0.95,0.95,0.9500000000000001,0.9243310384863405,20,20,4.669383167056367,15.796,3.3828879393416713,
woodwind_track228549,test__woodwind_track228549__1_flute,woodwind,flute,tune,pelt-l2,pelt,l2,1,pelt-l2,0.5,3,0.75,1.0,0.9,True,True,0.95,0.95,0.9500000000000001,0.9243310384863405,20,20,3.418458709027618,15.796,4.620795903804606,
woodwind_track228549,test__woodwind_track228549__1_flute,woodwind,flute,tune,pelt-rbf,pelt,rbf,1,pelt-rbf,0.5,3,0.75,1.0,0.9,True,True,0.95,0.95,0.9500000000000001,0.9243310384863405,20,20,29.880825125146657,15.796,0.5286333270196959,
woodwind_track228549,test__woodwind_track228549__1_flute,woodwind,flute,tune,kernelcpd-linear,kernelcpd,l2,1,kernelcpd-linear,0.5,3,0.75,1.0,0.9,True,True,0.95,0.95,0.9500000000000001,0.9243310384863405,20,20,0.04951683385297656,15.796,319.0026253879814,
woodwind_track228549,test__woodwind_track228549__1_flute,woodwind,flute,tune,kernelcpd-gaussian,kernelcpd,rbf,1,kernelcpd-gaussian,0.5,3,0.75,1.0,0.9,True,True,0.95,0.95,0.9500000000000001,0.9243310384863405,20,20,0.07698458293452859,15.796,205.1839394055519,
woodwind_track228549,test__woodwind_track228549__1_flute,woodwind,flute,tune,kernelcpd-cosine,kernelcpd,cosine,1,kernelcpd-cosine,0.5,3,0.75,1.0,0.9,True,True,0.8947368421052632,0.85,0.8717948717948718,0.9261619728370638,19,20,0.05542375007644296,15.796,285.00417200592597,
woodwind_track228552,test__woodwind_track228552__3_clarinet,woodwind,clarinet,tune,pelt-l1,pelt,l1,1,pelt-l1,0.5,3,0.75,1.0,0.9,True,True,0.9375,0.9375,0.9375,0.9525680497232654,16,16,57.97180504188873,33.012,0.5694492344364039,
woodwind_track228552,test__woodwind_track228552__3_clarinet,woodwind,clarinet,tune,pelt-l2,pelt,l2,1,pelt-l2,0.5,3,0.75,1.0,0.9,True,True,0.9375,0.9375,0.9375,0.9525680497232654,16,16,41.536491124890745,33.012,0.7947710339985257,
woodwind_track228552,test__woodwind_track228552__3_clarinet,woodwind,clarinet,tune,pelt-rbf,pelt,rbf,1,pelt-rbf,0.5,3,0.75,1.0,0.9,True,True,0.9375,0.9375,0.9375,0.9538358152695607,16,16,617.5421657909174,33.012,0.05345707844535583,
woodwind_track228552,test__woodwind_track228552__3_clarinet,woodwind,clarinet,tune,kernelcpd-linear,kernelcpd,l2,1,kernelcpd-linear,0.5,3,0.75,1.0,0.9,True,True,0.9375,0.9375,0.9375,0.9525680497232654,16,16,0.11703437496908009,33.012,282.0709728122324,
woodwind_track228552,test__woodwind_track228552__3_clarinet,woodwind,clarinet,tune,kernelcpd-gaussian,kernelcpd,rbf,1,kernelcpd-gaussian,0.5,3,0.75,1.0,0.9,True,True,0.9375,0.9375,0.9375,0.9538358152695607,16,16,0.28322049998678267,33.012,116.55935923261418,
woodwind_track228552,test__woodwind_track228552__3_clarinet,woodwind,clarinet,tune,kernelcpd-cosine,kernelcpd,cosine,1,kernelcpd-cosine,0.5,3,0.75,1.0,0.9,True,True,0.9333333333333333,0.875,0.9032258064516129,0.9236125546487068,15,16,0.1356732079293579,33.012,243.31996349042353,
woodwind_track228614,test__woodwind_track228614__3_clarinet,woodwind,clarinet,tune,pelt-l1,pelt,l1,1,pelt-l1,0.5,3,0.75,1.0,0.9,True,True,1.0,1.0,1.0,0.9724342997996369,13,13,87.49574233288877,29.684,0.3392622224640762,
woodwind_track228614,test__woodwind_track228614__3_clarinet,woodwind,clarinet,tune,pelt-l2,pelt,l2,1,pelt-l2,0.5,3,0.75,1.0,0.9,True,True,1.0,1.0,1.0,0.9729793583051153,13,13,66.40401579090394,29.684,0.44702115747743876,
woodwind_track228614,test__woodwind_track228614__3_clarinet,woodwind,clarinet,tune,pelt-rbf,pelt,rbf,1,pelt-rbf,0.5,3,0.75,1.0,0.9,True,True,0.9230769230769231,0.9230769230769231,0.9230769230769231,0.969262896827983,13,13,908.8909049171489,29.684,0.03265958525870152,
woodwind_track228614,test__woodwind_track228614__3_clarinet,woodwind,clarinet,tune,kernelcpd-linear,kernelcpd,l2,1,kernelcpd-linear,0.5,3,0.75,1.0,0.9,True,True,1.0,1.0,1.0,0.9729793583051153,13,13,0.12325516692362726,29.684,240.8337170837887,
woodwind_track228614,test__woodwind_track228614__3_clarinet,woodwind,clarinet,tune,kernelcpd-gaussian,kernelcpd,rbf,1,kernelcpd-gaussian,0.5,3,0.75,1.0,0.9,True,True,0.9230769230769231,0.9230769230769231,0.9230769230769231,0.969262896827983,13,13,0.47301320801489055,29.684,62.755118666930635,
woodwind_track228614,test__woodwind_track228614__3_clarinet,woodwind,clarinet,tune,kernelcpd-cosine,kernelcpd,cosine,1,kernelcpd-cosine,0.5,3,0.75,1.0,0.9,True,True,0.875,0.5384615384615384,0.6666666666666667,0.8423171204774567,8,13,0.18142149993218482,29.684,163.6189757613946,
woodwind_track228675,test__woodwind_track228675__3_clarinet,woodwind,clarinet,tune,pelt-l1,pelt,l1,1,pelt-l1,0.5,3,0.75,1.0,0.9,True,True,0.9523809523809523,0.9090909090909091,0.9302325581395349,0.9377628839672848,21,22,51.752030374947935,28.056,0.5421236576948161,
woodwind_track228675,test__woodwind_track228675__3_clarinet,woodwind,clarinet,tune,pelt-l2,pelt,l2,1,pelt-l2,0.5,3,0.75,1.0,0.9,True,True,0.9523809523809523,0.9090909090909091,0.9302325581395349,0.9380888742826301,21,22,37.149325042031705,28.056,0.7552223349483932,
woodwind_track228675,test__woodwind_track228675__3_clarinet,woodwind,clarinet,tune,pelt-rbf,pelt,rbf,1,pelt-rbf,0.5,3,0.75,1.0,0.9,True,True,0.9523809523809523,0.9090909090909091,0.9302325581395349,0.9380888742826301,21,22,140.3580642498564,28.056,0.1998887641400961,
woodwind_track228675,test__woodwind_track228675__3_clarinet,woodwind,clarinet,tune,kernelcpd-linear,kernelcpd,l2,1,kernelcpd-linear,0.5,3,0.75,1.0,0.9,True,True,0.9523809523809523,0.9090909090909091,0.9302325581395349,0.9380888742826301,21,22,0.10924308281391859,28.056,256.8217527126157,
woodwind_track228675,test__woodwind_track228675__3_clarinet,woodwind,clarinet,tune,kernelcpd-gaussian,kernelcpd,rbf,1,kernelcpd-gaussian,0.5,3,0.75,1.0,0.9,True,True,0.9523809523809523,0.9090909090909091,0.9302325581395349,0.9380888742826301,21,22,0.25601970800198615,28.056,109.58531364226987,
woodwind_track228675,test__woodwind_track228675__3_clarinet,woodwind,clarinet,tune,kernelcpd-cosine,kernelcpd,cosine,1,kernelcpd-cosine,0.5,3,0.75,1.0,0.9,True,True,0.7777777777777778,0.6363636363636364,0.7000000000000001,0.9185534557721794,18,22,0.1354484590701759,28.056,207.13413938112194,
woodwind_track228697,test__woodwind_track228697__1_flute,woodwind,flute,tune,pelt-l1,pelt,l1,1,pelt-l1,0.5,3,0.75,1.0,0.9,True,True,1.0,1.0,1.0,0.9364381653435734,19,19,33.293400041991845,24.72,0.7424895014874268,
woodwind_track228697,test__woodwind_track228697__1_flute,woodwind,flute,tune,pelt-l2,pelt,l2,1,pelt-l2,0.5,3,0.75,1.0,0.9,True,True,1.0,1.0,1.0,0.9370281517056611,19,19,24.11018595797941,24.72,1.025292797122486,
woodwind_track228697,test__woodwind_track228697__1_flute,woodwind,flute,tune,pelt-rbf,pelt,rbf,1,pelt-rbf,0.5,3,0.75,1.0,0.9,True,True,1.0,1.0,1.0,0.934230356074306,19,19,242.49183087493293,24.72,0.10194157844743865,
woodwind_track228697,test__woodwind_track228697__1_flute,woodwind,flute,tune,kernelcpd-linear,kernelcpd,l2,1,kernelcpd-linear,0.5,3,0.75,1.0,0.9,True,True,1.0,1.0,1.0,0.9370281517056611,19,19,0.08599779196083546,24.72,287.44924068815413,
woodwind_track228697,test__woodwind_track228697__1_flute,woodwind,flute,tune,kernelcpd-gaussian,kernelcpd,rbf,1,kernelcpd-gaussian,0.5,3,0.75,1.0,0.9,True,True,1.0,1.0,1.0,0.934230356074306,19,19,0.17486608307808638,24.72,141.36532119245385,
woodwind_track228697,test__woodwind_track228697__1_flute,woodwind,flute,tune,kernelcpd-cosine,kernelcpd,cosine,1,kernelcpd-cosine,0.5,3,0.75,1.0,0.9,True,True,1.0,0.8947368421052632,0.9444444444444444,0.9285237012815994,17,19,0.07956754113547504,24.72,310.6794510328111,
woodwind_track228724,test__woodwind_track228724__2_oboe,woodwind,oboe,tune,pelt-l1,pelt,l1,1,pelt-l1,0.5,3,0.75,1.0,0.9,True,True,1.0,1.0,1.0,0.9498629206977613,17,17,33.72537895780988,23.344,0.6921790272305944,
woodwind_track228724,test__woodwind_track228724__2_oboe,woodwind,oboe,tune,pelt-l2,pelt,l2,1,pelt-l2,0.5,3,0.75,1.0,0.9,True,True,1.0,1.0,1.0,0.9493918231958103,17,17,24.002404040889814,23.344,0.972569245990186,
woodwind_track228724,test__woodwind_track228724__2_oboe,woodwind,oboe,tune,pelt-rbf,pelt,rbf,1,pelt-rbf,0.5,3,0.75,1.0,0.9,True,True,1.0,1.0,1.0,0.9467286564189811,17,17,523.2840160001069,23.344,0.04461057339078981,
woodwind_track228724,test__woodwind_track228724__2_oboe,woodwind,oboe,tune,kernelcpd-linear,kernelcpd,l2,1,kernelcpd-linear,0.5,3,0.75,1.0,0.9,True,True,1.0,1.0,1.0,0.9493918231958103,17,17,0.089425333077088,23.344,261.0445966119757,
woodwind_track228724,test__woodwind_track228724__2_oboe,woodwind,oboe,tune,kernelcpd-gaussian,kernelcpd,rbf,1,kernelcpd-gaussian,0.5,3,0.75,1.0,0.9,True,True,1.0,1.0,1.0,0.9467286564189811,17,17,0.16542424983344972,23.344,141.11594898270903,
woodwind_track228724,test__woodwind_track228724__2_oboe,woodwind,oboe,tune,kernelcpd-cosine,kernelcpd,cosine,1,kernelcpd-cosine,0.5,3,0.75,1.0,0.9,True,True,0.9333333333333333,0.8235294117647058,0.8749999999999999,0.9187551869850391,15,17,0.0779407499358058,23.344,299.5095636008991,
woodwind_track228741,test__woodwind_track228741__4_bassoon,woodwind,bassoon,tune,pelt-l1,pelt,l1,1,pelt-l1,0.5,3,0.75,1.0,0.9,True,True,0.8421052631578947,0.9411764705882353,0.8888888888888888,0.8795356584515422,19,17,15.861123625189066,14.732,0.9288118766443567,
woodwind_track228741,test__woodwind_track228741__4_bassoon,woodwind,bassoon,tune,pelt-l2,pelt,l2,1,pelt-l2,0.5,3,0.75,1.0,0.9,True,True,0.8421052631578947,0.9411764705882353,0.8888888888888888,0.8795356584515422,19,17,15.135300250025466,14.732,0.9733536670324866,
woodwind_track228741,test__woodwind_track228741__4_bassoon,woodwind,bassoon,tune,pelt-rbf,pelt,rbf,1,pelt-rbf,0.5,3,0.75,1.0,0.9,True,True,0.8421052631578947,0.9411764705882353,0.8888888888888888,0.8795356584515422,19,17,229.3628982079681,14.732,0.06423009176768506,
woodwind_track228741,test__woodwind_track228741__4_bassoon,woodwind,bassoon,tune,kernelcpd-linear,kernelcpd,l2,1,kernelcpd-linear,0.5,3,0.75,1.0,0.9,True,True,0.8421052631578947,0.9411764705882353,0.8888888888888888,0.8795356584515422,19,17,0.052845583064481616,14.732,278.7744811524583,
woodwind_track228741,test__woodwind_track228741__4_bassoon,woodwind,bassoon,tune,kernelcpd-gaussian,kernelcpd,rbf,1,kernelcpd-gaussian,0.5,3,0.75,1.0,0.9,True,True,0.8421052631578947,0.9411764705882353,0.8888888888888888,0.8795356584515422,19,17,0.09224220807664096,14.732,159.70996691405819,
woodwind_track228741,test__woodwind_track228741__4_bassoon,woodwind,bassoon,tune,kernelcpd-cosine,kernelcpd,cosine,1,kernelcpd-cosine,0.5,3,0.75,1.0,0.9,True,True,0.7058823529411765,0.7058823529411765,0.7058823529411765,0.8716790680845318,17,17,0.056894666980952024,14.732,258.9346380203294,
woodwind_track228904,test__woodwind_track228904__2_oboe,woodwind,oboe,tune,pelt-l1,pelt,l1,1,pelt-l1,0.5,3,0.75,1.0,0.9,True,True,0.9411764705882353,0.9411764705882353,0.9411764705882353,0.9285734257022078,17,17,15.057916208868846,15.364,1.0203271014983386,
woodwind_track228904,test__woodwind_track228904__2_oboe,woodwind,oboe,tune,pelt-l2,pelt,l2,1,pelt-l2,0.5,3,0.75,1.0,0.9,True,True,0.9411764705882353,0.9411764705882353,0.9411764705882353,0.9285734257022078,17,17,10.83191050007008,15.364,1.4184016753000865,
woodwind_track228904,test__woodwind_track228904__2_oboe,woodwind,oboe,tune,pelt-rbf,pelt,rbf,1,pelt-rbf,0.5,3,0.75,1.0,0.9,True,True,0.9411764705882353,0.9411764705882353,0.9411764705882353,0.9285734257022078,17,17,110.20674241613597,15.364,0.1394107081215248,
woodwind_track228904,test__woodwind_track228904__2_oboe,woodwind,oboe,tune,kernelcpd-linear,kernelcpd,l2,1,kernelcpd-linear,0.5,3,0.75,1.0,0.9,True,True,0.9411764705882353,0.9411764705882353,0.9411764705882353,0.9285734257022078,17,17,0.04236916592344642,15.364,362.62219623959624,
woodwind_track228904,test__woodwind_track228904__2_oboe,woodwind,oboe,tune,kernelcpd-gaussian,kernelcpd,rbf,1,kernelcpd-gaussian,0.5,3,0.75,1.0,0.9,True,True,0.9411764705882353,0.9411764705882353,0.9411764705882353,0.9285734257022078,17,17,0.09855770808644593,15.364,155.88836528670174,
woodwind_track228904,test__woodwind_track228904__2_oboe,woodwind,oboe,tune,kernelcpd-cosine,kernelcpd,cosine,1,kernelcpd-cosine,0.5,3,0.75,1.0,0.9,True,True,0.9411764705882353,0.9411764705882353,0.9411764705882353,0.9285734257022078,17,17,0.05120062502101064,15.364,300.074461858527,
woodwind_track228928,test__woodwind_track228928__2_oboe,woodwind,oboe,tune,pelt-l1,pelt,l1,1,pelt-l1,0.5,3,0.75,1.0,0.9,True,True,1.0,1.0,1.0,0.9558115777629167,21,21,30.405697959009558,26.268,0.8639170209285227,
woodwind_track228928,test__woodwind_track228928__2_oboe,woodwind,oboe,tune,pelt-l2,pelt,l2,1,pelt-l2,0.5,3,0.75,1.0,0.9,True,True,1.0,1.0,1.0,0.9558115777629167,21,21,21.982647540979087,26.268,1.1949425086779173,
woodwind_track228928,test__woodwind_track228928__2_oboe,woodwind,oboe,tune,pelt-rbf,pelt,rbf,1,pelt-rbf,0.5,3,0.75,1.0,0.9,True,True,1.0,1.0,1.0,0.9552536284376666,21,21,380.02595141599886,26.268,0.06912159525454485,
woodwind_track228928,test__woodwind_track228928__2_oboe,woodwind,oboe,tune,kernelcpd-linear,kernelcpd,l2,1,kernelcpd-linear,0.5,3,0.75,1.0,0.9,True,True,1.0,1.0,1.0,0.9558115777629167,21,21,0.08064045803621411,26.268,325.7421973992699,
woodwind_track228928,test__woodwind_track228928__2_oboe,woodwind,oboe,tune,kernelcpd-gaussian,kernelcpd,rbf,1,kernelcpd-gaussian,0.5,3,0.75,1.0,0.9,True,True,1.0,1.0,1.0,0.9552536284376666,21,21,0.16786679183132946,26.268,156.48121771692504,
woodwind_track228928,test__woodwind_track228928__2_oboe,woodwind,oboe,tune,kernelcpd-cosine,kernelcpd,cosine,1,kernelcpd-cosine,0.5,3,0.75,1.0,0.9,True,True,1.0,0.9523809523809523,0.975609756097561,0.9368468499082659,20,21,0.0894495421089232,26.268,293.66276652387234,
woodwind_track229197,test__woodwind_track229197__4_bassoon,woodwind,bassoon,tune,pelt-l1,pelt,l1,1,pelt-l1,0.5,3,0.75,1.0,0.9,True,True,0.95,0.9743589743589743,0.9620253164556962,0.9232124698972578,40,39,6.903891042107716,27.324,3.957768138770937,
woodwind_track229197,test__woodwind_track229197__4_bassoon,woodwind,bassoon,tune,pelt-l2,pelt,l2,1,pelt-l2,0.5,3,0.75,1.0,0.9,True,True,0.95,0.9743589743589743,0.9620253164556962,0.9232124698972578,40,39,5.018076332984492,27.324,5.445114459577999,
woodwind_track229197,test__woodwind_track229197__4_bassoon,woodwind,bassoon,tune,pelt-rbf,pelt,rbf,1,pelt-rbf,0.5,3,0.75,1.0,0.9,True,True,0.95,0.9743589743589743,0.9620253164556962,0.9232124698972578,40,39,11.661289915908128,27.324,2.343137011174474,
woodwind_track229197,test__woodwind_track229197__4_bassoon,woodwind,bassoon,tune,kernelcpd-linear,kernelcpd,l2,1,kernelcpd-linear,0.5,3,0.75,1.0,0.9,True,True,0.95,0.9743589743589743,0.9620253164556962,0.9232124698972578,40,39,0.07410291698761284,27.324,368.73042399353216,
woodwind_track229197,test__woodwind_track229197__4_bassoon,woodwind,bassoon,tune,kernelcpd-gaussian,kernelcpd,rbf,1,kernelcpd-gaussian,0.5,3,0.75,1.0,0.9,True,True,0.95,0.9743589743589743,0.9620253164556962,0.9232124698972578,40,39,0.10311704105697572,27.324,264.9804505629923,
woodwind_track229197,test__woodwind_track229197__4_bassoon,woodwind,bassoon,tune,kernelcpd-cosine,kernelcpd,cosine,1,kernelcpd-cosine,0.5,3,0.75,1.0,0.9,True,True,0.9210526315789473,0.8974358974358975,0.9090909090909091,0.9119800920789813,38,39,0.067049624864012,27.324,407.5190585393685,
woodwind_track229248,test__woodwind_track229248__2_oboe,woodwind,oboe,holdout,pelt-l1,pelt,l1,1,pelt-l1,0.5,3,0.75,1.0,0.9,True,True,1.0,1.0,1.0,0.9653487023674991,11,11,72.47964929090813,21.892,0.3020434041027588,
woodwind_track229248,test__woodwind_track229248__2_oboe,woodwind,oboe,holdout,pelt-l2,pelt,l2,1,pelt-l2,0.5,3,0.75,1.0,0.9,True,True,1.0,1.0,1.0,0.9653487023674991,11,11,54.462435707915574,21.892,0.40196512909205445,
woodwind_track229248,test__woodwind_track229248__2_oboe,woodwind,oboe,holdout,pelt-rbf,pelt,rbf,1,pelt-rbf,0.5,3,0.75,1.0,0.9,True,True,1.0,1.0,1.0,0.9653487023674991,11,11,1067.002886665985,21.892,0.020517282824233894,
woodwind_track229248,test__woodwind_track229248__2_oboe,woodwind,oboe,holdout,kernelcpd-linear,kernelcpd,l2,1,kernelcpd-linear,0.5,3,0.75,1.0,0.9,True,True,1.0,1.0,1.0,0.9653487023674991,11,11,0.0854165421333164,21.892,256.29695903436846,
woodwind_track229248,test__woodwind_track229248__2_oboe,woodwind,oboe,holdout,kernelcpd-gaussian,kernelcpd,rbf,1,kernelcpd-gaussian,0.5,3,0.75,1.0,0.9,True,True,1.0,1.0,1.0,0.9653487023674991,11,11,0.21294416720047593,21.892,102.80629090624404,
woodwind_track229248,test__woodwind_track229248__2_oboe,woodwind,oboe,holdout,kernelcpd-cosine,kernelcpd,cosine,1,kernelcpd-cosine,0.5,3,0.75,1.0,0.9,True,True,1.0,1.0,1.0,0.9653487023674991,11,11,0.09331295802257955,21.892,234.60835948103423,
woodwind_track229273,test__woodwind_track229273__2_oboe,woodwind,oboe,tune,pelt-l1,pelt,l1,1,pelt-l1,0.5,3,0.75,1.0,0.9,True,True,1.0,1.0,1.0,0.9691174861764636,19,19,30.134883041959256,25.628,0.8504429887554581,
woodwind_track229273,test__woodwind_track229273__2_oboe,woodwind,oboe,tune,pelt-l2,pelt,l2,1,pelt-l2,0.5,3,0.75,1.0,0.9,True,True,1.0,1.0,1.0,0.9701822364335166,19,19,23.863788458053023,25.628,1.0739283934337605,
woodwind_track229273,test__woodwind_track229273__2_oboe,woodwind,oboe,tune,pelt-rbf,pelt,rbf,1,pelt-rbf,0.5,3,0.75,1.0,0.9,True,True,1.0,1.0,1.0,0.9644395833704736,19,19,323.9974654999096,25.628,0.079099384189495,
woodwind_track229273,test__woodwind_track229273__2_oboe,woodwind,oboe,tune,kernelcpd-linear,kernelcpd,l2,1,kernelcpd-linear,0.5,3,0.75,1.0,0.9,True,True,1.0,1.0,1.0,0.9701822364335166,19,19,0.08070533303543925,25.628,317.5502663342738,
woodwind_track229273,test__woodwind_track229273__2_oboe,woodwind,oboe,tune,kernelcpd-gaussian,kernelcpd,rbf,1,kernelcpd-gaussian,0.5,3,0.75,1.0,0.9,True,True,1.0,1.0,1.0,0.9644395833704736,19,19,0.17413195897825062,25.628,147.17574045785003,
woodwind_track229273,test__woodwind_track229273__2_oboe,woodwind,oboe,tune,kernelcpd-cosine,kernelcpd,cosine,1,kernelcpd-cosine,0.5,3,0.75,1.0,0.9,True,True,0.8125,0.6842105263157895,0.742857142857143,0.9646023553553782,16,19,0.0892012920230627,25.628,287.30525554914567,
woodwind_track229359,test__woodwind_track229359__2_oboe,woodwind,oboe,tune,pelt-l1,pelt,l1,1,pelt-l1,0.5,3,0.75,1.0,0.9,True,True,0.9444444444444444,1.0,0.9714285714285714,0.9124506514372963,18,17,21.83662037481554,19.824,0.9078327900439795,
woodwind_track229359,test__woodwind_track229359__2_oboe,woodwind,oboe,tune,pelt-l2,pelt,l2,1,pelt-l2,0.5,3,0.75,1.0,0.9,True,True,0.9444444444444444,1.0,0.9714285714285714,0.9124506514372963,18,17,16.721426917007193,19.824,1.1855447563411716,
woodwind_track229359,test__woodwind_track229359__2_oboe,woodwind,oboe,tune,pelt-rbf,pelt,rbf,1,pelt-rbf,0.5,3,0.75,1.0,0.9,True,True,0.9444444444444444,1.0,0.9714285714285714,0.9124506514372963,18,17,221.7943328327965,19.824,0.08938010158692679,
woodwind_track229359,test__woodwind_track229359__2_oboe,woodwind,oboe,tune,kernelcpd-linear,kernelcpd,l2,1,kernelcpd-linear,0.5,3,0.75,1.0,0.9,True,True,0.9444444444444444,1.0,0.9714285714285714,0.9124506514372963,18,17,0.06647270801477134,19.824,298.227657516146,
woodwind_track229359,test__woodwind_track229359__2_oboe,woodwind,oboe,tune,kernelcpd-gaussian,kernelcpd,rbf,1,kernelcpd-gaussian,0.5,3,0.75,1.0,0.9,True,True,0.9444444444444444,1.0,0.9714285714285714,0.9124506514372963,18,17,0.11317550018429756,19.824,175.1615850402088,
woodwind_track229359,test__woodwind_track229359__2_oboe,woodwind,oboe,tune,kernelcpd-cosine,kernelcpd,cosine,1,kernelcpd-cosine,0.5,3,0.75,1.0,0.9,True,True,0.9444444444444444,1.0,0.9714285714285714,0.9124506514372963,18,17,0.06093450007028878,19.824,325.33293909251324,
woodwind_track229402,test__woodwind_track229402__3_clarinet,woodwind,clarinet,tune,pelt-l1,pelt,l1,1,pelt-l1,0.5,3,0.75,1.0,0.9,True,True,1.0,1.0,1.0,0.9221287775490178,30,30,34.78104045800865,26.944,0.7746749276385118,
woodwind_track229402,test__woodwind_track229402__3_clarinet,woodwind,clarinet,tune,pelt-l2,pelt,l2,1,pelt-l2,0.5,3,0.75,1.0,0.9,True,True,1.0,1.0,1.0,0.922013954435955,30,30,36.06600029091351,26.944,0.7470748012717199,
woodwind_track229402,test__woodwind_track229402__3_clarinet,woodwind,clarinet,tune,pelt-rbf,pelt,rbf,1,pelt-rbf,0.5,3,0.75,1.0,0.9,True,True,0.9666666666666667,0.9666666666666667,0.9666666666666667,0.9054272419336098,30,30,309.4841834169347,26.944,0.08706099194640023,
woodwind_track229402,test__woodwind_track229402__3_clarinet,woodwind,clarinet,tune,kernelcpd-linear,kernelcpd,l2,1,kernelcpd-linear,0.5,3,0.75,1.0,0.9,True,True,1.0,1.0,1.0,0.922013954435955,30,30,0.08947091712616384,26.944,301.1481369080636,
woodwind_track229402,test__woodwind_track229402__3_clarinet,woodwind,clarinet,tune,kernelcpd-gaussian,kernelcpd,rbf,1,kernelcpd-gaussian,0.5,3,0.75,1.0,0.9,True,True,0.9666666666666667,0.9666666666666667,0.9666666666666667,0.9054272419336098,30,30,0.22199129103682935,26.944,121.37413082358204,
woodwind_track229402,test__woodwind_track229402__3_clarinet,woodwind,clarinet,tune,kernelcpd-cosine,kernelcpd,cosine,1,kernelcpd-cosine,0.5,3,0.75,1.0,0.9,True,True,1.0,0.9,0.9473684210526316,0.881015903352808,27,30,0.10811529192142189,26.944,249.21543956596702,
woodwind_track229436,test__woodwind_track229436__1_flute,woodwind,flute,tune,pelt-l1,pelt,l1,1,pelt-l1,0.5,3,0.75,1.0,0.9,True,True,0.9545454545454546,0.9545454545454546,0.9545454545454546,0.9513535894342079,22,22,1.8681144581642002,23.604,12.635200106098262,
woodwind_track229436,test__woodwind_track229436__1_flute,woodwind,flute,tune,pelt-l2,pelt,l2,1,pelt-l2,0.5,3,0.75,1.0,0.9,True,True,0.9545454545454546,0.9545454545454546,0.9545454545454546,0.9513535894342079,22,22,1.3568953331559896,23.604,17.39559376705916,
woodwind_track229436,test__woodwind_track229436__1_flute,woodwind,flute,tune,pelt-rbf,pelt,rbf,1,pelt-rbf,0.5,3,0.75,1.0,0.9,True,True,0.9545454545454546,0.9545454545454546,0.9545454545454546,0.9507724375447459,22,22,8.750537749845535,23.604,2.6974342234472,
woodwind_track229436,test__woodwind_track229436__1_flute,woodwind,flute,tune,kernelcpd-linear,kernelcpd,l2,1,kernelcpd-linear,0.5,3,0.75,1.0,0.9,True,True,0.9545454545454546,0.9545454545454546,0.9545454545454546,0.9513535894342079,22,22,0.07082529203034937,23.604,333.27077550044464,
woodwind_track229436,test__woodwind_track229436__1_flute,woodwind,flute,tune,kernelcpd-gaussian,kernelcpd,rbf,1,kernelcpd-gaussian,0.5,3,0.75,1.0,0.9,True,True,0.9545454545454546,0.9545454545454546,0.9545454545454546,0.9507724375447459,22,22,0.10765350004658103,23.604,219.2590114560761,
woodwind_track229436,test__woodwind_track229436__1_flute,woodwind,flute,tune,kernelcpd-cosine,kernelcpd,cosine,1,kernelcpd-cosine,0.5,3,0.75,1.0,0.9,True,True,0.85,0.7727272727272727,0.8095238095238095,0.947249002812916,20,22,0.06301045790314674,23.604,374.60448289840497,
woodwind_track229455,test__woodwind_track229455__3_clarinet,woodwind,clarinet,tune,pelt-l1,pelt,l1,1,pelt-l1,0.5,3,0.75,1.0,0.9,True,True,0.8823529411764706,0.8823529411764706,0.8823529411764706,0.9180436192067953,17,17,22.122139749815688,16.392,0.7409771471196213,
woodwind_track229455,test__woodwind_track229455__3_clarinet,woodwind,clarinet,tune,pelt-l2,pelt,l2,1,pelt-l2,0.5,3,0.75,1.0,0.9,True,True,0.8823529411764706,0.8823529411764706,0.8823529411764706,0.9180436192067953,17,17,31.569589250022545,16.392,0.5192338699810068,
woodwind_track229455,test__woodwind_track229455__3_clarinet,woodwind,clarinet,tune,pelt-rbf,pelt,rbf,1,pelt-rbf,0.5,3,0.75,1.0,0.9,True,True,0.8823529411764706,0.8823529411764706,0.8823529411764706,0.9133741938538898,17,17,39.58269804203883,16.392,0.41412033061998116,
woodwind_track229455,test__woodwind_track229455__3_clarinet,woodwind,clarinet,tune,kernelcpd-linear,kernelcpd,l2,1,kernelcpd-linear,0.5,3,0.75,1.0,0.9,True,True,0.8823529411764706,0.8823529411764706,0.8823529411764706,0.9180436192067953,17,17,0.06619404209777713,16.392,247.6355798877927,
woodwind_track229455,test__woodwind_track229455__3_clarinet,woodwind,clarinet,tune,kernelcpd-gaussian,kernelcpd,rbf,1,kernelcpd-gaussian,0.5,3,0.75,1.0,0.9,True,True,0.8823529411764706,0.8823529411764706,0.8823529411764706,0.9133741938538898,17,17,0.14421275001950562,16.392,113.66540058200738,
woodwind_track229455,test__woodwind_track229455__3_clarinet,woodwind,clarinet,tune,kernelcpd-cosine,kernelcpd,cosine,1,kernelcpd-cosine,0.5,3,0.75,1.0,0.9,True,True,0.7692307692307693,0.5882352941176471,0.6666666666666667,0.8111614905598745,13,17,0.06870241719298065,16.392,238.59422520689384,
woodwind_track229552,test__woodwind_track229552__1_flute,woodwind,flute,tune,pelt-l1,pelt,l1,1,pelt-l1,0.5,3,0.75,1.0,0.9,True,True,0.9655172413793104,1.0,0.9824561403508771,0.9095249902401324,29,28,2.7903194171376526,16.488,5.909000918939099,
woodwind_track229552,test__woodwind_track229552__1_flute,woodwind,flute,tune,pelt-l2,pelt,l2,1,pelt-l2,0.5,3,0.75,1.0,0.9,True,True,0.9655172413793104,1.0,0.9824561403508771,0.9103500065681448,29,28,2.168257209006697,16.488,7.60426389060795,
woodwind_track229552,test__woodwind_track229552__1_flute,woodwind,flute,tune,pelt-rbf,pelt,rbf,1,pelt-rbf,0.5,3,0.75,1.0,0.9,True,True,0.9655172413793104,1.0,0.9824561403508771,0.9100382909543301,29,28,3.446013124892488,16.488,4.784659663916517,
woodwind_track229552,test__woodwind_track229552__1_flute,woodwind,flute,tune,kernelcpd-linear,kernelcpd,l2,1,kernelcpd-linear,0.5,3,0.75,1.0,0.9,True,True,0.9655172413793104,1.0,0.9824561403508771,0.9103500065681448,29,28,0.03866950003430247,16.488,426.3825491763282,
woodwind_track229552,test__woodwind_track229552__1_flute,woodwind,flute,tune,kernelcpd-gaussian,kernelcpd,rbf,1,kernelcpd-gaussian,0.5,3,0.75,1.0,0.9,True,True,0.9655172413793104,1.0,0.9824561403508771,0.9100382909543301,29,28,0.06283599999733269,16.488,262.3973518476653,
woodwind_track229552,test__woodwind_track229552__1_flute,woodwind,flute,tune,kernelcpd-cosine,kernelcpd,cosine,1,kernelcpd-cosine,0.5,3,0.75,1.0,0.9,True,True,0.9230769230769231,0.8571428571428571,0.888888888888889,0.8683577170919744,26,28,0.048676458885893226,16.488,338.726365421342,
woodwind_track229581,test__woodwind_track229581__4_bassoon,woodwind,bassoon,holdout,pelt-l1,pelt,l1,1,pelt-l1,0.5,3,0.75,1.0,0.9,True,True,0.8571428571428571,0.9473684210526315,0.9,0.9546711445916084,21,19,49.09475445817225,31.98,0.6513934197847211,
woodwind_track229581,test__woodwind_track229581__4_bassoon,woodwind,bassoon,holdout,pelt-l2,pelt,l2,1,pelt-l2,0.5,3,0.75,1.0,0.9,True,True,0.8571428571428571,0.9473684210526315,0.9,0.9546711445916084,21,19,33.68019641702995,31.98,0.9495194031537695,
woodwind_track229581,test__woodwind_track229581__4_bassoon,woodwind,bassoon,holdout,pelt-rbf,pelt,rbf,1,pelt-rbf,0.5,3,0.75,1.0,0.9,True,True,0.8571428571428571,0.9473684210526315,0.9,0.9560222069212111,21,19,697.0134455829393,31.98,0.045881467857845824,
woodwind_track229581,test__woodwind_track229581__4_bassoon,woodwind,bassoon,holdout,kernelcpd-linear,kernelcpd,l2,1,kernelcpd-linear,0.5,3,0.75,1.0,0.9,True,True,0.8571428571428571,0.9473684210526315,0.9,0.9546711445916084,21,19,0.10543408314697444,31.98,303.31747614687447,
woodwind_track229581,test__woodwind_track229581__4_bassoon,woodwind,bassoon,holdout,kernelcpd-gaussian,kernelcpd,rbf,1,kernelcpd-gaussian,0.5,3,0.75,1.0,0.9,True,True,0.8571428571428571,0.9473684210526315,0.9,0.9560222069212111,21,19,0.24089670809917152,31.98,132.75399341212494,
woodwind_track229581,test__woodwind_track229581__4_bassoon,woodwind,bassoon,holdout,kernelcpd-cosine,kernelcpd,cosine,1,kernelcpd-cosine,0.5,3,0.75,1.0,0.9,True,True,0.7894736842105263,0.7894736842105263,0.7894736842105263,0.9410127426598405,19,19,0.11013425001874566,31.98,290.3728857694747,
woodwind_track229598,test__woodwind_track229598__2_oboe,woodwind,oboe,holdout,pelt-l1,pelt,l1,1,pelt-l1,0.5,3,0.75,1.0,0.9,True,True,1.0,1.0,1.0,0.9746655427012002,13,13,144.63035570806824,39.42,0.27255689033613395,
woodwind_track229598,test__woodwind_track229598__2_oboe,woodwind,oboe,holdout,pelt-l2,pelt,l2,1,pelt-l2,0.5,3,0.75,1.0,0.9,True,True,1.0,1.0,1.0,0.9746655427012002,13,13,130.38163062511012,39.42,0.30234320441462653,
woodwind_track229598,test__woodwind_track229598__2_oboe,woodwind,oboe,holdout,pelt-rbf,pelt,rbf,1,pelt-rbf,0.5,3,0.75,1.0,0.9,True,True,1.0,1.0,1.0,0.9735216029380275,13,13,6419.12481012498,39.42,0.006141024075092333,
woodwind_track229598,test__woodwind_track229598__2_oboe,woodwind,oboe,holdout,kernelcpd-linear,kernelcpd,l2,1,kernelcpd-linear,0.5,3,0.75,1.0,0.9,True,True,1.0,1.0,1.0,0.9746655427012002,13,13,0.1875958340242505,39.42,210.1325981199784,
woodwind_track229598,test__woodwind_track229598__2_oboe,woodwind,oboe,holdout,kernelcpd-gaussian,kernelcpd,rbf,1,kernelcpd-gaussian,0.5,3,0.75,1.0,0.9,True,True,1.0,1.0,1.0,0.9735216029380275,13,13,0.640586500056088,39.42,61.53735677624879,
woodwind_track229598,test__woodwind_track229598__2_oboe,woodwind,oboe,holdout,kernelcpd-cosine,kernelcpd,cosine,1,kernelcpd-cosine,0.5,3,0.75,1.0,0.9,True,True,0.9166666666666666,0.8461538461538461,0.8799999999999999,0.9723565287730511,12,13,0.22049275017343462,39.42,178.78138836307824,
woodwind_track229743,test__woodwind_track229743__4_bassoon,woodwind,bassoon,tune,pelt-l1,pelt,l1,1,pelt-l1,0.5,3,0.75,1.0,0.9,True,True,1.0,1.0,1.0,0.8644879133773858,36,36,1.256507124984637,14.072,11.199299805142017,
woodwind_track229743,test__woodwind_track229743__4_bassoon,woodwind,bassoon,tune,pelt-l2,pelt,l2,1,pelt-l2,0.5,3,0.75,1.0,0.9,True,True,1.0,1.0,1.0,0.8644879133773858,36,36,0.9154715000186116,14.072,15.371314125796287,
woodwind_track229743,test__woodwind_track229743__4_bassoon,woodwind,bassoon,tune,pelt-rbf,pelt,rbf,1,pelt-rbf,0.5,3,0.75,1.0,0.9,True,True,1.0,1.0,1.0,0.8644879133773858,36,36,0.4772153329104185,14.072,29.487736519651087,
woodwind_track229743,test__woodwind_track229743__4_bassoon,woodwind,bassoon,tune,kernelcpd-linear,kernelcpd,l2,1,kernelcpd-linear,0.5,3,0.75,1.0,0.9,True,True,1.0,1.0,1.0,0.8644879133773858,36,36,0.031295707914978266,14.072,449.64632333065316,
woodwind_track229743,test__woodwind_track229743__4_bassoon,woodwind,bassoon,tune,kernelcpd-gaussian,kernelcpd,rbf,1,kernelcpd-gaussian,0.5,3,0.75,1.0,0.9,True,True,1.0,1.0,1.0,0.8644879133773858,36,36,0.04540416691452265,14.072,309.9275012906146,
woodwind_track229743,test__woodwind_track229743__4_bassoon,woodwind,bassoon,tune,kernelcpd-cosine,kernelcpd,cosine,1,kernelcpd-cosine,0.5,3,0.75,1.0,0.9,True,True,0.9714285714285714,0.9444444444444444,0.9577464788732395,0.8624160580486401,35,36,0.04025929211638868,14.072,349.5342133517443,
woodwind_track229852,test__woodwind_track229852__2_oboe,woodwind,oboe,tune,pelt-l1,pelt,l1,1,pelt-l1,0.5,3,0.75,1.0,0.9,True,True,1.0,1.0,1.0,0.9217739525502693,24,24,7.196786500047892,15.152,2.105384118300462,
woodwind_track229852,test__woodwind_track229852__2_oboe,woodwind,oboe,tune,pelt-l2,pelt,l2,1,pelt-l2,0.5,3,0.75,1.0,0.9,True,True,1.0,1.0,1.0,0.9222245191979975,24,24,5.271570125129074,15.152,2.874285960414688,
woodwind_track229852,test__woodwind_track229852__2_oboe,woodwind,oboe,tune,pelt-rbf,pelt,rbf,1,pelt-rbf,0.5,3,0.75,1.0,0.9,True,True,1.0,1.0,1.0,0.9244753927915942,24,24,27.061806083191186,15.152,0.5599035021321549,
woodwind_track229852,test__woodwind_track229852__2_oboe,woodwind,oboe,tune,kernelcpd-linear,kernelcpd,l2,1,kernelcpd-linear,0.5,3,0.75,1.0,0.9,True,True,1.0,1.0,1.0,0.9222245191979975,24,24,0.03965237503871322,15.152,382.1208688056358,
woodwind_track229852,test__woodwind_track229852__2_oboe,woodwind,oboe,tune,kernelcpd-gaussian,kernelcpd,rbf,1,kernelcpd-gaussian,0.5,3,0.75,1.0,0.9,True,True,1.0,1.0,1.0,0.9244753927915942,24,24,0.06316258292645216,15.152,239.888859796049,
woodwind_track229852,test__woodwind_track229852__2_oboe,woodwind,oboe,tune,kernelcpd-cosine,kernelcpd,cosine,1,kernelcpd-cosine,0.5,3,0.75,1.0,0.9,True,True,0.9047619047619048,0.7916666666666666,0.8444444444444444,0.9067199296693778,21,24,0.04178554192185402,15.152,362.6134615733065,
woodwind_track229864,test__woodwind_track229864__2_oboe,woodwind,oboe,tune,pelt-l1,pelt,l1,1,pelt-l1,0.5,3,0.75,1.0,0.9,True,True,0.95,0.95,0.9500000000000001,0.9620655635144947,20,20,32.52593608293682,28.452,0.8747480757341211,
woodwind_track229864,test__woodwind_track229864__2_oboe,woodwind,oboe,tune,pelt-l2,pelt,l2,1,pelt-l2,0.5,3,0.75,1.0,0.9,True,True,0.95,0.95,0.9500000000000001,0.9620655635144947,20,20,26.42505474993959,28.452,1.0767054323724738,
woodwind_track229864,test__woodwind_track229864__2_oboe,woodwind,oboe,tune,pelt-rbf,pelt,rbf,1,pelt-rbf,0.5,3,0.75,1.0,0.9,True,True,0.95,0.95,0.9500000000000001,0.9620655635144947,20,20,594.216905917041,28.452,0.04788150541777451,
woodwind_track229864,test__woodwind_track229864__2_oboe,woodwind,oboe,tune,kernelcpd-linear,kernelcpd,l2,1,kernelcpd-linear,0.5,3,0.75,1.0,0.9,True,True,0.95,0.95,0.9500000000000001,0.9620655635144947,20,20,0.08166470797732472,28.452,348.400192747889,
woodwind_track229864,test__woodwind_track229864__2_oboe,woodwind,oboe,tune,kernelcpd-gaussian,kernelcpd,rbf,1,kernelcpd-gaussian,0.5,3,0.75,1.0,0.9,True,True,0.95,0.95,0.9500000000000001,0.9620655635144947,20,20,0.21646270900964737,28.452,131.44065382057076,
woodwind_track229864,test__woodwind_track229864__2_oboe,woodwind,oboe,tune,kernelcpd-cosine,kernelcpd,cosine,1,kernelcpd-cosine,0.5,3,0.75,1.0,0.9,True,True,0.9473684210526315,0.9,0.9230769230769231,0.9597270881998894,19,20,0.09345791698433459,28.452,304.4364877591818,
woodwind_track229893,test__woodwind_track229893__4_bassoon,woodwind,bassoon,tune,pelt-l1,pelt,l1,1,pelt-l1,0.5,3,0.75,1.0,0.9,True,True,1.0,1.0,1.0,0.9179033800808156,34,34,1.368664083071053,15.58,11.383362939605377,
woodwind_track229893,test__woodwind_track229893__4_bassoon,woodwind,bassoon,tune,pelt-l2,pelt,l2,1,pelt-l2,0.5,3,0.75,1.0,0.9,True,True,1.0,1.0,1.0,0.9179033800808156,34,34,1.1328690419904888,15.58,13.752692873154535,
woodwind_track229893,test__woodwind_track229893__4_bassoon,woodwind,bassoon,tune,pelt-rbf,pelt,rbf,1,pelt-rbf,0.5,3,0.75,1.0,0.9,True,True,1.0,1.0,1.0,0.9179033800808156,34,34,0.9449247089214623,15.58,16.48808614369183,
woodwind_track229893,test__woodwind_track229893__4_bassoon,woodwind,bassoon,tune,kernelcpd-linear,kernelcpd,l2,1,kernelcpd-linear,0.5,3,0.75,1.0,0.9,True,True,1.0,1.0,1.0,0.9179033800808156,34,34,0.04109399998560548,15.58,379.1307734817104,
woodwind_track229893,test__woodwind_track229893__4_bassoon,woodwind,bassoon,tune,kernelcpd-gaussian,kernelcpd,rbf,1,kernelcpd-gaussian,0.5,3,0.75,1.0,0.9,True,True,1.0,1.0,1.0,0.9179033800808156,34,34,0.051858124788850546,15.58,300.4350825147786,
woodwind_track229893,test__woodwind_track229893__4_bassoon,woodwind,bassoon,tune,kernelcpd-cosine,kernelcpd,cosine,1,kernelcpd-cosine,0.5,3,0.75,1.0,0.9,True,True,0.896551724137931,0.7647058823529411,0.8253968253968255,0.8844420774823043,29,34,0.04273983300663531,15.58,364.5311388460789,
woodwind_track229934,test__woodwind_track229934__1_flute,woodwind,flute,holdout,pelt-l1,pelt,l1,1,pelt-l1,0.5,3,0.75,1.0,0.9,True,True,1.0,1.0,1.0,0.9368818175476625,22,22,29.101852333871648,22.832,0.7845548708741757,
woodwind_track229934,test__woodwind_track229934__1_flute,woodwind,flute,holdout,pelt-l2,pelt,l2,1,pelt-l2,0.5,3,0.75,1.0,0.9,True,True,1.0,1.0,1.0,0.9361669734540505,22,22,21.066337208030745,22.832,1.0838144179756206,
woodwind_track229934,test__woodwind_track229934__1_flute,woodwind,flute,holdout,pelt-rbf,pelt,rbf,1,pelt-rbf,0.5,3,0.75,1.0,0.9,True,True,1.0,1.0,1.0,0.9346171555385734,22,22,212.986738917185,22.832,0.10719916233318967,
woodwind_track229934,test__woodwind_track229934__1_flute,woodwind,flute,holdout,kernelcpd-linear,kernelcpd,l2,1,kernelcpd-linear,0.5,3,0.75,1.0,0.9,True,True,1.0,1.0,1.0,0.9361669734540505,22,22,0.06654566596262157,22.832,343.1027350875809,
woodwind_track229934,test__woodwind_track229934__1_flute,woodwind,flute,holdout,kernelcpd-gaussian,kernelcpd,rbf,1,kernelcpd-gaussian,0.5,3,0.75,1.0,0.9,True,True,1.0,1.0,1.0,0.9346171555385734,22,22,0.15784816700033844,22.832,144.64532869710834,
woodwind_track229934,test__woodwind_track229934__1_flute,woodwind,flute,holdout,kernelcpd-cosine,kernelcpd,cosine,1,kernelcpd-cosine,0.5,3,0.75,1.0,0.9,True,True,0.6875,0.5,0.5789473684210527,0.8632073434014348,16,22,0.07861979096196592,22.832,290.41033715092794,
woodwind_track229951,test__woodwind_track229951__3_clarinet,woodwind,clarinet,holdout,pelt-l1,pelt,l1,1,pelt-l1,0.5,3,0.75,1.0,0.9,True,True,0.9655172413793104,0.9655172413793104,0.9655172413793104,0.9358806256460042,29,29,33.50269391690381,31.012,0.9256569061854717,
woodwind_track229951,test__woodwind_track229951__3_clarinet,woodwind,clarinet,holdout,pelt-l2,pelt,l2,1,pelt-l2,0.5,3,0.75,1.0,0.9,True,True,0.9655172413793104,0.9655172413793104,0.9655172413793104,0.936033551521845,29,29,25.849195499904454,31.012,1.1997278600068861,
woodwind_track229951,test__woodwind_track229951__3_clarinet,woodwind,clarinet,holdout,pelt-rbf,pelt,rbf,1,pelt-rbf,0.5,3,0.75,1.0,0.9,True,True,0.9655172413793104,0.9655172413793104,0.9655172413793104,0.9367668839016222,29,29,299.95882324990816,31.012,0.1033875238741106,
woodwind_track229951,test__woodwind_track229951__3_clarinet,woodwind,clarinet,holdout,kernelcpd-linear,kernelcpd,l2,1,kernelcpd-linear,0.5,3,0.75,1.0,0.9,True,True,0.9655172413793104,0.9655172413793104,0.9655172413793104,0.936033551521845,29,29,0.10846562497317791,31.012,285.9154686811499,
woodwind_track229951,test__woodwind_track229951__3_clarinet,woodwind,clarinet,holdout,kernelcpd-gaussian,kernelcpd,rbf,1,kernelcpd-gaussian,0.5,3,0.75,1.0,0.9,True,True,0.9655172413793104,0.9655172413793104,0.9655172413793104,0.9367668839016222,29,29,0.18736604205332696,31.012,165.51558468195404,
woodwind_track229951,test__woodwind_track229951__3_clarinet,woodwind,clarinet,holdout,kernelcpd-cosine,kernelcpd,cosine,1,kernelcpd-cosine,0.5,3,0.75,1.0,0.9,True,True,0.9230769230769231,0.8275862068965517,0.8727272727272727,0.911260499751306,26,29,0.09722920786589384,31.012,318.9576535764252,
woodwind_track229989,test__woodwind_track229989__3_clarinet,woodwind,clarinet,tune,pelt-l1,pelt,l1,1,pelt-l1,0.5,3,0.75,1.0,0.9,True,True,1.0,1.0,1.0,0.9598058804926306,16,16,29.745785708073527,20.608,0.692804022803359,
woodwind_track229989,test__woodwind_track229989__3_clarinet,woodwind,clarinet,tune,pelt-l2,pelt,l2,1,pelt-l2,0.5,3,0.75,1.0,0.9,True,True,1.0,1.0,1.0,0.9630368129223285,16,16,20.733031874988228,20.608,0.9939694360312511,
woodwind_track229989,test__woodwind_track229989__3_clarinet,woodwind,clarinet,tune,pelt-rbf,pelt,rbf,1,pelt-rbf,0.5,3,0.75,1.0,0.9,True,True,1.0,1.0,1.0,0.959397382015859,16,16,650.5559580419213,20.608,0.031677520965340294,
woodwind_track229989,test__woodwind_track229989__3_clarinet,woodwind,clarinet,tune,kernelcpd-linear,kernelcpd,l2,1,kernelcpd-linear,0.5,3,0.75,1.0,0.9,True,True,1.0,1.0,1.0,0.9630368129223285,16,16,0.06691483315080404,20.608,307.9735692317478,
woodwind_track229989,test__woodwind_track229989__3_clarinet,woodwind,clarinet,tune,kernelcpd-gaussian,kernelcpd,rbf,1,kernelcpd-gaussian,0.5,3,0.75,1.0,0.9,True,True,1.0,1.0,1.0,0.959397382015859,16,16,0.1875833331141621,20.608,109.86050656994188,
woodwind_track229989,test__woodwind_track229989__3_clarinet,woodwind,clarinet,tune,kernelcpd-cosine,kernelcpd,cosine,1,kernelcpd-cosine,0.5,3,0.75,1.0,0.9,True,True,0.6363636363636364,0.4375,0.5185185185185185,0.939638117199329,11,16,0.10002666711807251,20.608,206.02505905424306,
woodwind_track229991,test__woodwind_track229991__1_flute,woodwind,flute,tune,pelt-l1,pelt,l1,1,pelt-l1,0.5,3,0.75,1.0,0.9,True,True,0.9523809523809523,0.9523809523809523,0.9523809523809523,0.9209948296373567,21,21,6.624598291935399,15.14,2.2854215958167625,
woodwind_track229991,test__woodwind_track229991__1_flute,woodwind,flute,tune,pelt-l2,pelt,l2,1,pelt-l2,0.5,3,0.75,1.0,0.9,True,True,0.9523809523809523,0.9523809523809523,0.9523809523809523,0.9218909478952868,21,21,5.162713458063081,15.14,2.9325663961369925,
woodwind_track229991,test__woodwind_track229991__1_flute,woodwind,flute,tune,pelt-rbf,pelt,rbf,1,pelt-rbf,0.5,3,0.75,1.0,0.9,True,True,0.9523809523809523,0.9523809523809523,0.9523809523809523,0.9218909478952868,21,21,11.740945499856025,15.14,1.289504324859157,
woodwind_track229991,test__woodwind_track229991__1_flute,woodwind,flute,tune,kernelcpd-linear,kernelcpd,l2,1,kernelcpd-linear,0.5,3,0.75,1.0,0.9,True,True,0.9523809523809523,0.9523809523809523,0.9523809523809523,0.9218909478952868,21,21,0.051993874832987785,15.14,291.1881456927759,
woodwind_track229991,test__woodwind_track229991__1_flute,woodwind,flute,tune,kernelcpd-gaussian,kernelcpd,rbf,1,kernelcpd-gaussian,0.5,3,0.75,1.0,0.9,True,True,0.9523809523809523,0.9523809523809523,0.9523809523809523,0.9218909478952868,21,21,0.06736220791935921,15.14,224.75510330843713,
woodwind_track229991,test__woodwind_track229991__1_flute,woodwind,flute,tune,kernelcpd-cosine,kernelcpd,cosine,1,kernelcpd-cosine,0.5,3,0.75,1.0,0.9,True,True,0.9444444444444444,0.8095238095238095,0.8717948717948718,0.8825748758646129,18,21,0.03855104185640812,15.14,392.72609171996646,
