track,track_id,ensemble,instrument,role,fmin,fmax,audio_seconds,variant,observation_mode,max_jump_bins,switch_prob,yin_trust,Voicing Recall,Voicing False Alarm,Raw Pitch Accuracy,Raw Chroma Accuracy,Overall Accuracy,voiced_frames,total_frames,voiced_fraction,smoother_compute_time,error
brass_track222382,test__brass_track222382__2_horn,brass,horn,tune,328.99564514330865,623.8650093352387,14.084,hmm-000,attune-uniform,13,0.005012562893380035,0.35,0.9959938366718027,0.07581227436823104,0.976271186440678,0.976271186440678,0.9721749006246451,4483,4822,0.9296972210700954,0.5638460421469063,
brass_track222382,test__brass_track222382__2_horn,brass,horn,tune,328.99564514330865,623.8650093352387,14.084,hmm-001,attune-uniform,13,0.005012562893380035,0.5,0.9959938366718027,0.07581227436823104,0.976271186440678,0.976271186440678,0.9721749006246451,4483,4822,0.9296972210700954,0.3907970830332488,
brass_track222382,test__brass_track222382__2_horn,brass,horn,tune,328.99564514330865,623.8650093352387,14.084,hmm-002,attune-uniform,13,0.005012562893380035,0.65,0.9959938366718027,0.07581227436823104,0.976271186440678,0.976271186440678,0.9721749006246451,4483,4822,0.9296972210700954,0.40607541613280773,
brass_track222382,test__brass_track222382__2_horn,brass,horn,tune,328.99564514330865,623.8650093352387,14.084,hmm-003,attune-uniform,13,0.01,0.35,0.9959938366718027,0.07581227436823104,0.976271186440678,0.976271186440678,0.9721749006246451,4483,4822,0.9296972210700954,0.3888447091449052,
brass_track222382,test__brass_track222382__2_horn,brass,horn,tune,328.99564514330865,623.8650093352387,14.084,hmm-004,attune-uniform,13,0.01,0.5,0.9959938366718027,0.07581227436823104,0.976271186440678,0.976271186440678,0.9721749006246451,4483,4822,0.9296972210700954,0.391889083199203,
brass_track222382,test__brass_track222382__2_horn,brass,horn,tune,328.99564514330865,623.8650093352387,14.084,hmm-005,attune-uniform,13,0.01,0.65,0.9959938366718027,0.07581227436823104,0.976271186440678,0.976271186440678,0.9721749006246451,4483,4822,0.9296972210700954,0.3931101248599589,
brass_track222382,test__brass_track222382__2_horn,brass,horn,tune,328.99564514330865,623.8650093352387,14.084,hmm-006,attune-uniform,25,0.005012562893380035,0.35,0.9959938366718027,0.07581227436823104,0.976271186440678,0.976271186440678,0.9721749006246451,4483,4822,0.9296972210700954,0.4096087908837944,
brass_track222382,test__brass_track222382__2_horn,brass,horn,tune,328.99564514330865,623.8650093352387,14.084,hmm-007,attune-uniform,25,0.005012562893380035,0.5,0.9959938366718027,0.07581227436823104,0.976271186440678,0.976271186440678,0.9721749006246451,4483,4822,0.9296972210700954,0.3933709170669317,
brass_track222382,test__brass_track222382__2_horn,brass,horn,tune,328.99564514330865,623.8650093352387,14.084,hmm-008,attune-uniform,25,0.005012562893380035,0.65,0.9959938366718027,0.07581227436823104,0.976271186440678,0.976271186440678,0.9721749006246451,4483,4822,0.9296972210700954,0.38737020804546773,
brass_track222382,test__brass_track222382__2_horn,brass,horn,tune,328.99564514330865,623.8650093352387,14.084,hmm-009,attune-uniform,25,0.01,0.35,0.9959938366718027,0.07581227436823104,0.976271186440678,0.976271186440678,0.9721749006246451,4483,4822,0.9296972210700954,0.38200700003653765,
brass_track222382,test__brass_track222382__2_horn,brass,horn,tune,328.99564514330865,623.8650093352387,14.084,hmm-010,attune-uniform,25,0.01,0.5,0.9959938366718027,0.07581227436823104,0.976271186440678,0.976271186440678,0.9721749006246451,4483,4822,0.9296972210700954,0.3898711670190096,
brass_track222382,test__brass_track222382__2_horn,brass,horn,tune,328.99564514330865,623.8650093352387,14.084,hmm-011,attune-uniform,25,0.01,0.65,0.9959938366718027,0.07581227436823104,0.976271186440678,0.976271186440678,0.9721749006246451,4483,4822,0.9296972210700954,0.405173041857779,
brass_track222382,test__brass_track222382__2_horn,brass,horn,tune,328.99564514330865,623.8650093352387,14.084,hmm-012,paper-repeated,13,0.005012562893380035,0.35,0.9959938366718027,0.07581227436823104,0.976271186440678,0.976271186440678,0.9721749006246451,4483,4822,0.9296972210700954,0.3956724579911679,
brass_track222382,test__brass_track222382__2_horn,brass,horn,tune,328.99564514330865,623.8650093352387,14.084,hmm-013,paper-repeated,13,0.005012562893380035,0.5,0.9959938366718027,0.07581227436823104,0.976271186440678,0.976271186440678,0.9721749006246451,4483,4822,0.9296972210700954,0.4493860420770943,
brass_track222382,test__brass_track222382__2_horn,brass,horn,tune,328.99564514330865,623.8650093352387,14.084,hmm-014,paper-repeated,13,0.005012562893380035,0.65,0.9959938366718027,0.07581227436823104,0.976271186440678,0.976271186440678,0.9721749006246451,4483,4822,0.9296972210700954,0.42919341707602143,
brass_track222382,test__brass_track222382__2_horn,brass,horn,tune,328.99564514330865,623.8650093352387,14.084,hmm-015,paper-repeated,13,0.01,0.35,0.9959938366718027,0.07581227436823104,0.976271186440678,0.976271186440678,0.9721749006246451,4483,4822,0.9296972210700954,0.4173604170791805,
brass_track222382,test__brass_track222382__2_horn,brass,horn,tune,328.99564514330865,623.8650093352387,14.084,hmm-016,paper-repeated,13,0.01,0.5,0.9959938366718027,0.07581227436823104,0.976271186440678,0.976271186440678,0.9721749006246451,4483,4822,0.9296972210700954,0.4367568341549486,
brass_track222382,test__brass_track222382__2_horn,brass,horn,tune,328.99564514330865,623.8650093352387,14.084,hmm-017,paper-repeated,13,0.01,0.65,0.9959938366718027,0.07581227436823104,0.976271186440678,0.976271186440678,0.9721749006246451,4483,4822,0.9296972210700954,0.4833032910246402,
brass_track222382,test__brass_track222382__2_horn,brass,horn,tune,328.99564514330865,623.8650093352387,14.084,hmm-018,paper-repeated,25,0.005012562893380035,0.35,0.9941448382126348,0.05776173285198556,0.9750385208012327,0.9750385208012327,0.9724588302101079,4468,4822,0.9265864786395687,0.4464945001527667,
brass_track222382,test__brass_track222382__2_horn,brass,horn,tune,328.99564514330865,623.8650093352387,14.084,hmm-019,paper-repeated,25,0.005012562893380035,0.5,0.9959938366718027,0.07581227436823104,0.976271186440678,0.976271186440678,0.9721749006246451,4483,4822,0.9296972210700954,0.44195487489923835,
brass_track222382,test__brass_track222382__2_horn,brass,horn,tune,328.99564514330865,623.8650093352387,14.084,hmm-020,paper-repeated,25,0.005012562893380035,0.65,0.9959938366718027,0.07581227436823104,0.976271186440678,0.976271186440678,0.9721749006246451,4483,4822,0.9296972210700954,0.4297730000689626,
brass_track222382,test__brass_track222382__2_horn,brass,horn,tune,328.99564514330865,623.8650093352387,14.084,hmm-021,paper-repeated,25,0.01,0.35,0.9941448382126348,0.05776173285198556,0.9750385208012327,0.9750385208012327,0.9724588302101079,4468,4822,0.9265864786395687,0.4151851248461753,
brass_track222382,test__brass_track222382__2_horn,brass,horn,tune,328.99564514330865,623.8650093352387,14.084,hmm-022,paper-repeated,25,0.01,0.5,0.9959938366718027,0.07581227436823104,0.976271186440678,0.976271186440678,0.9721749006246451,4483,4822,0.9296972210700954,0.41303791711106896,
brass_track222382,test__brass_track222382__2_horn,brass,horn,tune,328.99564514330865,623.8650093352387,14.084,hmm-023,paper-repeated,25,0.01,0.65,0.9959938366718027,0.07581227436823104,0.976271186440678,0.976271186440678,0.9721749006246451,4483,4822,0.9296972210700954,0.41230637510307133,
brass_track223610,test__brass_track223610__3_trombone,brass,trombone,tune,219.0921291887412,497.9778830438611,18.008,hmm-000,attune-uniform,13,0.005012562893380035,0.35,0.9855210064087349,0.1,0.9366247329693805,0.9651079990505578,0.9342660448589829,5763,6174,0.9334305150631681,0.9533580418210477,
brass_track223610,test__brass_track223610__3_trombone,brass,trombone,tune,219.0921291887412,497.9778830438611,18.008,hmm-001,attune-uniform,13,0.005012562893380035,0.5,0.9862330880607643,0.10344827586206896,0.9370994540707335,0.9655827201519107,0.9344881190317567,5767,6174,0.9340783932620668,0.8061780829448253,
brass_track223610,test__brass_track223610__3_trombone,brass,trombone,tune,219.0921291887412,497.9778830438611,18.008,hmm-002,attune-uniform,13,0.005012562893380035,0.65,0.9869451697127938,0.10689655172413794,0.9373368146214099,0.9658200807025872,0.9344881190317567,5773,6174,0.9350502105604146,0.8083724579773843,
brass_track223610,test__brass_track223610__3_trombone,brass,trombone,tune,219.0921291887412,497.9778830438611,18.008,hmm-003,attune-uniform,13,0.01,0.35,0.9855210064087349,0.1,0.9366247329693805,0.9651079990505578,0.9342660448589829,5763,6174,0.9334305150631681,0.8044924170244485,
brass_track223610,test__brass_track223610__3_trombone,brass,trombone,tune,219.0921291887412,497.9778830438611,18.008,hmm-004,attune-uniform,13,0.01,0.5,0.9862330880607643,0.10344827586206896,0.9370994540707335,0.9655827201519107,0.9344881190317567,5767,6174,0.9340783932620668,0.8022578340023756,
brass_track223610,test__brass_track223610__3_trombone,brass,trombone,tune,219.0921291887412,497.9778830438611,18.008,hmm-005,attune-uniform,13,0.01,0.65,0.9869451697127938,0.10689655172413794,0.9373368146214099,0.9658200807025872,0.9344881190317567,5773,6174,0.9350502105604146,0.8168947910889983,
brass_track223610,test__brass_track223610__3_trombone,brass,trombone,tune,219.0921291887412,497.9778830438611,18.008,hmm-006,attune-uniform,25,0.005012562893380035,0.35,0.9855210064087349,0.10344827586206896,0.9366247329693805,0.9651079990505578,0.9340439706862091,5766,6174,0.9339164237123421,0.8725616668816656,
brass_track223610,test__brass_track223610__3_trombone,brass,trombone,tune,219.0921291887412,497.9778830438611,18.008,hmm-007,attune-uniform,25,0.005012562893380035,0.5,0.9878946119154997,0.11379310344827587,0.9404225017802041,0.9646332779492048,0.9369309349322674,5783,6174,0.9366699060576612,0.8536568330600858,
brass_track223610,test__brass_track223610__3_trombone,brass,trombone,tune,219.0921291887412,497.9778830438611,18.008,hmm-008,attune-uniform,25,0.005012562893380035,0.65,0.9895561357702349,0.1206896551724138,0.9411345834322336,0.9653453596012342,0.9371530091050411,5793,6174,0.9382896015549077,0.9124650000594556,
brass_track223610,test__brass_track223610__3_trombone,brass,trombone,tune,219.0921291887412,497.9778830438611,18.008,hmm-009,attune-uniform,25,0.01,0.35,0.9869451697127938,0.1103448275862069,0.9401851412295277,0.9643959173985284,0.9369309349322674,5777,6174,0.9356980887593133,0.8582875831052661,
brass_track223610,test__brass_track223610__3_trombone,brass,trombone,tune,219.0921291887412,497.9778830438611,18.008,hmm-010,attune-uniform,25,0.01,0.5,0.9878946119154997,0.11379310344827587,0.9404225017802041,0.9646332779492048,0.9369309349322674,5783,6174,0.9366699060576612,0.8317185831256211,
brass_track223610,test__brass_track223610__3_trombone,brass,trombone,tune,219.0921291887412,497.9778830438611,18.008,hmm-011,attune-uniform,25,0.01,0.65,0.9895561357702349,0.1206896551724138,0.9411345834322336,0.9653453596012342,0.9371530091050411,5793,6174,0.9382896015549077,0.8490963750518858,
brass_track223610,test__brass_track223610__3_trombone,brass,trombone,tune,219.0921291887412,497.9778830438611,18.008,hmm-012,paper-repeated,13,0.005012562893380035,0.35,0.9325896036078803,0.010344827586206896,0.8723000237360551,0.9252314265369096,0.8798578725294248,5415,6174,0.8770651117589893,0.8570763331372291,
brass_track223610,test__brass_track223610__3_trombone,brass,trombone,tune,219.0921291887412,497.9778830438611,18.008,hmm-013,paper-repeated,13,0.005012562893380035,0.5,0.9420840256349394,0.017241379310344827,0.8798955613577023,0.9330643247092333,0.8865200977126361,5475,6174,0.8867832847424684,0.8850264172069728,
brass_track223610,test__brass_track223610__3_trombone,brass,trombone,tune,219.0921291887412,497.9778830438611,18.008,hmm-014,paper-repeated,13,0.005012562893380035,0.65,0.9530026109660574,0.020689655172413793,0.9136007595537622,0.9420840256349394,0.9178325560737286,5545,6174,0.8981211532231941,0.8443520409055054,
brass_track223610,test__brass_track223610__3_trombone,brass,trombone,tune,219.0921291887412,497.9778830438611,18.008,hmm-015,paper-repeated,13,0.01,0.35,0.9325896036078803,0.010344827586206896,0.8723000237360551,0.9252314265369096,0.8798578725294248,5415,6174,0.8770651117589893,0.8524266250897199,
brass_track223610,test__brass_track223610__3_trombone,brass,trombone,tune,219.0921291887412,497.9778830438611,18.008,hmm-016,paper-repeated,13,0.01,0.5,0.9420840256349394,0.017241379310344827,0.8798955613577023,0.9330643247092333,0.8865200977126361,5475,6174,0.8867832847424684,0.8415699580218643,
brass_track223610,test__brass_track223610__3_trombone,brass,trombone,tune,219.0921291887412,497.9778830438611,18.008,hmm-017,paper-repeated,13,0.01,0.65,0.9530026109660574,0.020689655172413793,0.9136007595537622,0.9420840256349394,0.9178325560737286,5545,6174,0.8981211532231941,0.8366681251209229,
brass_track223610,test__brass_track223610__3_trombone,brass,trombone,tune,219.0921291887412,497.9778830438611,18.008,hmm-018,paper-repeated,25,0.005012562893380035,0.35,0.9228578210301448,0.010344827586206896,0.8637550439117019,0.9166864467125564,0.8718632023095714,5362,6174,0.8684807256235828,0.8305231661070138,
brass_track223610,test__brass_track223610__3_trombone,brass,trombone,tune,219.0921291887412,497.9778830438611,18.008,hmm-019,paper-repeated,25,0.005012562893380035,0.5,0.9375741751720864,0.017241379310344827,0.8760977925468787,0.9292665558984097,0.8829669109482567,5448,6174,0.8824101068999028,0.9124795829411596,
brass_track223610,test__brass_track223610__3_trombone,brass,trombone,tune,219.0921291887412,497.9778830438611,18.008,hmm-020,paper-repeated,25,0.005012562893380035,0.65,0.9477806788511749,0.017241379310344827,0.8832186090671731,0.9370994540707335,0.8896291361314679,5515,6174,0.8932620667314545,0.8339032081421465,
brass_track223610,test__brass_track223610__3_trombone,brass,trombone,tune,219.0921291887412,497.9778830438611,18.008,hmm-021,paper-repeated,25,0.01,0.35,0.9228578210301448,0.010344827586206896,0.8637550439117019,0.9166864467125564,0.8718632023095714,5362,6174,0.8684807256235828,0.8820982091128826,
brass_track223610,test__brass_track223610__3_trombone,brass,trombone,tune,219.0921291887412,497.9778830438611,18.008,hmm-022,paper-repeated,25,0.01,0.5,0.9375741751720864,0.017241379310344827,0.8760977925468787,0.9292665558984097,0.8829669109482567,5448,6174,0.8824101068999028,0.855008166981861,
brass_track223610,test__brass_track223610__3_trombone,brass,trombone,tune,219.0921291887412,497.9778830438611,18.008,hmm-023,paper-repeated,25,0.01,0.65,0.9477806788511749,0.017241379310344827,0.8832186090671731,0.9370994540707335,0.8896291361314679,5515,6174,0.8932620667314545,0.8494424999225885,
brass_track222508,test__brass_track222508__1_trumpet,brass,trumpet,tune,389.6582854866525,844.2022284378562,24.14,hmm-000,attune-uniform,13,0.005012562893380035,0.35,0.6559139784946236,0.08148148148148149,0.6493236212278877,0.6493236212278877,0.6613651424784626,5243,8287,0.632677687944974,1.1114162090234458,
brass_track222508,test__brass_track222508__1_trumpet,brass,trumpet,tune,389.6582854866525,844.2022284378562,24.14,hmm-001,attune-uniform,13,0.005012562893380035,0.5,0.6559139784946236,0.08148148148148149,0.6493236212278877,0.6493236212278877,0.6613651424784626,5243,8287,0.632677687944974,0.9931011660955846,
brass_track222508,test__brass_track222508__1_trumpet,brass,trumpet,tune,389.6582854866525,844.2022284378562,24.14,hmm-002,attune-uniform,13,0.005012562893380035,0.65,0.6559139784946236,0.08148148148148149,0.6493236212278877,0.6493236212278877,0.6613651424784626,5243,8287,0.632677687944974,0.9723865410778672,
brass_track222508,test__brass_track222508__1_trumpet,brass,trumpet,tune,389.6582854866525,844.2022284378562,24.14,hmm-003,attune-uniform,13,0.01,0.35,0.6559139784946236,0.08148148148148149,0.6493236212278877,0.6493236212278877,0.6613651424784626,5243,8287,0.632677687944974,0.9468621250707656,
brass_track222508,test__brass_track222508__1_trumpet,brass,trumpet,tune,389.6582854866525,844.2022284378562,24.14,hmm-004,attune-uniform,13,0.01,0.5,0.6559139784946236,0.08148148148148149,0.6493236212278877,0.6493236212278877,0.6613651424784626,5243,8287,0.632677687944974,0.9637035408522934,
brass_track222508,test__brass_track222508__1_trumpet,brass,trumpet,tune,389.6582854866525,844.2022284378562,24.14,hmm-005,attune-uniform,13,0.01,0.65,0.6559139784946236,0.08148148148148149,0.6493236212278877,0.6493236212278877,0.6613651424784626,5243,8287,0.632677687944974,1.0965950421523303,
brass_track222508,test__brass_track222508__1_trumpet,brass,trumpet,tune,389.6582854866525,844.2022284378562,24.14,hmm-006,attune-uniform,25,0.005012562893380035,0.35,0.6559139784946236,0.08148148148148149,0.6493236212278877,0.6493236212278877,0.6613651424784626,5243,8287,0.632677687944974,1.0188007920514792,
brass_track222508,test__brass_track222508__1_trumpet,brass,trumpet,tune,389.6582854866525,844.2022284378562,24.14,hmm-007,attune-uniform,25,0.005012562893380035,0.5,0.6559139784946236,0.08148148148148149,0.6493236212278877,0.6493236212278877,0.6613651424784626,5243,8287,0.632677687944974,1.068527749972418,
brass_track222508,test__brass_track222508__1_trumpet,brass,trumpet,tune,389.6582854866525,844.2022284378562,24.14,hmm-008,attune-uniform,25,0.005012562893380035,0.65,0.6559139784946236,0.08148148148148149,0.6493236212278877,0.6493236212278877,0.6613651424784626,5243,8287,0.632677687944974,1.0234079998917878,
brass_track222508,test__brass_track222508__1_trumpet,brass,trumpet,tune,389.6582854866525,844.2022284378562,24.14,hmm-009,attune-uniform,25,0.01,0.35,0.6559139784946236,0.08148148148148149,0.6493236212278877,0.6493236212278877,0.6613651424784626,5243,8287,0.632677687944974,1.0009843339212239,
brass_track222508,test__brass_track222508__1_trumpet,brass,trumpet,tune,389.6582854866525,844.2022284378562,24.14,hmm-010,attune-uniform,25,0.01,0.5,0.6559139784946236,0.08148148148148149,0.6493236212278877,0.6493236212278877,0.6613651424784626,5243,8287,0.632677687944974,0.9912805000785738,
brass_track222508,test__brass_track222508__1_trumpet,brass,trumpet,tune,389.6582854866525,844.2022284378562,24.14,hmm-011,attune-uniform,25,0.01,0.65,0.6559139784946236,0.08148148148148149,0.6493236212278877,0.6493236212278877,0.6613651424784626,5243,8287,0.632677687944974,1.004209459060803,
brass_track222508,test__brass_track222508__1_trumpet,brass,trumpet,tune,389.6582854866525,844.2022284378562,24.14,hmm-012,paper-repeated,13,0.005012562893380035,0.35,0.6491501907734998,0.04814814814814815,0.645681581685744,0.645681581685744,0.659377070907886,5176,8287,0.6245927356099915,1.0184237498324364,
brass_track222508,test__brass_track222508__1_trumpet,brass,trumpet,tune,389.6582854866525,844.2022284378562,24.14,hmm-013,paper-repeated,13,0.005012562893380035,0.5,0.6514047866805411,0.06666666666666667,0.6472424557752341,0.6472424557752341,0.6600397614314115,5200,8287,0.6274888379389405,1.011168000055477,
brass_track222508,test__brass_track222508__1_trumpet,brass,trumpet,tune,389.6582854866525,844.2022284378562,24.14,hmm-014,paper-repeated,13,0.005012562893380035,0.65,0.6524453694068678,0.06666666666666667,0.6481096080471731,0.6481096080471731,0.6608681245858185,5209,8287,0.6285748763122964,1.013236208120361,
brass_track222508,test__brass_track222508__1_trumpet,brass,trumpet,tune,389.6582854866525,844.2022284378562,24.14,hmm-015,paper-repeated,13,0.01,0.35,0.6491501907734998,0.04814814814814815,0.645681581685744,0.645681581685744,0.659377070907886,5176,8287,0.6245927356099915,1.011163790943101,
brass_track222508,test__brass_track222508__1_trumpet,brass,trumpet,tune,389.6582854866525,844.2022284378562,24.14,hmm-016,paper-repeated,13,0.01,0.5,0.6505376344086021,0.05185185185185185,0.6468955948664585,0.6468955948664585,0.6603711066931743,5188,8287,0.6260407867744661,1.0176979580428451,
brass_track222508,test__brass_track222508__1_trumpet,brass,trumpet,tune,389.6582854866525,844.2022284378562,24.14,hmm-017,paper-repeated,13,0.01,0.65,0.6524453694068678,0.06666666666666667,0.6481096080471731,0.6481096080471731,0.6608681245858185,5209,8287,0.6285748763122964,0.9849603329785168,
brass_track222508,test__brass_track222508__1_trumpet,brass,trumpet,tune,389.6582854866525,844.2022284378562,24.14,hmm-018,paper-repeated,25,0.005012562893380035,0.35,0.6484564689559487,0.04814814814814815,0.6449878598681928,0.6449878598681928,0.6587143803843605,5171,8287,0.6239893809581272,1.0047058330383152,
brass_track222508,test__brass_track222508__1_trumpet,brass,trumpet,tune,389.6582854866525,844.2022284378562,24.14,hmm-019,paper-repeated,25,0.005012562893380035,0.5,0.6508844953173777,0.06666666666666667,0.6467221644120708,0.6467221644120708,0.6595427435387674,5196,8287,0.627006154217449,0.9886749999132007,
brass_track222508,test__brass_track222508__1_trumpet,brass,trumpet,tune,389.6582854866525,844.2022284378562,24.14,hmm-020,paper-repeated,25,0.005012562893380035,0.65,0.6515782171349289,0.06666666666666667,0.6472424557752341,0.6472424557752341,0.6600397614314115,5202,8287,0.6277301797996863,1.01669295784086,
brass_track222508,test__brass_track222508__1_trumpet,brass,trumpet,tune,389.6582854866525,844.2022284378562,24.14,hmm-021,paper-repeated,25,0.01,0.35,0.6484564689559487,0.04814814814814815,0.6449878598681928,0.6449878598681928,0.6587143803843605,5171,8287,0.6239893809581272,0.993738166987896,
brass_track222508,test__brass_track222508__1_trumpet,brass,trumpet,tune,389.6582854866525,844.2022284378562,24.14,hmm-022,paper-repeated,25,0.01,0.5,0.6500173430454388,0.05185185185185185,0.6463753035032952,0.6463753035032952,0.6598740888005301,5184,8287,0.6255581030529745,0.9731760420836508,
brass_track222508,test__brass_track222508__1_trumpet,brass,trumpet,tune,389.6582854866525,844.2022284378562,24.14,hmm-023,paper-repeated,25,0.01,0.65,0.6515782171349289,0.06666666666666667,0.6472424557752341,0.6472424557752341,0.6600397614314115,5202,8287,0.6277301797996863,0.9899788750335574,
brass_track222974,test__brass_track222974__4_tuba,brass,tuba,tune,109.86216996712162,296.49721656881945,34.132,hmm-000,attune-uniform,13,0.005012562893380035,0.35,0.9877143899768884,0.21405750798722045,0.9674005595426347,0.9750638608441795,0.9607452542770096,11283,11729,0.9619745928894193,2.386430290993303,
brass_track222974,test__brass_track222974__4_tuba,brass,tuba,tune,109.86216996712162,296.49721656881945,34.132,hmm-001,attune-uniform,13,0.005012562893380035,0.5,0.9889307870088797,0.22044728434504793,0.9680087580586303,0.9756720593601752,0.9610967893133349,11300,11729,0.963423991815159,2.287529374938458,
brass_track222974,test__brass_track222974__4_tuba,brass,tuba,tune,109.86216996712162,296.49721656881945,34.132,hmm-002,attune-uniform,13,0.005012562893380035,0.65,0.9900255443376719,0.23322683706070288,0.9687385962778251,0.9762802578761708,0.9613311460042184,11316,11729,0.964788131980561,2.50614120811224,
brass_track222974,test__brass_track222974__4_tuba,brass,tuba,tune,109.86216996712162,296.49721656881945,34.132,hmm-003,attune-uniform,13,0.01,0.35,0.9877143899768884,0.21405750798722045,0.9674005595426347,0.9750638608441795,0.9607452542770096,11283,11729,0.9619745928894193,2.3819679578300565,
brass_track222974,test__brass_track222974__4_tuba,brass,tuba,tune,109.86216996712162,296.49721656881945,34.132,hmm-004,attune-uniform,13,0.01,0.5,0.9889307870088797,0.22044728434504793,0.9680087580586303,0.9756720593601752,0.9610967893133349,11300,11729,0.963423991815159,2.389767666812986,
brass_track222974,test__brass_track222974__4_tuba,brass,tuba,tune,109.86216996712162,296.49721656881945,34.132,hmm-005,attune-uniform,13,0.01,0.65,0.9900255443376719,0.23322683706070288,0.9687385962778251,0.9762802578761708,0.9613311460042184,11316,11729,0.964788131980561,2.3234605418983847,
brass_track222974,test__brass_track222974__4_tuba,brass,tuba,tune,109.86216996712162,296.49721656881945,34.132,hmm-006,attune-uniform,25,0.005012562893380035,0.35,0.9894173458216762,0.23322683706070288,0.9678871183554312,0.9759153387665734,0.9605108975861261,11311,11729,0.9643618381788729,2.368687625043094,
brass_track222974,test__brass_track222974__4_tuba,brass,tuba,tune,109.86216996712162,296.49721656881945,34.132,hmm-007,attune-uniform,25,0.005012562893380035,0.5,0.9903904634472692,0.2364217252396166,0.9684953168714269,0.976523537282569,0.9609796109678931,11323,11729,0.9653849433029243,2.348492374876514,
brass_track222974,test__brass_track222974__4_tuba,brass,tuba,tune,109.86216996712162,296.49721656881945,34.132,hmm-008,attune-uniform,25,0.005012562893380035,0.65,0.9911203016664639,0.3258785942492013,0.9689818756842233,0.9770100960953655,0.9581673306772909,11370,11729,0.9693921050387927,2.2993159159086645,
brass_track222974,test__brass_track222974__4_tuba,brass,tuba,tune,109.86216996712162,296.49721656881945,34.132,hmm-009,attune-uniform,25,0.01,0.35,0.9894173458216762,0.23322683706070288,0.9678871183554312,0.9759153387665734,0.9605108975861261,11311,11729,0.9643618381788729,2.3495387081056833,
brass_track222974,test__brass_track222974__4_tuba,brass,tuba,tune,109.86216996712162,296.49721656881945,34.132,hmm-010,attune-uniform,25,0.01,0.5,0.9903904634472692,0.2364217252396166,0.9684953168714269,0.976523537282569,0.9609796109678931,11323,11729,0.9653849433029243,2.3202076249290258,
brass_track222974,test__brass_track222974__4_tuba,brass,tuba,tune,109.86216996712162,296.49721656881945,34.132,hmm-011,attune-uniform,25,0.01,0.65,0.9911203016664639,0.3258785942492013,0.9689818756842233,0.9770100960953655,0.9581673306772909,11370,11729,0.9693921050387927,2.373686624923721,
brass_track222974,test__brass_track222974__4_tuba,brass,tuba,tune,109.86216996712162,296.49721656881945,34.132,hmm-012,paper-repeated,13,0.005012562893380035,0.35,0.8121882982605523,0.025559105431309903,0.8092689453837733,0.8092689453837733,0.8153269275837826,9210,11729,0.7852331827095234,2.342994041973725,
brass_track222974,test__brass_track222974__4_tuba,brass,tuba,tune,109.86216996712162,296.49721656881945,34.132,hmm-013,paper-repeated,13,0.005012562893380035,0.5,0.8441795402019219,0.04153354632587859,0.8399221505899526,0.8399221505899526,0.8442699789078978,9582,11729,0.8169494415551198,2.34929829207249,
brass_track222974,test__brass_track222974__4_tuba,brass,tuba,tune,109.86216996712162,296.49721656881945,34.132,hmm-014,paper-repeated,13,0.005012562893380035,0.65,0.8818878481936504,0.08626198083067092,0.8756842233304951,0.8765357012528889,0.8770799156315913,10027,11729,0.8548895899053628,2.334827624959871,
brass_track222974,test__brass_track222974__4_tuba,brass,tuba,tune,109.86216996712162,296.49721656881945,34.132,hmm-015,paper-repeated,13,0.01,0.35,0.810971901228561,0.025559105431309903,0.8085391071645786,0.8085391071645786,0.814623857511132,9196,11729,0.7840395600647967,2.3877741668839008,
brass_track222974,test__brass_track222974__4_tuba,brass,tuba,tune,109.86216996712162,296.49721656881945,34.132,hmm-016,paper-repeated,13,0.01,0.5,0.8441795402019219,0.04153354632587859,0.8399221505899526,0.8399221505899526,0.8442699789078978,9582,11729,0.8169494415551198,2.3422292498871684,
brass_track222974,test__brass_track222974__4_tuba,brass,tuba,tune,109.86216996712162,296.49721656881945,34.132,hmm-017,paper-repeated,13,0.01,0.65,0.8818878481936504,0.08626198083067092,0.8756842233304951,0.8765357012528889,0.8770799156315913,10027,11729,0.8548895899053628,2.358869208022952,
brass_track222974,test__brass_track222974__4_tuba,brass,tuba,tune,109.86216996712162,296.49721656881945,34.132,hmm-018,paper-repeated,25,0.005012562893380035,0.35,0.8104853424157645,0.022364217252396165,0.8075659895389855,0.8075659895389855,0.8138036090930396,9190,11729,0.783528007502771,2.434303707908839,
brass_track222974,test__brass_track222974__4_tuba,brass,tuba,tune,109.86216996712162,296.49721656881945,34.132,hmm-019,paper-repeated,25,0.005012562893380035,0.5,0.8418683858411385,0.04153354632587859,0.8377326359323684,0.8377326359323684,0.842160768689946,9556,11729,0.8147327137863416,2.9820910829585046,
brass_track222974,test__brass_track222974__4_tuba,brass,tuba,tune,109.86216996712162,296.49721656881945,34.132,hmm-020,paper-repeated,25,0.005012562893380035,0.65,0.8801848923488627,0.08306709265175719,0.8711835543121275,0.8751976645176985,0.8728614951956878,10009,11729,0.8533549322192855,2.4594738341402262,
brass_track222974,test__brass_track222974__4_tuba,brass,tuba,tune,109.86216996712162,296.49721656881945,34.132,hmm-021,paper-repeated,25,0.01,0.35,0.8092689453837733,0.022364217252396165,0.8068361513197908,0.8068361513197908,0.813100539020389,9176,11729,0.7823343848580442,2.4722709578927606,
brass_track222974,test__brass_track222974__4_tuba,brass,tuba,tune,109.86216996712162,296.49721656881945,34.132,hmm-022,paper-repeated,25,0.01,0.5,0.8418683858411385,0.04153354632587859,0.8377326359323684,0.8377326359323684,0.842160768689946,9556,11729,0.8147327137863416,2.3536076669115573,
brass_track222974,test__brass_track222974__4_tuba,brass,tuba,tune,109.86216996712162,296.49721656881945,34.132,hmm-023,paper-repeated,25,0.01,0.65,0.8801848923488627,0.08306709265175719,0.8711835543121275,0.8751976645176985,0.8728614951956878,10009,11729,0.8533549322192855,2.3668725420720875,
random_track235499,test__random_track235499__4_bassoon,random,bassoon,tune,123.3468143786735,353.1052335164464,13.912,hmm-000,attune-uniform,13,0.005012562893380035,0.35,0.9874686716791979,0.3519163763066202,0.9276315789473685,0.9583333333333334,0.9045702788157517,4486,4763,0.9418433760235146,1.175489833112806,
random_track235499,test__random_track235499__4_bassoon,random,bassoon,tune,123.3468143786735,353.1052335164464,13.912,hmm-001,attune-uniform,13,0.005012562893380035,0.5,0.9884085213032582,0.3519163763066202,0.9279448621553885,0.9586466165413534,0.9048577177349814,4489,4763,0.9424732311568339,1.0160977090708911,
random_track235499,test__random_track235499__4_bassoon,random,bassoon,tune,123.3468143786735,353.1052335164464,13.912,hmm-002,attune-uniform,13,0.005012562893380035,0.65,0.9890350877192983,0.37282229965156793,0.9282581453634086,0.9589598997493735,0.903420523138833,4498,4763,0.9443627965567919,1.049710749881342,
random_track235499,test__random_track235499__4_bassoon,random,bassoon,tune,123.3468143786735,353.1052335164464,13.912,hmm-003,attune-uniform,13,0.01,0.35,0.9837092731829574,0.3519163763066202,0.9407894736842105,0.9545739348370927,0.9166427134233975,4468,4763,0.9380642452235985,1.0433685837779194,
random_track235499,test__random_track235499__4_bassoon,random,bassoon,tune,123.3468143786735,353.1052335164464,13.912,hmm-004,attune-uniform,13,0.01,0.5,0.9884085213032582,0.3519163763066202,0.9279448621553885,0.9586466165413534,0.9048577177349814,4489,4763,0.9424732311568339,1.0482488330453634,
random_track235499,test__random_track235499__4_bassoon,random,bassoon,tune,123.3468143786735,353.1052335164464,13.912,hmm-005,attune-uniform,13,0.01,0.65,0.9890350877192983,0.37282229965156793,0.9282581453634086,0.9589598997493735,0.903420523138833,4498,4763,0.9443627965567919,1.126326333032921,
random_track235499,test__random_track235499__4_bassoon,random,bassoon,tune,123.3468143786735,353.1052335164464,13.912,hmm-006,attune-uniform,25,0.005012562893380035,0.35,0.9887218045112782,0.3623693379790941,0.9423558897243107,0.9580200501253133,0.9172175912618569,4493,4763,0.9433130380012598,1.156750624999404,
random_track235499,test__random_track235499__4_bassoon,random,bassoon,tune,123.3468143786735,353.1052335164464,13.912,hmm-007,attune-uniform,25,0.005012562893380035,0.5,0.9893483709273183,0.3623693379790941,0.9426691729323309,0.9583333333333334,0.9175050301810865,4498,4763,0.9443627965567919,1.0756481669377536,
random_track235499,test__random_track235499__4_bassoon,random,bassoon,tune,123.3468143786735,353.1052335164464,13.912,hmm-008,attune-uniform,25,0.005012562893380035,0.65,0.9902882205513784,0.37282229965156793,0.943295739348371,0.9589598997493735,0.9172175912618569,4505,4763,0.945832458534537,1.0429224581457675,
random_track235499,test__random_track235499__4_bassoon,random,bassoon,tune,123.3468143786735,353.1052335164464,13.912,hmm-009,attune-uniform,25,0.01,0.35,0.9887218045112782,0.3623693379790941,0.9423558897243107,0.9580200501253133,0.9172175912618569,4493,4763,0.9433130380012598,1.048539790790528,
random_track235499,test__random_track235499__4_bassoon,random,bassoon,tune,123.3468143786735,353.1052335164464,13.912,hmm-010,attune-uniform,25,0.01,0.5,0.9893483709273183,0.3623693379790941,0.9426691729323309,0.9583333333333334,0.9175050301810865,4498,4763,0.9443627965567919,1.1167656250763685,
random_track235499,test__random_track235499__4_bassoon,random,bassoon,tune,123.3468143786735,353.1052335164464,13.912,hmm-011,attune-uniform,25,0.01,0.65,0.9902882205513784,0.37282229965156793,0.943295739348371,0.9589598997493735,0.9172175912618569,4505,4763,0.945832458534537,1.0748835830017924,
random_track235499,test__random_track235499__4_bassoon,random,bassoon,tune,123.3468143786735,353.1052335164464,13.912,hmm-012,paper-repeated,13,0.005012562893380035,0.35,0.6597744360902256,0.04529616724738676,0.6519423558897243,0.6522556390977443,0.676918654785858,2921,4763,0.6132689481419273,1.0807806248776615,
random_track235499,test__random_track235499__4_bassoon,random,bassoon,tune,123.3468143786735,353.1052335164464,13.912,hmm-013,paper-repeated,13,0.005012562893380035,0.5,0.7290100250626567,0.04878048780487805,0.7164786967418546,0.7180451127819549,0.7358436332279391,3226,4763,0.6773042200293933,1.0612620001193136,
random_track235499,test__random_track235499__4_bassoon,random,bassoon,tune,123.3468143786735,353.1052335164464,13.912,hmm-014,paper-repeated,13,0.005012562893380035,0.65,0.806390977443609,0.0627177700348432,0.7891604010025063,0.7907268170426065,0.8013797068123024,3571,4763,0.7497375603611169,1.0818365840241313,
random_track235499,test__random_track235499__4_bassoon,random,bassoon,tune,123.3468143786735,353.1052335164464,13.912,hmm-015,paper-repeated,13,0.01,0.35,0.6597744360902256,0.04529616724738676,0.6519423558897243,0.6522556390977443,0.676918654785858,2921,4763,0.6132689481419273,1.096891000168398,
random_track235499,test__random_track235499__4_bassoon,random,bassoon,tune,123.3468143786735,353.1052335164464,13.912,hmm-016,paper-repeated,13,0.01,0.5,0.7070802005012531,0.04878048780487805,0.6945488721804511,0.6961152882205514,0.7157229088818626,3130,4763,0.6571488557631745,1.0672837919555604,
random_track235499,test__random_track235499__4_bassoon,random,bassoon,tune,123.3468143786735,353.1052335164464,13.912,hmm-017,paper-repeated,13,0.01,0.65,0.806390977443609,0.0627177700348432,0.7891604010025063,0.7907268170426065,0.8013797068123024,3571,4763,0.7497375603611169,1.0475889169611037,
random_track235499,test__random_track235499__4_bassoon,random,bassoon,tune,123.3468143786735,353.1052335164464,13.912,hmm-018,paper-repeated,25,0.005012562893380035,0.35,0.6550751879699248,0.03832752613240418,0.6475563909774437,0.6478696741854637,0.673469387755102,2897,4763,0.6082301070753726,1.0303127078805119,
random_track235499,test__random_track235499__4_bassoon,random,bassoon,tune,123.3468143786735,353.1052335164464,13.912,hmm-019,paper-repeated,25,0.005012562893380035,0.5,0.7218045112781954,0.04529616724738676,0.7095864661654135,0.7117794486215538,0.7298074159241161,3193,4763,0.6703758135628806,1.061022249981761,
random_track235499,test__random_track235499__4_bassoon,random,bassoon,tune,123.3468143786735,353.1052335164464,13.912,hmm-020,paper-repeated,25,0.005012562893380035,0.65,0.8076441102756893,0.0627177700348432,0.7891604010025063,0.7919799498746867,0.8013797068123024,3578,4763,0.7512072223388621,1.0583040418568999,
random_track235499,test__random_track235499__4_bassoon,random,bassoon,tune,123.3468143786735,353.1052335164464,13.912,hmm-021,paper-repeated,25,0.01,0.35,0.6550751879699248,0.03832752613240418,0.6475563909774437,0.6478696741854637,0.673469387755102,2897,4763,0.6082301070753726,1.0520775408949703,
random_track235499,test__random_track235499__4_bassoon,random,bassoon,tune,123.3468143786735,353.1052335164464,13.912,hmm-022,paper-repeated,25,0.01,0.5,0.7218045112781954,0.04529616724738676,0.7095864661654135,0.7117794486215538,0.7298074159241161,3193,4763,0.6703758135628806,1.0404220828786492,
random_track235499,test__random_track235499__4_bassoon,random,bassoon,tune,123.3468143786735,353.1052335164464,13.912,hmm-023,paper-repeated,25,0.01,0.65,0.8076441102756893,0.0627177700348432,0.7891604010025063,0.7919799498746867,0.8013797068123024,3578,4763,0.7512072223388621,1.0483491669874638,
random_track235705,test__random_track235705__4_cello,random,cello,tune,109.60043040536817,353.7491486616918,33.548,hmm-000,attune-uniform,13,0.005012562893380035,0.35,0.9904797230464887,0.17333333333333334,0.9756429277942631,0.9756429277942631,0.9703147353361946,11110,11528,0.9637404580152672,3.302735833916813,
random_track235705,test__random_track235705__4_cello,random,cello,tune,109.60043040536817,353.7491486616918,33.548,hmm-001,attune-uniform,13,0.005012562893380035,0.5,0.9914688427299704,0.18666666666666668,0.9761374876360039,0.9761374876360039,0.9703147353361946,11126,11528,0.9651283830673144,3.3789073748048395,
random_track235705,test__random_track235705__4_cello,random,cello,tune,109.60043040536817,353.7491486616918,33.548,hmm-002,attune-uniform,13,0.005012562893380035,0.65,0.9922106824925816,0.18666666666666668,0.9762611275964391,0.9762611275964391,0.9704339532665713,11137,11528,0.9660825815405968,3.399048165883869,
random_track235705,test__random_track235705__4_cello,random,cello,tune,109.60043040536817,353.7491486616918,33.548,hmm-003,attune-uniform,13,0.01,0.35,0.9904797230464887,0.17333333333333334,0.9756429277942631,0.9756429277942631,0.9703147353361946,11110,11528,0.9637404580152672,3.2461889579426497,
random_track235705,test__random_track235705__4_cello,random,cello,tune,109.60043040536817,353.7491486616918,33.548,hmm-004,attune-uniform,13,0.01,0.5,0.9914688427299704,0.18666666666666668,0.9761374876360039,0.9761374876360039,0.9703147353361946,11126,11528,0.9651283830673144,3.271261499961838,
random_track235705,test__random_track235705__4_cello,random,cello,tune,109.60043040536817,353.7491486616918,33.548,hmm-005,attune-uniform,13,0.01,0.65,0.9922106824925816,0.18666666666666668,0.9762611275964391,0.9762611275964391,0.9704339532665713,11137,11528,0.9660825815405968,3.2429049590136856,
random_track235705,test__random_track235705__4_cello,random,cello,tune,109.60043040536817,353.7491486616918,33.548,hmm-006,attune-uniform,25,0.005012562893380035,0.35,0.9904797230464887,0.17333333333333334,0.9756429277942631,0.9756429277942631,0.9703147353361946,11110,11528,0.9637404580152672,3.2193378750234842,
random_track235705,test__random_track235705__4_cello,random,cello,tune,109.60043040536817,353.7491486616918,33.548,hmm-007,attune-uniform,25,0.005012562893380035,0.5,0.9923343224530168,0.18666666666666668,0.9763847675568744,0.9763847675568744,0.9705531711969481,11140,11528,0.9663428174878557,3.1543106669560075,
random_track235705,test__random_track235705__4_cello,random,cello,tune,109.60043040536817,353.7491486616918,33.548,hmm-008,attune-uniform,25,0.005012562893380035,0.65,0.9931998021760633,0.18666666666666668,0.97675568743818,0.97675568743818,0.9709108249880782,11150,11528,0.9672102706453851,3.251673541031778,
random_track235705,test__random_track235705__4_cello,random,cello,tune,109.60043040536817,353.7491486616918,33.548,hmm-009,attune-uniform,25,0.01,0.35,0.9904797230464887,0.17333333333333334,0.9756429277942631,0.9756429277942631,0.9703147353361946,11110,11528,0.9637404580152672,3.2132659580092877,
random_track235705,test__random_track235705__4_cello,random,cello,tune,109.60043040536817,353.7491486616918,33.548,hmm-010,attune-uniform,25,0.01,0.5,0.9923343224530168,0.18666666666666668,0.9763847675568744,0.9763847675568744,0.9705531711969481,11140,11528,0.9663428174878557,3.228182499995455,
random_track235705,test__random_track235705__4_cello,random,cello,tune,109.60043040536817,353.7491486616918,33.548,hmm-011,attune-uniform,25,0.01,0.65,0.9931998021760633,0.18666666666666668,0.97675568743818,0.97675568743818,0.9709108249880782,11150,11528,0.9672102706453851,3.2208211249671876,
random_track235705,test__random_track235705__4_cello,random,cello,tune,109.60043040536817,353.7491486616918,33.548,hmm-012,paper-repeated,13,0.005012562893380035,0.35,0.9359545004945599,0.043333333333333335,0.9317507418397626,0.9317507418397626,0.9326418693371483,10453,11528,0.9067487855655795,3.1509238749276847,
random_track235705,test__random_track235705__4_cello,random,cello,tune,109.60043040536817,353.7491486616918,33.548,hmm-013,paper-repeated,13,0.005012562893380035,0.5,0.9549950544015826,0.06,0.9489366963402571,0.9489366963402571,0.9486170720076299,10669,11528,0.9254857737682165,3.268328416859731,
random_track235705,test__random_track235705__4_cello,random,cello,tune,109.60043040536817,353.7491486616918,33.548,hmm-014,paper-repeated,13,0.005012562893380035,0.65,0.9671117705242335,0.08666666666666667,0.9595697329376854,0.9595697329376854,0.9579160705770148,10818,11528,0.9384108258154059,3.879210375016555,
random_track235705,test__random_track235705__4_cello,random,cello,tune,109.60043040536817,353.7491486616918,33.548,hmm-015,paper-repeated,13,0.01,0.35,0.9359545004945599,0.043333333333333335,0.9317507418397626,0.9317507418397626,0.9326418693371483,10453,11528,0.9067487855655795,3.399640040937811,
random_track235705,test__random_track235705__4_cello,random,cello,tune,109.60043040536817,353.7491486616918,33.548,hmm-016,paper-repeated,13,0.01,0.5,0.9549950544015826,0.06,0.9489366963402571,0.9489366963402571,0.9486170720076299,10669,11528,0.9254857737682165,3.2175997921731323,
random_track235705,test__random_track235705__4_cello,random,cello,tune,109.60043040536817,353.7491486616918,33.548,hmm-017,paper-repeated,13,0.01,0.65,0.966864490603363,0.07,0.9593224530168151,0.9593224530168151,0.958273724368145,10808,11528,0.9375433726578765,3.272685958072543,
random_track235705,test__random_track235705__4_cello,random,cello,tune,109.60043040536817,353.7491486616918,33.548,hmm-018,paper-repeated,25,0.005012562893380035,0.35,0.9307616221562809,0.02,0.9271760633036598,0.9271760633036598,0.9290653314258465,10382,11528,0.90058986814712,3.2163425411563367,
random_track235705,test__random_track235705__4_cello,random,cello,tune,109.60043040536817,353.7491486616918,33.548,hmm-019,paper-repeated,25,0.005012562893380035,0.5,0.9479475766567754,0.043333333333333335,0.9422601384767557,0.9422601384767557,0.9427753934191703,10586,11528,0.9182859125607217,3.1981804580427706,
random_track235705,test__random_track235705__4_cello,random,cello,tune,109.60043040536817,353.7491486616918,33.548,hmm-020,paper-repeated,25,0.005012562893380035,0.65,0.9645153313550939,0.08333333333333333,0.9573442136498517,0.9573442136498517,0.9558893657606103,10791,11528,0.9360687022900763,3.2400208751205355,
random_track235705,test__random_track235705__4_cello,random,cello,tune,109.60043040536817,353.7491486616918,33.548,hmm-021,paper-repeated,25,0.01,0.35,0.9307616221562809,0.02,0.9271760633036598,0.9271760633036598,0.9290653314258465,10382,11528,0.90058986814712,3.379475582856685,
random_track235705,test__random_track235705__4_cello,random,cello,tune,109.60043040536817,353.7491486616918,33.548,hmm-022,paper-repeated,25,0.01,0.5,0.9479475766567754,0.043333333333333335,0.9422601384767557,0.9422601384767557,0.9427753934191703,10586,11528,0.9182859125607217,3.8329268330708146,
random_track235705,test__random_track235705__4_cello,random,cello,tune,109.60043040536817,353.7491486616918,33.548,hmm-023,paper-repeated,25,0.01,0.65,0.9642680514342236,0.06666666666666667,0.9570969337289812,0.9570969337289812,0.9562470195517406,10781,11528,0.9352012491325469,3.313583000097424,
random_track234375,test__random_track234375__3_clarinet,random,clarinet,tune,208.08013762862012,393.9098254372399,14.924,hmm-000,attune-uniform,13,0.005012562893380035,0.35,0.994232987312572,0.10606060606060606,0.9697231833910035,0.9700115340253749,0.9643622722400857,4789,5112,0.9368153364632238,0.5435959999449551,
random_track234375,test__random_track234375__3_clarinet,random,clarinet,tune,208.08013762862012,393.9098254372399,14.924,hmm-001,attune-uniform,13,0.005012562893380035,0.5,0.9948096885813149,0.10227272727272728,0.9700115340253749,0.9702998846597463,0.964898177920686,4791,5112,0.937206572769953,0.4080529580824077,
random_track234375,test__random_track234375__3_clarinet,random,clarinet,tune,208.08013762862012,393.9098254372399,14.924,hmm-002,attune-uniform,13,0.005012562893380035,0.65,0.9948096885813149,0.10227272727272728,0.9700115340253749,0.9702998846597463,0.964898177920686,4792,5112,0.9374021909233177,0.4083954580128193,
random_track234375,test__random_track234375__3_clarinet,random,clarinet,tune,208.08013762862012,393.9098254372399,14.924,hmm-003,attune-uniform,13,0.01,0.35,0.994232987312572,0.10606060606060606,0.9697231833910035,0.9700115340253749,0.9643622722400857,4789,5112,0.9368153364632238,0.42302691703662276,
random_track234375,test__random_track234375__3_clarinet,random,clarinet,tune,208.08013762862012,393.9098254372399,14.924,hmm-004,attune-uniform,13,0.01,0.5,0.9948096885813149,0.10227272727272728,0.9700115340253749,0.9702998846597463,0.964898177920686,4791,5112,0.937206572769953,0.4089723341166973,
random_track234375,test__random_track234375__3_clarinet,random,clarinet,tune,208.08013762862012,393.9098254372399,14.924,hmm-005,attune-uniform,13,0.01,0.65,0.9948096885813149,0.10227272727272728,0.9700115340253749,0.9702998846597463,0.964898177920686,4792,5112,0.9374021909233177,0.416573790833354,
random_track234375,test__random_track234375__3_clarinet,random,clarinet,tune,208.08013762862012,393.9098254372399,14.924,hmm-006,attune-uniform,25,0.005012562893380035,0.35,0.9953863898500577,0.10984848484848485,0.9700115340253749,0.9702998846597463,0.9643622722400857,4796,5112,0.9381846635367762,0.39781054202467203,
random_track234375,test__random_track234375__3_clarinet,random,clarinet,tune,208.08013762862012,393.9098254372399,14.924,hmm-007,attune-uniform,25,0.005012562893380035,0.5,0.9953863898500577,0.11363636363636363,0.9700115340253749,0.9702998846597463,0.9640943193997856,4797,5112,0.9383802816901409,0.42987104202620685,
random_track234375,test__random_track234375__3_clarinet,random,clarinet,tune,208.08013762862012,393.9098254372399,14.924,hmm-008,attune-uniform,25,0.005012562893380035,0.65,0.9953863898500577,0.11363636363636363,0.9700115340253749,0.9702998846597463,0.9640943193997856,4797,5112,0.9383802816901409,0.3973576668649912,
random_track234375,test__random_track234375__3_clarinet,random,clarinet,tune,208.08013762862012,393.9098254372399,14.924,hmm-009,attune-uniform,25,0.01,0.35,0.9953863898500577,0.10984848484848485,0.9700115340253749,0.9702998846597463,0.9643622722400857,4796,5112,0.9381846635367762,0.40448658308014274,
random_track234375,test__random_track234375__3_clarinet,random,clarinet,tune,208.08013762862012,393.9098254372399,14.924,hmm-010,attune-uniform,25,0.01,0.5,0.9953863898500577,0.11363636363636363,0.9700115340253749,0.9702998846597463,0.9640943193997856,4797,5112,0.9383802816901409,0.4069418329745531,
random_track234375,test__random_track234375__3_clarinet,random,clarinet,tune,208.08013762862012,393.9098254372399,14.924,hmm-011,attune-uniform,25,0.01,0.65,0.9953863898500577,0.11363636363636363,0.9700115340253749,0.9702998846597463,0.9640943193997856,4797,5112,0.9383802816901409,0.3970821248367429,
random_track234375,test__random_track234375__3_clarinet,random,clarinet,tune,208.08013762862012,393.9098254372399,14.924,hmm-012,paper-repeated,13,0.005012562893380035,0.35,0.9270472895040369,0.07196969696969698,0.9054209919261822,0.9054209919261822,0.9070203644158628,4459,5112,0.8722613458528952,0.4320364589802921,
random_track234375,test__random_track234375__3_clarinet,random,clarinet,tune,208.08013762862012,393.9098254372399,14.924,hmm-013,paper-repeated,13,0.005012562893380035,0.5,0.9887543252595156,0.07575757575757576,0.9662629757785467,0.9662629757785467,0.9632904608788854,4754,5112,0.9299687010954617,0.475009375018999,
random_track234375,test__random_track234375__3_clarinet,random,clarinet,tune,208.08013762862012,393.9098254372399,14.924,hmm-014,paper-repeated,13,0.005012562893380035,0.65,0.9901960784313726,0.07575757575757576,0.967128027681661,0.967128027681661,0.9640943193997856,4759,5112,0.9309467918622848,0.42582116601988673,
random_track234375,test__random_track234375__3_clarinet,random,clarinet,tune,208.08013762862012,393.9098254372399,14.924,hmm-015,paper-repeated,13,0.01,0.35,0.9247404844290658,0.07196969696969698,0.904555940023068,0.904555940023068,0.9062165058949625,4448,5112,0.8701095461658842,0.4480139999650419,
random_track234375,test__random_track234375__3_clarinet,random,clarinet,tune,208.08013762862012,393.9098254372399,14.924,hmm-016,paper-repeated,13,0.01,0.5,0.9887543252595156,0.07575757575757576,0.9662629757785467,0.9662629757785467,0.9632904608788854,4754,5112,0.9299687010954617,0.45259124995209277,
random_track234375,test__random_track234375__3_clarinet,random,clarinet,tune,208.08013762862012,393.9098254372399,14.924,hmm-017,paper-repeated,13,0.01,0.65,0.9901960784313726,0.07575757575757576,0.967128027681661,0.967128027681661,0.9640943193997856,4759,5112,0.9309467918622848,0.4944269999396056,
random_track234375,test__random_track234375__3_clarinet,random,clarinet,tune,208.08013762862012,393.9098254372399,14.924,hmm-018,paper-repeated,25,0.005012562893380035,0.35,0.9264705882352942,0.07196969696969698,0.9048442906574394,0.9048442906574394,0.9064844587352626,4455,5112,0.8714788732394366,0.44363041687756777,
random_track234375,test__random_track234375__3_clarinet,random,clarinet,tune,208.08013762862012,393.9098254372399,14.924,hmm-019,paper-repeated,25,0.005012562893380035,0.5,0.9870242214532872,0.07575757575757576,0.9651095732410612,0.9651095732410612,0.9622186495176849,4747,5112,0.9285993740219093,0.4188580410555005,
random_track234375,test__random_track234375__3_clarinet,random,clarinet,tune,208.08013762862012,393.9098254372399,14.924,hmm-020,paper-repeated,25,0.005012562893380035,0.65,0.9893310265282583,0.07954545454545454,0.9665513264129181,0.9665513264129181,0.9632904608788854,4757,5112,0.9305555555555556,0.42779466696083546,
random_track234375,test__random_track234375__3_clarinet,random,clarinet,tune,208.08013762862012,393.9098254372399,14.924,hmm-021,paper-repeated,25,0.01,0.35,0.924163783160323,0.07196969696969698,0.9039792387543253,0.9039792387543253,0.9056806002143623,4444,5112,0.8693270735524257,0.43754575005732477,
random_track234375,test__random_track234375__3_clarinet,random,clarinet,tune,208.08013762862012,393.9098254372399,14.924,hmm-022,paper-repeated,25,0.01,0.5,0.9870242214532872,0.07575757575757576,0.9651095732410612,0.9651095732410612,0.9622186495176849,4747,5112,0.9285993740219093,0.4126497081015259,
random_track234375,test__random_track234375__3_clarinet,random,clarinet,tune,208.08013762862012,393.9098254372399,14.924,hmm-023,paper-repeated,25,0.01,0.65,0.9893310265282583,0.07954545454545454,0.9665513264129181,0.9665513264129181,0.9632904608788854,4757,5112,0.9305555555555556,0.4236094169318676,
random_track235645,test__random_track235645__4_double bass,random,double bass,tune,97.83899313659134,370.479307102257,20.416,hmm-000,attune-uniform,13,0.005012562893380035,0.35,0.9749014727235014,0.8767605633802817,0.930512341837793,0.9610039410910599,0.8856023506366307,6804,7004,0.9714448886350657,2.6884477499406785,
random_track235645,test__random_track235645__4_double bass,random,double bass,tune,97.83899313659134,370.479307102257,20.416,hmm-001,attune-uniform,13,0.005012562893380035,0.5,0.9846504874507364,0.9084507042253521,0.9348682845882597,0.9653598838415266,0.8879529872673849,6884,7004,0.9828669331810395,2.482353583909571,
random_track235645,test__random_track235645__4_double bass,random,double bass,tune,97.83899313659134,370.479307102257,20.416,hmm-002,attune-uniform,13,0.005012562893380035,0.65,0.985687616677038,0.9295774647887324,0.9354905621240407,0.966189587222568,0.8873653281096964,6899,7004,0.9850085665334095,2.8242680421099067,
random_track235645,test__random_track235645__4_double bass,random,double bass,tune,97.83899313659134,370.479307102257,20.416,hmm-003,attune-uniform,13,0.01,0.35,0.9749014727235014,0.8767605633802817,0.930512341837793,0.9610039410910599,0.8856023506366307,6804,7004,0.9714448886350657,2.6013401669915766,
random_track235645,test__random_track235645__4_double bass,random,double bass,tune,97.83899313659134,370.479307102257,20.416,hmm-004,attune-uniform,13,0.01,0.5,0.9846504874507364,0.9084507042253521,0.9348682845882597,0.9653598838415266,0.8879529872673849,6884,7004,0.9828669331810395,2.5724890420679003,
random_track235645,test__random_track235645__4_double bass,random,double bass,tune,97.83899313659134,370.479307102257,20.416,hmm-005,attune-uniform,13,0.01,0.65,0.985687616677038,0.9295774647887324,0.9354905621240407,0.966189587222568,0.8873653281096964,6899,7004,0.9850085665334095,2.524883624864742,
random_track235645,test__random_track235645__4_double bass,random,double bass,tune,97.83899313659134,370.479307102257,20.416,hmm-006,attune-uniform,25,0.005012562893380035,0.35,0.9761460277950633,0.8767605633802817,0.9319643227546153,0.9624559220078822,0.886973555337904,6811,7004,0.9724443175328383,2.580855041043833,
random_track235645,test__random_track235645__4_double bass,random,double bass,tune,97.83899313659134,370.479307102257,20.416,hmm-007,attune-uniform,25,0.005012562893380035,0.5,0.9846504874507364,0.9225352112676056,0.9334163036714375,0.9639079029247044,0.8857982370225269,6891,7004,0.9838663620788121,2.5362143330276012,
random_track235645,test__random_track235645__4_double bass,random,double bass,tune,97.83899313659134,370.479307102257,20.416,hmm-008,attune-uniform,25,0.005012562893380035,0.65,0.9875544492843809,0.926056338028169,0.9359054138145613,0.9663970130678282,0.8879529872673849,6912,7004,0.9868646487721302,2.5249737079720944,
random_track235645,test__random_track235645__4_double bass,random,double bass,tune,97.83899313659134,370.479307102257,20.416,hmm-009,attune-uniform,25,0.01,0.35,0.9749014727235014,0.8767605633802817,0.9444098734702344,0.9612113669363203,0.8987267384916748,6803,7004,0.971302113078241,2.5160280410200357,
random_track235645,test__random_track235645__4_double bass,random,double bass,tune,97.83899313659134,370.479307102257,20.416,hmm-010,attune-uniform,25,0.01,0.5,0.9846504874507364,0.9225352112676056,0.9334163036714375,0.9639079029247044,0.8857982370225269,6891,7004,0.9838663620788121,2.589030417148024,
random_track235645,test__random_track235645__4_double bass,random,double bass,tune,97.83899313659134,370.479307102257,20.416,hmm-011,attune-uniform,25,0.01,0.65,0.9875544492843809,0.926056338028169,0.9359054138145613,0.9663970130678282,0.8879529872673849,6912,7004,0.9868646487721302,2.5261232908815145,
random_track235645,test__random_track235645__4_double bass,random,double bass,tune,97.83899313659134,370.479307102257,20.416,hmm-012,paper-repeated,13,0.005012562893380035,0.35,0.7442439327940261,0.0,0.7133374818502385,0.7425845260319436,0.729285014691479,4947,7004,0.7063106796116505,2.6051504160277545,
random_track235645,test__random_track235645__4_double bass,random,double bass,tune,97.83899313659134,370.479307102257,20.416,hmm-013,paper-repeated,13,0.005012562893380035,0.5,0.8377929890064302,0.36971830985915494,0.8039825762289982,0.8334370462559635,0.7943192948090108,5711,7004,0.8153912050256996,2.545146374963224,
random_track235645,test__random_track235645__4_double bass,random,double bass,tune,97.83899313659134,370.479307102257,20.416,hmm-014,paper-repeated,13,0.005012562893380035,0.65,0.8776187512964115,0.573943661971831,0.8431860609831985,0.8726405310101638,0.8199804113614104,6055,7004,0.8645059965733867,2.5607777920085937,
random_track235645,test__random_track235645__4_double bass,random,double bass,tune,97.83899313659134,370.479307102257,20.416,hmm-015,paper-repeated,13,0.01,0.35,0.7442439327940261,0.0,0.7133374818502385,0.7425845260319436,0.729285014691479,4947,7004,0.7063106796116505,2.525096083059907,
random_track235645,test__random_track235645__4_double bass,random,double bass,tune,97.83899313659134,370.479307102257,20.416,hmm-016,paper-repeated,13,0.01,0.5,0.8348890271727857,0.3626760563380282,0.801286040240614,0.8307405102675793,0.7921645445641528,5688,7004,0.8121073672187321,2.623691250104457,
random_track235645,test__random_track235645__4_double bass,random,double bass,tune,97.83899313659134,370.479307102257,20.416,hmm-017,paper-repeated,13,0.01,0.65,0.8776187512964115,0.573943661971831,0.8431860609831985,0.8726405310101638,0.8199804113614104,6055,7004,0.8645059965733867,2.645528541179374,
random_track235645,test__random_track235645__4_double bass,random,double bass,tune,97.83899313659134,370.479307102257,20.416,hmm-018,paper-repeated,25,0.005012562893380035,0.35,0.7328355113047086,0.0,0.7199751088985687,0.731798382078407,0.7355533790401567,4867,7004,0.6948886350656768,3.1965642920695245,
random_track235645,test__random_track235645__4_double bass,random,double bass,tune,97.83899313659134,370.479307102257,20.416,hmm-019,paper-repeated,25,0.005012562893380035,0.5,0.8230657539929476,0.36619718309859156,0.8035677245384775,0.8187098112424808,0.7941234084231146,5611,7004,0.8011136493432325,2.7006350830197334,
random_track235645,test__random_track235645__4_double bass,random,double bass,tune,97.83899313659134,370.479307102257,20.416,hmm-020,paper-repeated,25,0.005012562893380035,0.65,0.861646961211367,0.573943661971831,0.8415266542211159,0.8566687409251192,0.818413320274241,5944,7004,0.8486579097658481,2.5140067499596626,
random_track235645,test__random_track235645__4_double bass,random,double bass,tune,97.83899313659134,370.479307102257,20.416,hmm-021,paper-repeated,25,0.01,0.35,0.7328355113047086,0.0,0.7199751088985687,0.731798382078407,0.7355533790401567,4867,7004,0.6948886350656768,2.627277542138472,
random_track235645,test__random_track235645__4_double bass,random,double bass,tune,97.83899313659134,370.479307102257,20.416,hmm-022,paper-repeated,25,0.01,0.5,0.8201617921593031,0.3591549295774648,0.8008711885500933,0.8160132752540966,0.7919686581782566,5588,7004,0.797829811536265,2.5651235829573125,
random_track235645,test__random_track235645__4_double bass,random,double bass,tune,97.83899313659134,370.479307102257,20.416,hmm-023,paper-repeated,25,0.01,0.65,0.861646961211367,0.573943661971831,0.8415266542211159,0.8566687409251192,0.818413320274241,5944,7004,0.8486579097658481,2.530892875045538,
random_track235732,test__random_track235732__1_flute,random,flute,tune,438.5243670108016,892.8086014474685,15.928,hmm-000,attune-uniform,13,0.005012562893380035,0.35,0.9956721666215851,0.11538461538461539,0.9726805517987558,0.9726805517987558,0.9663570173236254,5118,5458,0.9377061194576768,0.6886317499447614,
random_track235732,test__random_track235732__1_flute,random,flute,tune,438.5243670108016,892.8086014474685,15.928,hmm-001,attune-uniform,13,0.005012562893380035,0.5,0.9956721666215851,0.11538461538461539,0.9726805517987558,0.9726805517987558,0.9663570173236254,5119,5458,0.9378893367533895,0.5408784579485655,
random_track235732,test__random_track235732__1_flute,random,flute,tune,438.5243670108016,892.8086014474685,15.928,hmm-002,attune-uniform,13,0.005012562893380035,0.65,0.9956721666215851,0.11538461538461539,0.9726805517987558,0.9726805517987558,0.9663570173236254,5119,5458,0.9378893367533895,0.5412079999223351,
random_track235732,test__random_track235732__1_flute,random,flute,tune,438.5243670108016,892.8086014474685,15.928,hmm-003,attune-uniform,13,0.01,0.35,0.9956721666215851,0.11538461538461539,0.9726805517987558,0.9726805517987558,0.9663570173236254,5118,5458,0.9377061194576768,0.5316814999096096,
random_track235732,test__random_track235732__1_flute,random,flute,tune,438.5243670108016,892.8086014474685,15.928,hmm-004,attune-uniform,13,0.01,0.5,0.9956721666215851,0.11538461538461539,0.9726805517987558,0.9726805517987558,0.9663570173236254,5119,5458,0.9378893367533895,0.544316167011857,
random_track235732,test__random_track235732__1_flute,random,flute,tune,438.5243670108016,892.8086014474685,15.928,hmm-005,attune-uniform,13,0.01,0.65,0.9956721666215851,0.11538461538461539,0.9726805517987558,0.9726805517987558,0.9663570173236254,5119,5458,0.9378893367533895,0.5324474999215454,
random_track235732,test__random_track235732__1_flute,random,flute,tune,438.5243670108016,892.8086014474685,15.928,hmm-006,attune-uniform,25,0.005012562893380035,0.35,0.9956721666215851,0.11538461538461539,0.9726805517987558,0.9726805517987558,0.9663570173236254,5119,5458,0.9378893367533895,0.5548692918382585,
random_track235732,test__random_track235732__1_flute,random,flute,tune,438.5243670108016,892.8086014474685,15.928,hmm-007,attune-uniform,25,0.005012562893380035,0.5,0.9956721666215851,0.11538461538461539,0.9726805517987558,0.9726805517987558,0.9663570173236254,5119,5458,0.9378893367533895,0.5628039170987904,
random_track235732,test__random_track235732__1_flute,random,flute,tune,438.5243670108016,892.8086014474685,15.928,hmm-008,attune-uniform,25,0.005012562893380035,0.65,0.995942656207736,0.11538461538461539,0.9726805517987558,0.9726805517987558,0.9663570173236254,5120,5458,0.9380725540491023,0.5463086669333279,
random_track235732,test__random_track235732__1_flute,random,flute,tune,438.5243670108016,892.8086014474685,15.928,hmm-009,attune-uniform,25,0.01,0.35,0.9956721666215851,0.11538461538461539,0.9726805517987558,0.9726805517987558,0.9663570173236254,5119,5458,0.9378893367533895,0.5969817501027137,
random_track235732,test__random_track235732__1_flute,random,flute,tune,438.5243670108016,892.8086014474685,15.928,hmm-010,attune-uniform,25,0.01,0.5,0.9956721666215851,0.11538461538461539,0.9726805517987558,0.9726805517987558,0.9663570173236254,5119,5458,0.9378893367533895,0.5718234160449356,
random_track235732,test__random_track235732__1_flute,random,flute,tune,438.5243670108016,892.8086014474685,15.928,hmm-011,attune-uniform,25,0.01,0.65,0.995942656207736,0.11538461538461539,0.9726805517987558,0.9726805517987558,0.9663570173236254,5120,5458,0.9380725540491023,0.591062291059643,
random_track235732,test__random_track235732__1_flute,random,flute,tune,438.5243670108016,892.8086014474685,15.928,hmm-012,paper-repeated,13,0.005012562893380035,0.35,0.9916148228293211,0.08391608391608392,0.9713281038680011,0.9713281038680011,0.9673612854632186,5086,5458,0.9318431659948699,0.6331591249909252,
random_track235732,test__random_track235732__1_flute,random,flute,tune,438.5243670108016,892.8086014474685,15.928,hmm-013,paper-repeated,13,0.005012562893380035,0.5,0.9948606978631322,0.08391608391608392,0.971869083040303,0.971869083040303,0.9678634195330154,5103,5458,0.9349578600219861,0.6261312500573695,
random_track235732,test__random_track235732__1_flute,random,flute,tune,438.5243670108016,892.8086014474685,15.928,hmm-014,paper-repeated,13,0.005012562893380035,0.65,0.9951311874492832,0.0979020979020979,0.9721395726264539,0.9721395726264539,0.9671102184283203,5109,5458,0.9360571637962624,0.564200249966234,
random_track235732,test__random_track235732__1_flute,random,flute,tune,438.5243670108016,892.8086014474685,15.928,hmm-015,paper-repeated,13,0.01,0.35,0.9916148228293211,0.08391608391608392,0.9713281038680011,0.9713281038680011,0.9673612854632186,5086,5458,0.9318431659948699,0.5552465000655502,
random_track235732,test__random_track235732__1_flute,random,flute,tune,438.5243670108016,892.8086014474685,15.928,hmm-016,paper-repeated,13,0.01,0.5,0.9948606978631322,0.08391608391608392,0.971869083040303,0.971869083040303,0.9678634195330154,5103,5458,0.9349578600219861,0.5820057080127299,
random_track235732,test__random_track235732__1_flute,random,flute,tune,438.5243670108016,892.8086014474685,15.928,hmm-017,paper-repeated,13,0.01,0.65,0.9951311874492832,0.0979020979020979,0.9721395726264539,0.9721395726264539,0.9671102184283203,5109,5458,0.9360571637962624,0.5896052080206573,
random_track235732,test__random_track235732__1_flute,random,flute,tune,438.5243670108016,892.8086014474685,15.928,hmm-018,paper-repeated,25,0.005012562893380035,0.35,0.9908033540708683,0.08041958041958042,0.9705166351095483,0.9705166351095483,0.966859151393422,5081,5458,0.9309270795163064,0.5796284580137581,
random_track235732,test__random_track235732__1_flute,random,flute,tune,438.5243670108016,892.8086014474685,15.928,hmm-019,paper-repeated,25,0.005012562893380035,0.5,0.9945902082769813,0.08391608391608392,0.971598593454152,0.971598593454152,0.967612352498117,5101,5458,0.9345914254305606,0.603071958059445,
random_track235732,test__random_track235732__1_flute,random,flute,tune,438.5243670108016,892.8086014474685,15.928,hmm-020,paper-repeated,25,0.005012562893380035,0.65,0.9948606978631322,0.0944055944055944,0.971869083040303,0.971869083040303,0.9671102184283203,5106,5458,0.9355075119091242,0.5670857089571655,
random_track235732,test__random_track235732__1_flute,random,flute,tune,438.5243670108016,892.8086014474685,15.928,hmm-021,paper-repeated,25,0.01,0.35,0.9908033540708683,0.08041958041958042,0.9705166351095483,0.9705166351095483,0.966859151393422,5081,5458,0.9309270795163064,0.5645277081057429,
random_track235732,test__random_track235732__1_flute,random,flute,tune,438.5243670108016,892.8086014474685,15.928,hmm-022,paper-repeated,25,0.01,0.5,0.9945902082769813,0.08391608391608392,0.971598593454152,0.971598593454152,0.967612352498117,5101,5458,0.9345914254305606,0.5708958751056343,
random_track235732,test__random_track235732__1_flute,random,flute,tune,438.5243670108016,892.8086014474685,15.928,hmm-023,paper-repeated,25,0.01,0.65,0.9948606978631322,0.0944055944055944,0.971869083040303,0.971869083040303,0.9671102184283203,5106,5458,0.9355075119091242,0.5516898341011256,
random_track234084,test__random_track234084__3_horn,random,horn,tune,263.3654627892845,525.6441883989888,24.152,hmm-000,attune-uniform,13,0.005012562893380035,0.35,0.9980862908837856,0.14776632302405499,0.9871259568545581,0.9871259568545581,0.9806259314456036,7966,8291,0.9608008684115306,0.8247400419786572,
random_track234084,test__random_track234084__3_horn,random,horn,tune,263.3654627892845,525.6441883989888,24.152,hmm-001,attune-uniform,13,0.005012562893380035,0.5,0.9980862908837856,0.14776632302405499,0.9871259568545581,0.9871259568545581,0.9806259314456036,7966,8291,0.9608008684115306,0.8396510409656912,
random_track234084,test__random_track234084__3_horn,random,horn,tune,263.3654627892845,525.6441883989888,24.152,hmm-002,attune-uniform,13,0.005012562893380035,0.65,0.9980862908837856,0.14776632302405499,0.9871259568545581,0.9871259568545581,0.9806259314456036,7966,8291,0.9608008684115306,0.7846325840801001,
random_track234084,test__random_track234084__3_horn,random,horn,tune,263.3654627892845,525.6441883989888,24.152,hmm-003,attune-uniform,13,0.01,0.35,0.9980862908837856,0.14776632302405499,0.9871259568545581,0.9871259568545581,0.9806259314456036,7966,8291,0.9608008684115306,0.813698124838993,
random_track234084,test__random_track234084__3_horn,random,horn,tune,263.3654627892845,525.6441883989888,24.152,hmm-004,attune-uniform,13,0.01,0.5,0.9980862908837856,0.14776632302405499,0.9871259568545581,0.9871259568545581,0.9806259314456036,7966,8291,0.9608008684115306,0.7694625828880817,
random_track234084,test__random_track234084__3_horn,random,horn,tune,263.3654627892845,525.6441883989888,24.152,hmm-005,attune-uniform,13,0.01,0.65,0.9980862908837856,0.14776632302405499,0.9871259568545581,0.9871259568545581,0.9806259314456036,7966,8291,0.9608008684115306,0.8190003749914467,
random_track234084,test__random_track234084__3_horn,random,horn,tune,263.3654627892845,525.6441883989888,24.152,hmm-006,attune-uniform,25,0.005012562893380035,0.35,0.9980862908837856,0.14776632302405499,0.9871259568545581,0.9871259568545581,0.9806259314456036,7966,8291,0.9608008684115306,0.7996107500512153,
random_track234084,test__random_track234084__3_horn,random,horn,tune,263.3654627892845,525.6441883989888,24.152,hmm-007,attune-uniform,25,0.005012562893380035,0.5,0.9980862908837856,0.14776632302405499,0.9871259568545581,0.9871259568545581,0.9806259314456036,7966,8291,0.9608008684115306,0.8225424999836832,
random_track234084,test__random_track234084__3_horn,random,horn,tune,263.3654627892845,525.6441883989888,24.152,hmm-008,attune-uniform,25,0.005012562893380035,0.65,0.9980862908837856,0.14776632302405499,0.9871259568545581,0.9871259568545581,0.9806259314456036,7966,8291,0.9608008684115306,0.8082640420179814,
random_track234084,test__random_track234084__3_horn,random,horn,tune,263.3654627892845,525.6441883989888,24.152,hmm-009,attune-uniform,25,0.01,0.35,0.9980862908837856,0.14776632302405499,0.9871259568545581,0.9871259568545581,0.9806259314456036,7966,8291,0.9608008684115306,0.7794068329967558,
random_track234084,test__random_track234084__3_horn,random,horn,tune,263.3654627892845,525.6441883989888,24.152,hmm-010,attune-uniform,25,0.01,0.5,0.9980862908837856,0.14776632302405499,0.9871259568545581,0.9871259568545581,0.9806259314456036,7966,8291,0.9608008684115306,0.7844790830276906,
random_track234084,test__random_track234084__3_horn,random,horn,tune,263.3654627892845,525.6441883989888,24.152,hmm-011,attune-uniform,25,0.01,0.65,0.9980862908837856,0.14776632302405499,0.9871259568545581,0.9871259568545581,0.9806259314456036,7966,8291,0.9608008684115306,0.757517792051658,
random_track234084,test__random_track234084__3_horn,random,horn,tune,263.3654627892845,525.6441883989888,24.152,hmm-012,paper-repeated,13,0.005012562893380035,0.35,0.9968684759916493,0.11683848797250859,0.9864300626304802,0.9864300626304802,0.9814538830932273,7943,8291,0.9580267760221928,0.7950372921768576,
random_track234084,test__random_track234084__3_horn,random,horn,tune,263.3654627892845,525.6441883989888,24.152,hmm-013,paper-repeated,13,0.005012562893380035,0.5,0.9973903966597077,0.11683848797250859,0.9867780097425192,0.9867780097425192,0.9817850637522769,7948,8291,0.9586298395850923,0.8351820409297943,
random_track234084,test__random_track234084__3_horn,random,horn,tune,263.3654627892845,525.6441883989888,24.152,hmm-014,paper-repeated,13,0.005012562893380035,0.65,0.9980862908837856,0.14776632302405499,0.9871259568545581,0.9871259568545581,0.9806259314456036,7966,8291,0.9608008684115306,0.8547069581691176,
random_track234084,test__random_track234084__3_horn,random,horn,tune,263.3654627892845,525.6441883989888,24.152,hmm-015,paper-repeated,13,0.01,0.35,0.9968684759916493,0.11683848797250859,0.9864300626304802,0.9864300626304802,0.9814538830932273,7943,8291,0.9580267760221928,0.8173692079726607,
random_track234084,test__random_track234084__3_horn,random,horn,tune,263.3654627892845,525.6441883989888,24.152,hmm-016,paper-repeated,13,0.01,0.5,0.9973903966597077,0.11683848797250859,0.9867780097425192,0.9867780097425192,0.9817850637522769,7948,8291,0.9586298395850923,0.7937481249682605,
random_track234084,test__random_track234084__3_horn,random,horn,tune,263.3654627892845,525.6441883989888,24.152,hmm-017,paper-repeated,13,0.01,0.65,0.9980862908837856,0.14776632302405499,0.9871259568545581,0.9871259568545581,0.9806259314456036,7966,8291,0.9608008684115306,0.7885823750402778,
random_track234084,test__random_track234084__3_horn,random,horn,tune,263.3654627892845,525.6441883989888,24.152,hmm-018,paper-repeated,25,0.005012562893380035,0.35,0.9968684759916493,0.11683848797250859,0.9864300626304802,0.9864300626304802,0.9814538830932273,7943,8291,0.9580267760221928,0.8243454999756068,
random_track234084,test__random_track234084__3_horn,random,horn,tune,263.3654627892845,525.6441883989888,24.152,hmm-019,paper-repeated,25,0.005012562893380035,0.5,0.9973903966597077,0.11683848797250859,0.9867780097425192,0.9867780097425192,0.9817850637522769,7948,8291,0.9586298395850923,0.822912875097245,
random_track234084,test__random_track234084__3_horn,random,horn,tune,263.3654627892845,525.6441883989888,24.152,hmm-020,paper-repeated,25,0.005012562893380035,0.65,0.9975643702157272,0.12027491408934708,0.9869519832985386,0.9869519832985386,0.9817850637522769,7951,8291,0.958991677722832,0.8453153748996556,
random_track234084,test__random_track234084__3_horn,random,horn,tune,263.3654627892845,525.6441883989888,24.152,hmm-021,paper-repeated,25,0.01,0.35,0.9968684759916493,0.11683848797250859,0.9864300626304802,0.9864300626304802,0.9814538830932273,7943,8291,0.9580267760221928,0.7836539167910814,
random_track234084,test__random_track234084__3_horn,random,horn,tune,263.3654627892845,525.6441883989888,24.152,hmm-022,paper-repeated,25,0.01,0.5,0.9973903966597077,0.11683848797250859,0.9867780097425192,0.9867780097425192,0.9817850637522769,7948,8291,0.9586298395850923,0.863051125081256,
random_track234084,test__random_track234084__3_horn,random,horn,tune,263.3654627892845,525.6441883989888,24.152,hmm-023,paper-repeated,25,0.01,0.65,0.9975643702157272,0.12027491408934708,0.9869519832985386,0.9869519832985386,0.9817850637522769,7951,8291,0.958991677722832,0.8292253750842065,
random_track235902,test__random_track235902__1_oboe,random,oboe,tune,421.86664358783366,889.0981875024986,16.884,hmm-000,attune-uniform,13,0.005012562893380035,0.35,0.9954245043213015,0.16666666666666666,0.9822064056939501,0.9822064056939501,0.9720511605873994,5464,5787,0.9441852427855538,0.6607179581187665,
random_track235902,test__random_track235902__1_oboe,random,oboe,tune,421.86664358783366,889.0981875024986,16.884,hmm-001,attune-uniform,13,0.005012562893380035,0.5,0.9956786985256736,0.16666666666666666,0.9824605998983224,0.9824605998983224,0.9722880151586926,5465,5787,0.9443580438914809,0.6671327080111951,
random_track235902,test__random_track235902__1_oboe,random,oboe,tune,421.86664358783366,889.0981875024986,16.884,hmm-002,attune-uniform,13,0.005012562893380035,0.65,0.9956786985256736,0.16666666666666666,0.9824605998983224,0.9824605998983224,0.9722880151586926,5466,5787,0.944530844997408,0.6385141247883439,
random_track235902,test__random_track235902__1_oboe,random,oboe,tune,421.86664358783366,889.0981875024986,16.884,hmm-003,attune-uniform,13,0.01,0.35,0.9954245043213015,0.16666666666666666,0.9822064056939501,0.9822064056939501,0.9720511605873994,5464,5787,0.9441852427855538,0.6437203749082983,
random_track235902,test__random_track235902__1_oboe,random,oboe,tune,421.86664358783366,889.0981875024986,16.884,hmm-004,attune-uniform,13,0.01,0.5,0.9956786985256736,0.16666666666666666,0.9824605998983224,0.9824605998983224,0.9722880151586926,5465,5787,0.9443580438914809,0.670560082886368,
random_track235902,test__random_track235902__1_oboe,random,oboe,tune,421.86664358783366,889.0981875024986,16.884,hmm-005,attune-uniform,13,0.01,0.65,0.9956786985256736,0.16666666666666666,0.9824605998983224,0.9824605998983224,0.9722880151586926,5466,5787,0.944530844997408,0.6497885000426322,
random_track235902,test__random_track235902__1_oboe,random,oboe,tune,421.86664358783366,889.0981875024986,16.884,hmm-006,attune-uniform,25,0.005012562893380035,0.35,0.9956786985256736,0.16666666666666666,0.9822064056939501,0.9822064056939501,0.9720511605873994,5465,5787,0.9443580438914809,0.641987208975479,
random_track235902,test__random_track235902__1_oboe,random,oboe,tune,421.86664358783366,889.0981875024986,16.884,hmm-007,attune-uniform,25,0.005012562893380035,0.5,0.9959328927300457,0.16666666666666666,0.9824605998983224,0.9824605998983224,0.9722880151586926,5467,5787,0.944703646103335,0.6549330418929458,
random_track235902,test__random_track235902__1_oboe,random,oboe,tune,421.86664358783366,889.0981875024986,16.884,hmm-008,attune-uniform,25,0.005012562893380035,0.65,0.9961870869344179,0.1736111111111111,0.9827147941026945,0.9827147941026945,0.9720511605873994,5471,5787,0.9453948505270434,0.6712361248210073,
random_track235902,test__random_track235902__1_oboe,random,oboe,tune,421.86664358783366,889.0981875024986,16.884,hmm-009,attune-uniform,25,0.01,0.35,0.9956786985256736,0.16666666666666666,0.9822064056939501,0.9822064056939501,0.9720511605873994,5465,5787,0.9443580438914809,0.6823463330511004,
random_track235902,test__random_track235902__1_oboe,random,oboe,tune,421.86664358783366,889.0981875024986,16.884,hmm-010,attune-uniform,25,0.01,0.5,0.9959328927300457,0.16666666666666666,0.9824605998983224,0.9824605998983224,0.9722880151586926,5467,5787,0.944703646103335,0.6739784160163254,
random_track235902,test__random_track235902__1_oboe,random,oboe,tune,421.86664358783366,889.0981875024986,16.884,hmm-011,attune-uniform,25,0.01,0.65,0.9961870869344179,0.2569444444444444,0.9827147941026945,0.9827147941026945,0.9663666508763619,5504,5787,0.951097287022637,0.6704779169522226,
random_track235902,test__random_track235902__1_oboe,random,oboe,tune,421.86664358783366,889.0981875024986,16.884,hmm-012,paper-repeated,13,0.005012562893380035,0.35,0.952974072191154,0.04513888888888889,0.9496695475343162,0.9496695475343162,0.9500236854571293,5188,5787,0.8964921375496803,0.6749972091056406,
random_track235902,test__random_track235902__1_oboe,random,oboe,tune,421.86664358783366,889.0981875024986,16.884,hmm-013,paper-repeated,13,0.005012562893380035,0.5,0.9735638027452974,0.0798611111111111,0.9687341128622268,0.9687341128622268,0.965419232591189,5312,5787,0.917919474684638,0.6596652502194047,
random_track235902,test__random_track235902__1_oboe,random,oboe,tune,421.86664358783366,889.0981875024986,16.884,hmm-014,paper-repeated,13,0.005012562893380035,0.65,0.9844941535332994,0.1076388888888889,0.9750889679715302,0.9750889679715302,0.9694457603031739,5381,5787,0.9298427509936064,0.641019375063479,
random_track235902,test__random_track235902__1_oboe,random,oboe,tune,421.86664358783366,889.0981875024986,16.884,hmm-015,paper-repeated,13,0.01,0.35,0.9509405185561769,0.04513888888888889,0.9486527707168276,0.9486527707168276,0.9490762671719564,5178,5787,0.8947641264904095,0.6955423748586327,
random_track235902,test__random_track235902__1_oboe,random,oboe,tune,421.86664358783366,889.0981875024986,16.884,hmm-016,paper-repeated,13,0.01,0.5,0.9733096085409253,0.0625,0.9687341128622268,0.9687341128622268,0.9666035054476552,5304,5787,0.9165370658372214,0.6824275420513004,
random_track235902,test__random_track235902__1_oboe,random,oboe,tune,421.86664358783366,889.0981875024986,16.884,hmm-017,paper-repeated,13,0.01,0.65,0.9834773767158109,0.10069444444444445,0.974580579562786,0.974580579562786,0.9694457603031739,5373,5787,0.9284603421461898,0.6732553748879582,
random_track235902,test__random_track235902__1_oboe,random,oboe,tune,421.86664358783366,889.0981875024986,16.884,hmm-018,paper-repeated,25,0.005012562893380035,0.35,0.9410269445856635,0.04513888888888889,0.9395017793594306,0.9395017793594306,0.9405495026054003,5119,5787,0.884568861240712,0.6408900411333889,
random_track235902,test__random_track235902__1_oboe,random,oboe,tune,421.86664358783366,889.0981875024986,16.884,hmm-019,paper-repeated,25,0.005012562893380035,0.5,0.9669547534316217,0.0798611111111111,0.9633960345704118,0.9633960345704118,0.9604452865940313,5276,5787,0.9116986348712631,0.6388137920293957,
random_track235902,test__random_track235902__1_oboe,random,oboe,tune,421.86664358783366,889.0981875024986,16.884,hmm-020,paper-repeated,25,0.005012562893380035,0.65,0.9832231825114387,0.1076388888888889,0.9738179969496695,0.9738179969496695,0.9682614874467077,5374,5787,0.9286331432521168,0.6532563748769462,
random_track235902,test__random_track235902__1_oboe,random,oboe,tune,421.86664358783366,889.0981875024986,16.884,hmm-021,paper-repeated,25,0.01,0.35,0.9410269445856635,0.04513888888888889,0.9395017793594306,0.9395017793594306,0.9405495026054003,5119,5787,0.884568861240712,0.661071415990591,
random_track235902,test__random_track235902__1_oboe,random,oboe,tune,421.86664358783366,889.0981875024986,16.884,hmm-022,paper-repeated,25,0.01,0.5,0.9667005592272496,0.0625,0.9633960345704118,0.9633960345704118,0.9616295594504974,5268,5787,0.9103162260238465,0.6981816249899566,
random_track235902,test__random_track235902__1_oboe,random,oboe,tune,421.86664358783366,889.0981875024986,16.884,hmm-023,paper-repeated,25,0.01,0.65,0.9822064056939501,0.10069444444444445,0.9733096085409253,0.9733096085409253,0.9682614874467077,5366,5787,0.9272507344047002,0.6631044999230653,
random_track235510,test__random_track235510__3_saxophone,random,saxophone,tune,234.0964709609958,530.3086471282692,14.716,hmm-000,attune-uniform,13,0.005012562893380035,0.35,0.9955621301775148,0.13333333333333333,0.9550295857988166,0.9556213017751479,0.9478260869565217,4693,5040,0.9311507936507937,0.6706600841134787,
random_track235510,test__random_track235510__3_saxophone,random,saxophone,tune,234.0964709609958,530.3086471282692,14.716,hmm-001,attune-uniform,13,0.005012562893380035,0.5,0.9955621301775148,0.13333333333333333,0.9550295857988166,0.9556213017751479,0.9478260869565217,4693,5040,0.9311507936507937,0.6773900829721242,
random_track235510,test__random_track235510__3_saxophone,random,saxophone,tune,234.0964709609958,530.3086471282692,14.716,hmm-002,attune-uniform,13,0.005012562893380035,0.65,0.9955621301775148,0.13333333333333333,0.9550295857988166,0.9556213017751479,0.9478260869565217,4693,5040,0.9311507936507937,0.697860665852204,
random_track235510,test__random_track235510__3_saxophone,random,saxophone,tune,234.0964709609958,530.3086471282692,14.716,hmm-003,attune-uniform,13,0.01,0.35,0.9955621301775148,0.13333333333333333,0.9550295857988166,0.9556213017751479,0.9478260869565217,4693,5040,0.9311507936507937,0.700413916958496,
random_track235510,test__random_track235510__3_saxophone,random,saxophone,tune,234.0964709609958,530.3086471282692,14.716,hmm-004,attune-uniform,13,0.01,0.5,0.9955621301775148,0.13333333333333333,0.9550295857988166,0.9556213017751479,0.9478260869565217,4693,5040,0.9311507936507937,0.696251624962315,
random_track235510,test__random_track235510__3_saxophone,random,saxophone,tune,234.0964709609958,530.3086471282692,14.716,hmm-005,attune-uniform,13,0.01,0.65,0.9955621301775148,0.13333333333333333,0.9550295857988166,0.9556213017751479,0.9478260869565217,4693,5040,0.9311507936507937,0.6506353751756251,
random_track235510,test__random_track235510__3_saxophone,random,saxophone,tune,234.0964709609958,530.3086471282692,14.716,hmm-006,attune-uniform,25,0.005012562893380035,0.35,0.9955621301775148,0.13333333333333333,0.9550295857988166,0.9556213017751479,0.9478260869565217,4693,5040,0.9311507936507937,0.722821458010003,
random_track235510,test__random_track235510__3_saxophone,random,saxophone,tune,234.0964709609958,530.3086471282692,14.716,hmm-007,attune-uniform,25,0.005012562893380035,0.5,0.9955621301775148,0.13666666666666666,0.9550295857988166,0.9556213017751479,0.9475543478260869,4694,5040,0.9313492063492064,0.6611247498076409,
random_track235510,test__random_track235510__3_saxophone,random,saxophone,tune,234.0964709609958,530.3086471282692,14.716,hmm-008,attune-uniform,25,0.005012562893380035,0.65,0.9955621301775148,0.13666666666666666,0.9550295857988166,0.9556213017751479,0.9475543478260869,4695,5040,0.9315476190476191,0.6504703329410404,
random_track235510,test__random_track235510__3_saxophone,random,saxophone,tune,234.0964709609958,530.3086471282692,14.716,hmm-009,attune-uniform,25,0.01,0.35,0.9955621301775148,0.13333333333333333,0.9550295857988166,0.9556213017751479,0.9478260869565217,4693,5040,0.9311507936507937,0.6656424170359969,
random_track235510,test__random_track235510__3_saxophone,random,saxophone,tune,234.0964709609958,530.3086471282692,14.716,hmm-010,attune-uniform,25,0.01,0.5,0.9955621301775148,0.13666666666666666,0.9550295857988166,0.9556213017751479,0.9475543478260869,4694,5040,0.9313492063492064,0.6785397080238909,
random_track235510,test__random_track235510__3_saxophone,random,saxophone,tune,234.0964709609958,530.3086471282692,14.716,hmm-011,attune-uniform,25,0.01,0.65,0.9955621301775148,0.13666666666666666,0.9550295857988166,0.9556213017751479,0.9475543478260869,4695,5040,0.9315476190476191,0.7045583329163492,
random_track235510,test__random_track235510__3_saxophone,random,saxophone,tune,234.0964709609958,530.3086471282692,14.716,hmm-012,paper-repeated,13,0.005012562893380035,0.35,0.9899408284023669,0.12333333333333334,0.9511834319526628,0.9517751479289941,0.9451086956521739,4662,5040,0.925,0.6960751670412719,
random_track235510,test__random_track235510__3_saxophone,random,saxophone,tune,234.0964709609958,530.3086471282692,14.716,hmm-013,paper-repeated,13,0.005012562893380035,0.5,0.992603550295858,0.12333333333333334,0.9529585798816568,0.9535502958579881,0.9467391304347826,4676,5040,0.9277777777777778,0.6885714998934418,
random_track235510,test__random_track235510__3_saxophone,random,saxophone,tune,234.0964709609958,530.3086471282692,14.716,hmm-014,paper-repeated,13,0.005012562893380035,0.65,0.994378698224852,0.13333333333333333,0.9541420118343196,0.9547337278106509,0.9470108695652174,4687,5040,0.9299603174603175,0.6669928748160601,
random_track235510,test__random_track235510__3_saxophone,random,saxophone,tune,234.0964709609958,530.3086471282692,14.716,hmm-015,paper-repeated,13,0.01,0.35,0.9899408284023669,0.12333333333333334,0.9511834319526628,0.9517751479289941,0.9451086956521739,4662,5040,0.925,0.6571473330259323,
random_track235510,test__random_track235510__3_saxophone,random,saxophone,tune,234.0964709609958,530.3086471282692,14.716,hmm-016,paper-repeated,13,0.01,0.5,0.9911242603550295,0.12333333333333334,0.9520710059171598,0.9526627218934911,0.9459239130434782,4669,5040,0.9263888888888889,0.7092266250401735,
random_track235510,test__random_track235510__3_saxophone,random,saxophone,tune,234.0964709609958,530.3086471282692,14.716,hmm-017,paper-repeated,13,0.01,0.65,0.993491124260355,0.12666666666666668,0.9538461538461539,0.9544378698224852,0.9472826086956522,4680,5040,0.9285714285714286,0.6617814591154456,
random_track235510,test__random_track235510__3_saxophone,random,saxophone,tune,234.0964709609958,530.3086471282692,14.716,hmm-018,paper-repeated,25,0.005012562893380035,0.35,0.9884615384615385,0.12333333333333334,0.95,0.9505917159763314,0.9440217391304347,4654,5040,0.9234126984126985,0.6995852089021355,
random_track235510,test__random_track235510__3_saxophone,random,saxophone,tune,234.0964709609958,530.3086471282692,14.716,hmm-019,paper-repeated,25,0.005012562893380035,0.5,0.9902366863905325,0.12333333333333334,0.9514792899408284,0.9520710059171598,0.9453804347826087,4664,5040,0.9253968253968254,0.6953120001126081,
random_track235510,test__random_track235510__3_saxophone,random,saxophone,tune,234.0964709609958,530.3086471282692,14.716,hmm-020,paper-repeated,25,0.005012562893380035,0.65,0.994378698224852,0.13333333333333333,0.9541420118343196,0.9547337278106509,0.9470108695652174,4687,5040,0.9299603174603175,0.684801041148603,
random_track235510,test__random_track235510__3_saxophone,random,saxophone,tune,234.0964709609958,530.3086471282692,14.716,hmm-021,paper-repeated,25,0.01,0.35,0.9884615384615385,0.12333333333333334,0.95,0.9505917159763314,0.9440217391304347,4654,5040,0.9234126984126985,0.6980734581593424,
random_track235510,test__random_track235510__3_saxophone,random,saxophone,tune,234.0964709609958,530.3086471282692,14.716,hmm-022,paper-repeated,25,0.01,0.5,0.9902366863905325,0.12333333333333334,0.9514792899408284,0.9520710059171598,0.9453804347826087,4664,5040,0.9253968253968254,0.6997105840127915,
random_track235510,test__random_track235510__3_saxophone,random,saxophone,tune,234.0964709609958,530.3086471282692,14.716,hmm-023,paper-repeated,25,0.01,0.65,0.994378698224852,0.13333333333333333,0.9541420118343196,0.9547337278106509,0.9470108695652174,4687,5040,0.9299603174603175,0.6886892500333488,
random_track235016,test__random_track235016__3_trombone,random,trombone,tune,245.83299525634104,525.2313629710894,14.244,hmm-000,attune-uniform,13,0.005012562893380035,0.35,0.9877937137625877,0.06666666666666667,0.9658223985352457,0.9658223985352457,0.9632229084783829,4489,4877,0.9204428952224728,0.5697380828205496,
random_track235016,test__random_track235016__3_trombone,random,trombone,tune,245.83299525634104,525.2313629710894,14.244,hmm-001,attune-uniform,13,0.005012562893380035,0.5,0.9890143423863289,0.07017543859649122,0.9667378700030516,0.9667378700030516,0.9637843907916901,4496,4877,0.92187820381382,0.5672442079521716,
random_track235016,test__random_track235016__3_trombone,random,trombone,tune,245.83299525634104,525.2313629710894,14.244,hmm-002,attune-uniform,13,0.005012562893380035,0.65,0.9905401281660055,0.07368421052631578,0.9679584986267928,0.9679584986267928,0.9646266142616507,4502,4877,0.9231084683206889,0.5733207080047578,
random_track235016,test__random_track235016__3_trombone,random,trombone,tune,245.83299525634104,525.2313629710894,14.244,hmm-003,attune-uniform,13,0.01,0.35,0.9877937137625877,0.06666666666666667,0.9658223985352457,0.9658223985352457,0.9632229084783829,4489,4877,0.9204428952224728,0.5672509579453617,
random_track235016,test__random_track235016__3_trombone,random,trombone,tune,245.83299525634104,525.2313629710894,14.244,hmm-004,attune-uniform,13,0.01,0.5,0.9890143423863289,0.07017543859649122,0.9667378700030516,0.9667378700030516,0.9637843907916901,4496,4877,0.92187820381382,0.5462110000662506,
random_track235016,test__random_track235016__3_trombone,random,trombone,tune,245.83299525634104,525.2313629710894,14.244,hmm-005,attune-uniform,13,0.01,0.65,0.9905401281660055,0.07368421052631578,0.9679584986267928,0.9679584986267928,0.9646266142616507,4502,4877,0.9231084683206889,0.5684694170486182,
random_track235016,test__random_track235016__3_trombone,random,trombone,tune,245.83299525634104,525.2313629710894,14.244,hmm-006,attune-uniform,25,0.005012562893380035,0.35,0.9874885566066525,0.05964912280701754,0.965212084223375,0.965212084223375,0.9632229084783829,4484,4877,0.919417674800082,0.5424437911715358,
random_track235016,test__random_track235016__3_trombone,random,trombone,tune,245.83299525634104,525.2313629710894,14.244,hmm-007,attune-uniform,25,0.005012562893380035,0.5,0.9884040280744584,0.07017543859649122,0.9658223985352457,0.9658223985352457,0.9629421673217293,4491,4877,0.9208529833914292,0.5584564579185098,
random_track235016,test__random_track235016__3_trombone,random,trombone,tune,245.83299525634104,525.2313629710894,14.244,hmm-008,attune-uniform,25,0.005012562893380035,0.65,0.9905401281660055,0.07368421052631578,0.9673481843149222,0.9673481843149222,0.9640651319483436,4503,4877,0.9233135124051671,0.5785249581094831,
random_track235016,test__random_track235016__3_trombone,random,trombone,tune,245.83299525634104,525.2313629710894,14.244,hmm-009,attune-uniform,25,0.01,0.35,0.9847421422032346,0.05964912280701754,0.9636862984436985,0.9636862984436985,0.9618192026951151,4472,4877,0.916957145786344,0.5376278748735785,
random_track235016,test__random_track235016__3_trombone,random,trombone,tune,245.83299525634104,525.2313629710894,14.244,hmm-010,attune-uniform,25,0.01,0.5,0.9884040280744584,0.07017543859649122,0.9658223985352457,0.9658223985352457,0.9629421673217293,4491,4877,0.9208529833914292,0.5908970839809626,
random_track235016,test__random_track235016__3_trombone,random,trombone,tune,245.83299525634104,525.2313629710894,14.244,hmm-011,attune-uniform,25,0.01,0.65,0.9905401281660055,0.07368421052631578,0.9673481843149222,0.9673481843149222,0.9640651319483436,4503,4877,0.9233135124051671,0.5812331249471754,
random_track235016,test__random_track235016__3_trombone,random,trombone,tune,245.83299525634104,525.2313629710894,14.244,hmm-012,paper-repeated,13,0.005012562893380035,0.35,0.9002136100091547,0.021052631578947368,0.8941104668904486,0.8941104668904486,0.9008983717012914,4076,4877,0.8357596883329916,0.5668032499961555,
random_track235016,test__random_track235016__3_trombone,random,trombone,tune,245.83299525634104,525.2313629710894,14.244,hmm-013,paper-repeated,13,0.005012562893380035,0.5,0.9206591394568202,0.02456140350877193,0.9127250534025023,0.9127250534025023,0.9177428411005053,4170,4877,0.8550338322739389,0.6059338338673115,
random_track235016,test__random_track235016__3_trombone,random,trombone,tune,245.83299525634104,525.2313629710894,14.244,hmm-014,paper-repeated,13,0.005012562893380035,0.65,0.936222154409521,0.02456140350877193,0.9258468111077205,0.9258468111077205,0.9298147108366086,4237,4877,0.8687717859339759,0.5801016250625253,
random_track235016,test__random_track235016__3_trombone,random,trombone,tune,245.83299525634104,525.2313629710894,14.244,hmm-015,paper-repeated,13,0.01,0.35,0.9002136100091547,0.021052631578947368,0.8941104668904486,0.8941104668904486,0.9008983717012914,4076,4877,0.8357596883329916,0.5844747920054942,
random_track235016,test__random_track235016__3_trombone,random,trombone,tune,245.83299525634104,525.2313629710894,14.244,hmm-016,paper-repeated,13,0.01,0.5,0.9182178822093378,0.02456140350877193,0.9118095819346964,0.9118095819346964,0.9169006176305446,4158,4877,0.852573303260201,0.5603727919515222,
random_track235016,test__random_track235016__3_trombone,random,trombone,tune,245.83299525634104,525.2313629710894,14.244,hmm-017,paper-repeated,13,0.01,0.65,0.934391211473909,0.02456140350877193,0.9249313396399146,0.9249313396399146,0.928972487366648,4228,4877,0.8669263891736724,0.5923916248138994,
random_track235016,test__random_track235016__3_trombone,random,trombone,tune,245.83299525634104,525.2313629710894,14.244,hmm-018,paper-repeated,25,0.005012562893380035,0.35,0.893500152578578,0.021052631578947368,0.8873970094598719,0.8873970094598719,0.894722066254913,4045,4877,0.8294033217141685,0.5599835000466555,
random_track235016,test__random_track235016__3_trombone,random,trombone,tune,245.83299525634104,525.2313629710894,14.244,hmm-019,paper-repeated,25,0.005012562893380035,0.5,0.9160817821177907,0.02456140350877193,0.9084528532194079,0.9084528532194079,0.9138124649073555,4147,4877,0.8503178183309411,0.5952008329331875,
random_track235016,test__random_track235016__3_trombone,random,trombone,tune,245.83299525634104,525.2313629710894,14.244,hmm-020,paper-repeated,25,0.005012562893380035,0.65,0.9310344827586207,0.02456140350877193,0.9209642966127556,0.9209642966127556,0.9253228523301515,4217,4877,0.8646709042444125,0.5753339170478284,
random_track235016,test__random_track235016__3_trombone,random,trombone,tune,245.83299525634104,525.2313629710894,14.244,hmm-021,paper-repeated,25,0.01,0.35,0.893500152578578,0.021052631578947368,0.8873970094598719,0.8873970094598719,0.894722066254913,4045,4877,0.8294033217141685,0.5654751670081168,
random_track235016,test__random_track235016__3_trombone,random,trombone,tune,245.83299525634104,525.2313629710894,14.244,hmm-022,paper-repeated,25,0.01,0.5,0.9136405248703082,0.02456140350877193,0.907537381751602,0.907537381751602,0.9129702414373947,4135,4877,0.8478572893172032,0.5869540001731366,
random_track235016,test__random_track235016__3_trombone,random,trombone,tune,245.83299525634104,525.2313629710894,14.244,hmm-023,paper-repeated,25,0.01,0.65,0.9292035398230089,0.02456140350877193,0.9200488251449497,0.9200488251449497,0.9244806288601909,4208,4877,0.8628255074841091,0.5812130419071764,
random_track234426,test__random_track234426__1_trumpet,random,trumpet,tune,493.21580953750305,888.8138724695101,18.964,hmm-000,attune-uniform,13,0.005012562893380035,0.35,0.9959659345584939,0.12142857142857143,0.9834155087404751,0.9834155087404751,0.9772247996625896,6170,6504,0.9486469864698647,0.4493142911233008,
random_track234426,test__random_track234426__1_trumpet,random,trumpet,tune,493.21580953750305,888.8138724695101,18.964,hmm-001,attune-uniform,13,0.005012562893380035,0.5,0.9959659345584939,0.12142857142857143,0.9834155087404751,0.9834155087404751,0.9772247996625896,6171,6504,0.9488007380073801,0.473141249967739,
random_track234426,test__random_track234426__1_trumpet,random,trumpet,tune,493.21580953750305,888.8138724695101,18.964,hmm-002,attune-uniform,13,0.005012562893380035,0.65,0.9959659345584939,0.12142857142857143,0.9834155087404751,0.9834155087404751,0.9772247996625896,6171,6504,0.9488007380073801,0.44241858390159905,
random_track234426,test__random_track234426__1_trumpet,random,trumpet,tune,493.21580953750305,888.8138724695101,18.964,hmm-003,attune-uniform,13,0.01,0.35,0.9959659345584939,0.12142857142857143,0.9834155087404751,0.9834155087404751,0.9772247996625896,6170,6504,0.9486469864698647,0.4643929998856038,
random_track234426,test__random_track234426__1_trumpet,random,trumpet,tune,493.21580953750305,888.8138724695101,18.964,hmm-004,attune-uniform,13,0.01,0.5,0.9959659345584939,0.12142857142857143,0.9834155087404751,0.9834155087404751,0.9772247996625896,6171,6504,0.9488007380073801,0.5021378751844168,
random_track234426,test__random_track234426__1_trumpet,random,trumpet,tune,493.21580953750305,888.8138724695101,18.964,hmm-005,attune-uniform,13,0.01,0.65,0.9959659345584939,0.12142857142857143,0.9834155087404751,0.9834155087404751,0.9772247996625896,6171,6504,0.9488007380073801,0.48283358407206833,
random_track234426,test__random_track234426__1_trumpet,random,trumpet,tune,493.21580953750305,888.8138724695101,18.964,hmm-006,attune-uniform,25,0.005012562893380035,0.35,0.9959659345584939,0.12142857142857143,0.9834155087404751,0.9834155087404751,0.9772247996625896,6170,6504,0.9486469864698647,0.4419624579604715,
random_track234426,test__random_track234426__1_trumpet,random,trumpet,tune,493.21580953750305,888.8138724695101,18.964,hmm-007,attune-uniform,25,0.005012562893380035,0.5,0.9959659345584939,0.12142857142857143,0.9834155087404751,0.9834155087404751,0.9772247996625896,6171,6504,0.9488007380073801,0.46340129105374217,
random_track234426,test__random_track234426__1_trumpet,random,trumpet,tune,493.21580953750305,888.8138724695101,18.964,hmm-008,attune-uniform,25,0.005012562893380035,0.65,0.9959659345584939,0.12142857142857143,0.9834155087404751,0.9834155087404751,0.9772247996625896,6171,6504,0.9488007380073801,0.4701287499628961,
random_track234426,test__random_track234426__1_trumpet,random,trumpet,tune,493.21580953750305,888.8138724695101,18.964,hmm-009,attune-uniform,25,0.01,0.35,0.9959659345584939,0.12142857142857143,0.9834155087404751,0.9834155087404751,0.9772247996625896,6170,6504,0.9486469864698647,0.4684883328154683,
random_track234426,test__random_track234426__1_trumpet,random,trumpet,tune,493.21580953750305,888.8138724695101,18.964,hmm-010,attune-uniform,25,0.01,0.5,0.9959659345584939,0.12142857142857143,0.9834155087404751,0.9834155087404751,0.9772247996625896,6171,6504,0.9488007380073801,0.4702366248238832,
random_track234426,test__random_track234426__1_trumpet,random,trumpet,tune,493.21580953750305,888.8138724695101,18.964,hmm-011,attune-uniform,25,0.01,0.65,0.9959659345584939,0.12142857142857143,0.9834155087404751,0.9834155087404751,0.9772247996625896,6171,6504,0.9488007380073801,0.46080133295618,
random_track234426,test__random_track234426__1_trumpet,random,trumpet,tune,493.21580953750305,888.8138724695101,18.964,hmm-012,paper-repeated,13,0.005012562893380035,0.35,0.9789332138054684,0.08928571428571429,0.9748991483639623,0.9748991483639623,0.9711092366090257,6049,6504,0.9300430504305043,0.4887794579844922,
random_track234426,test__random_track234426__1_trumpet,random,trumpet,tune,493.21580953750305,888.8138724695101,18.964,hmm-013,paper-repeated,13,0.005012562893380035,0.5,0.9867772299417301,0.09285714285714286,0.9796055580457194,0.9796055580457194,0.9753268663011387,6102,6504,0.9381918819188192,0.5032417920883745,
random_track234426,test__random_track234426__1_trumpet,random,trumpet,tune,493.21580953750305,888.8138724695101,18.964,hmm-014,paper-repeated,13,0.005012562893380035,0.65,0.9932765575974899,0.12142857142857143,0.982070820259973,0.982070820259973,0.9759595107549557,6154,6504,0.9461869618696187,0.47036925004795194,
random_track234426,test__random_track234426__1_trumpet,random,trumpet,tune,493.21580953750305,888.8138724695101,18.964,hmm-015,paper-repeated,13,0.01,0.35,0.9789332138054684,0.08928571428571429,0.9748991483639623,0.9748991483639623,0.9711092366090257,6049,6504,0.9300430504305043,0.4744529169984162,
random_track234426,test__random_track234426__1_trumpet,random,trumpet,tune,493.21580953750305,888.8138724695101,18.964,hmm-016,paper-repeated,13,0.01,0.5,0.9847601972209772,0.09285714285714286,0.9787090990587181,0.9787090990587181,0.9744833403627161,6090,6504,0.9363468634686347,0.47850449988618493,
random_track234426,test__random_track234426__1_trumpet,random,trumpet,tune,493.21580953750305,888.8138724695101,18.964,hmm-017,paper-repeated,13,0.01,0.65,0.9932765575974899,0.12142857142857143,0.982070820259973,0.982070820259973,0.9759595107549557,6154,6504,0.9461869618696187,0.4808230840135366,
random_track234426,test__random_track234426__1_trumpet,random,trumpet,tune,493.21580953750305,888.8138724695101,18.964,hmm-018,paper-repeated,25,0.005012562893380035,0.35,0.9728821156432094,0.08214285714285714,0.9697445091887046,0.9697445091887046,0.9666807254323071,6014,6504,0.9246617466174661,0.46555987489409745,
random_track234426,test__random_track234426__1_trumpet,random,trumpet,tune,493.21580953750305,888.8138724695101,18.964,hmm-019,paper-repeated,25,0.005012562893380035,0.5,0.9829672792469745,0.08928571428571429,0.9769161810847153,0.9769161810847153,0.9730071699704765,6075,6504,0.934040590405904,0.4776626250240952,
random_track234426,test__random_track234426__1_trumpet,random,trumpet,tune,493.21580953750305,888.8138724695101,18.964,hmm-020,paper-repeated,25,0.005012562893380035,0.65,0.9928283281039892,0.12142857142857143,0.9816225907664724,0.9816225907664724,0.9755377477857444,6151,6504,0.9457257072570726,0.4672836670652032,
random_track234426,test__random_track234426__1_trumpet,random,trumpet,tune,493.21580953750305,888.8138724695101,18.964,hmm-021,paper-repeated,25,0.01,0.35,0.9728821156432094,0.08214285714285714,0.9697445091887046,0.9697445091887046,0.9666807254323071,6014,6504,0.9246617466174661,0.48022837517783046,
random_track234426,test__random_track234426__1_trumpet,random,trumpet,tune,493.21580953750305,888.8138724695101,18.964,hmm-022,paper-repeated,25,0.01,0.5,0.9805020170327208,0.08928571428571429,0.9755714926042134,0.9755714926042134,0.9717418810628426,6059,6504,0.9315805658056581,0.4572624168358743,
random_track234426,test__random_track234426__1_trumpet,random,trumpet,tune,493.21580953750305,888.8138724695101,18.964,hmm-023,paper-repeated,25,0.01,0.65,0.9910354101299865,0.12142857142857143,0.9809502465262214,0.9809502465262214,0.9749051033319275,6140,6504,0.9440344403444034,0.492587624816224,
random_track235864,test__random_track235864__4_tuba,random,tuba,tune,130.26601537886904,332.59676104898773,19.824,hmm-000,attune-uniform,13,0.005012562893380035,0.35,0.9621097954790097,0.26282051282051283,0.9069967707212055,0.9119483315392896,0.8963082509582408,6267,6800,0.9216176470588235,1.228614625055343,
random_track235864,test__random_track235864__4_tuba,random,tuba,tune,130.26601537886904,332.59676104898773,19.824,hmm-001,attune-uniform,13,0.005012562893380035,0.5,0.9726587728740581,0.28846153846153844,0.9168998923573736,0.9218514531754575,0.9039741779301997,6349,6800,0.9336764705882353,1.1924638750497252,
random_track235864,test__random_track235864__4_tuba,random,tuba,tune,130.26601537886904,332.59676104898773,19.824,hmm-002,attune-uniform,13,0.005012562893380035,0.65,0.9761033369214209,0.30128205128205127,0.9196986006458557,0.9246501614639397,0.9057897922130321,6377,6800,0.9377941176470588,1.2427985409740359,
random_track235864,test__random_track235864__4_tuba,random,tuba,tune,130.26601537886904,332.59676104898773,19.824,hmm-003,attune-uniform,13,0.01,0.35,0.9621097954790097,0.26282051282051283,0.9069967707212055,0.9119483315392896,0.8963082509582408,6267,6800,0.9216176470588235,1.1839191659819335,
random_track235864,test__random_track235864__4_tuba,random,tuba,tune,130.26601537886904,332.59676104898773,19.824,hmm-004,attune-uniform,13,0.01,0.5,0.9726587728740581,0.28846153846153844,0.9168998923573736,0.9218514531754575,0.9039741779301997,6349,6800,0.9336764705882353,1.1834194159600884,
random_track235864,test__random_track235864__4_tuba,random,tuba,tune,130.26601537886904,332.59676104898773,19.824,hmm-005,attune-uniform,13,0.01,0.65,0.9761033369214209,0.30128205128205127,0.9196986006458557,0.9246501614639397,0.9057897922130321,6377,6800,0.9377941176470588,1.181810999987647,
random_track235864,test__random_track235864__4_tuba,random,tuba,tune,130.26601537886904,332.59676104898773,19.824,hmm-006,attune-uniform,25,0.005012562893380035,0.35,0.9638320775026911,0.27564102564102566,0.9078579117330463,0.9132400430570506,0.8963082509582408,6288,6800,0.9247058823529412,1.215275082970038,
random_track235864,test__random_track235864__4_tuba,random,tuba,tune,130.26601537886904,332.59676104898773,19.824,hmm-007,attune-uniform,25,0.005012562893380035,0.5,0.9745963401506996,0.30128205128205127,0.9186221743810549,0.9240043057050592,0.9047811176114585,6365,6800,0.9360294117647059,1.2118417921010405,
random_track235864,test__random_track235864__4_tuba,random,tuba,tune,130.26601537886904,332.59676104898773,19.824,hmm-008,attune-uniform,25,0.005012562893380035,0.65,0.9754574811625404,0.30448717948717946,0.9190527448869752,0.9244348762109795,0.9049828525317732,6373,6800,0.9372058823529412,1.2031443330924958,
random_track235864,test__random_track235864__4_tuba,random,tuba,tune,130.26601537886904,332.59676104898773,19.824,hmm-009,attune-uniform,25,0.01,0.35,0.9638320775026911,0.27564102564102566,0.9078579117330463,0.9132400430570506,0.8963082509582408,6288,6800,0.9247058823529412,1.197785166092217,
random_track235864,test__random_track235864__4_tuba,random,tuba,tune,130.26601537886904,332.59676104898773,19.824,hmm-010,attune-uniform,25,0.01,0.5,0.9745963401506996,0.30128205128205127,0.9186221743810549,0.9240043057050592,0.9047811176114585,6365,6800,0.9360294117647059,1.1599316250067204,
random_track235864,test__random_track235864__4_tuba,random,tuba,tune,130.26601537886904,332.59676104898773,19.824,hmm-011,attune-uniform,25,0.01,0.65,0.9754574811625404,0.30448717948717946,0.9190527448869752,0.9244348762109795,0.9049828525317732,6373,6800,0.9372058823529412,1.191803582943976,
random_track235864,test__random_track235864__4_tuba,random,tuba,tune,130.26601537886904,332.59676104898773,19.824,hmm-012,paper-repeated,13,0.005012562893380035,0.35,0.45532831001076424,0.057692307692307696,0.4533907427341227,0.4533907427341227,0.4841638087552955,2940,6800,0.4323529411764706,1.2011447090189904,
random_track235864,test__random_track235864__4_tuba,random,tuba,tune,130.26601537886904,332.59676104898773,19.824,hmm-013,paper-repeated,13,0.005012562893380035,0.5,0.4889128094725511,0.07371794871794872,0.4841765339074273,0.4841765339074273,0.5120032277587251,3163,6800,0.4651470588235294,1.2179857078008354,
random_track235864,test__random_track235864__4_tuba,random,tuba,tune,130.26601537886904,332.59676104898773,19.824,hmm-014,paper-repeated,13,0.005012562893380035,0.65,0.5207750269106566,0.11538461538461539,0.5123789020452099,0.5123789020452099,0.5358079483558604,3385,6800,0.49779411764705883,1.2341426662169397,
random_track235864,test__random_track235864__4_tuba,random,tuba,tune,130.26601537886904,332.59676104898773,19.824,hmm-015,paper-repeated,13,0.01,0.35,0.4607104413347686,0.057692307692307696,0.458772874058127,0.458772874058127,0.4892071817631632,2974,6800,0.4373529411764706,1.2212537920568138,
random_track235864,test__random_track235864__4_tuba,random,tuba,tune,130.26601537886904,332.59676104898773,19.824,hmm-016,paper-repeated,13,0.01,0.5,0.4889128094725511,0.07371794871794872,0.4841765339074273,0.4841765339074273,0.5120032277587251,3163,6800,0.4651470588235294,1.202209291048348,
random_track235864,test__random_track235864__4_tuba,random,tuba,tune,130.26601537886904,332.59676104898773,19.824,hmm-017,paper-repeated,13,0.01,0.65,0.5184068891280947,0.11538461538461539,0.5108719052744887,0.5108719052744887,0.5343958039136575,3369,6800,0.4954411764705882,1.7380561670288444,
random_track235864,test__random_track235864__4_tuba,random,tuba,tune,130.26601537886904,332.59676104898773,19.824,hmm-018,paper-repeated,25,0.005012562893380035,0.35,0.45941872981700754,0.057692307692307696,0.4572658772874058,0.4572658772874058,0.48779503732096025,2965,6800,0.4360294117647059,1.2499397499486804,
random_track235864,test__random_track235864__4_tuba,random,tuba,tune,130.26601537886904,332.59676104898773,19.824,hmm-019,paper-repeated,25,0.005012562893380035,0.5,0.48805166846071046,0.07371794871794872,0.483745963401507,0.483745963401507,0.5115997579180956,3158,6800,0.46441176470588236,1.238387499935925,
random_track235864,test__random_track235864__4_tuba,random,tuba,tune,130.26601537886904,332.59676104898773,19.824,hmm-020,paper-repeated,25,0.005012562893380035,0.65,0.5184068891280947,0.10576923076923077,0.5108719052744887,0.5108719052744887,0.5350010086746015,3367,6800,0.4951470588235294,1.2305555001366884,
random_track235864,test__random_track235864__4_tuba,random,tuba,tune,130.26601537886904,332.59676104898773,19.824,hmm-021,paper-repeated,25,0.01,0.35,0.45941872981700754,0.057692307692307696,0.4572658772874058,0.4572658772874058,0.48779503732096025,2965,6800,0.4360294117647059,1.2443152088671923,
random_track235864,test__random_track235864__4_tuba,random,tuba,tune,130.26601537886904,332.59676104898773,19.824,hmm-022,paper-repeated,25,0.01,0.5,0.48805166846071046,0.07371794871794872,0.483745963401507,0.483745963401507,0.5115997579180956,3158,6800,0.46441176470588236,1.18893958395347,
random_track235864,test__random_track235864__4_tuba,random,tuba,tune,130.26601537886904,332.59676104898773,19.824,hmm-023,paper-repeated,25,0.01,0.65,0.5184068891280947,0.10576923076923077,0.5108719052744887,0.5108719052744887,0.5350010086746015,3367,6800,0.4951470588235294,1.2068518751766533,
random_track234220,test__random_track234220__3_viola,random,viola,tune,231.51009693273735,528.9108790654865,30.104,hmm-000,attune-uniform,13,0.005012562893380035,0.35,0.9979273179494266,0.7172413793103448,0.9885311593201603,0.9885311593201603,0.9613391789557593,10241,10342,0.9902339972925933,1.4640829579439014,
random_track234220,test__random_track234220__3_viola,random,viola,tune,231.51009693273735,528.9108790654865,30.104,hmm-001,attune-uniform,13,0.005012562893380035,0.5,0.9979273179494266,0.7172413793103448,0.9885311593201603,0.9885311593201603,0.9613391789557593,10241,10342,0.9902339972925933,1.430433375062421,
random_track234220,test__random_track234220__3_viola,random,viola,tune,231.51009693273735,528.9108790654865,30.104,hmm-002,attune-uniform,13,0.005012562893380035,0.65,0.9979273179494266,0.7275862068965517,0.9885311593201603,0.9885311593201603,0.9609406137903547,10245,10342,0.990620769677045,1.4548855831380934,
random_track234220,test__random_track234220__3_viola,random,viola,tune,231.51009693273735,528.9108790654865,30.104,hmm-003,attune-uniform,13,0.01,0.35,0.9979273179494266,0.7172413793103448,0.9885311593201603,0.9885311593201603,0.9613391789557593,10241,10342,0.9902339972925933,1.4687032089568675,
random_track234220,test__random_track234220__3_viola,random,viola,tune,231.51009693273735,528.9108790654865,30.104,hmm-004,attune-uniform,13,0.01,0.5,0.9979273179494266,0.7172413793103448,0.9885311593201603,0.9885311593201603,0.9613391789557593,10241,10342,0.9902339972925933,1.4531604580115527,
random_track234220,test__random_track234220__3_viola,random,viola,tune,231.51009693273735,528.9108790654865,30.104,hmm-005,attune-uniform,13,0.01,0.65,0.9979273179494266,0.7275862068965517,0.9885311593201603,0.9885311593201603,0.9609406137903547,10245,10342,0.990620769677045,1.4294821249786764,
random_track234220,test__random_track234220__3_viola,random,viola,tune,231.51009693273735,528.9108790654865,30.104,hmm-006,attune-uniform,25,0.005012562893380035,0.35,0.9979273179494266,0.7068965517241379,0.9885311593201603,0.9885311593201603,0.9617377441211639,10237,10342,0.9898472249081416,1.3948036250658333,
random_track234220,test__random_track234220__3_viola,random,viola,tune,231.51009693273735,528.9108790654865,30.104,hmm-007,attune-uniform,25,0.005012562893380035,0.5,0.9979273179494266,0.7172413793103448,0.9885311593201603,0.9885311593201603,0.9613391789557593,10241,10342,0.9902339972925933,1.4328888750169426,
random_track234220,test__random_track234220__3_viola,random,viola,tune,231.51009693273735,528.9108790654865,30.104,hmm-008,attune-uniform,25,0.005012562893380035,0.65,0.9980654967527981,0.7275862068965517,0.9885311593201603,0.9885311593201603,0.9609406137903547,10246,10342,0.990717462773158,1.4042724999599159,
random_track234220,test__random_track234220__3_viola,random,viola,tune,231.51009693273735,528.9108790654865,30.104,hmm-009,attune-uniform,25,0.01,0.35,0.9979273179494266,0.7068965517241379,0.9885311593201603,0.9885311593201603,0.9617377441211639,10237,10342,0.9898472249081416,1.3738872909452766,
random_track234220,test__random_track234220__3_viola,random,viola,tune,231.51009693273735,528.9108790654865,30.104,hmm-010,attune-uniform,25,0.01,0.5,0.9979273179494266,0.7172413793103448,0.9885311593201603,0.9885311593201603,0.9613391789557593,10241,10342,0.9902339972925933,1.3921192919369787,
random_track234220,test__random_track234220__3_viola,random,viola,tune,231.51009693273735,528.9108790654865,30.104,hmm-011,attune-uniform,25,0.01,0.65,0.9980654967527981,0.7275862068965517,0.9885311593201603,0.9885311593201603,0.9609406137903547,10246,10342,0.990717462773158,1.4766426251735538,
random_track234220,test__random_track234220__3_viola,random,viola,tune,231.51009693273735,528.9108790654865,30.104,hmm-012,paper-repeated,13,0.005012562893380035,0.35,0.9930910598314219,0.5827586206896552,0.9860439408594721,0.9860439408594721,0.9641291351135911,10137,10342,0.9801779152968478,1.4162505408748984,
random_track234220,test__random_track234220__3_viola,random,viola,tune,231.51009693273735,528.9108790654865,30.104,hmm-013,paper-repeated,13,0.005012562893380035,0.5,0.9940583114550228,0.5827586206896552,0.9868730136797015,0.9868730136797015,0.9649262654444002,10148,10342,0.9812415393540901,1.437025458086282,
random_track234220,test__random_track234220__3_viola,random,viola,tune,231.51009693273735,528.9108790654865,30.104,hmm-014,paper-repeated,13,0.005012562893380035,0.65,0.9946110266685091,0.5827586206896552,0.9872875500898162,0.9872875500898162,0.9653248306098047,10154,10342,0.9818216979307678,2.0843654579948634,
random_track234220,test__random_track234220__3_viola,random,viola,tune,231.51009693273735,528.9108790654865,30.104,hmm-015,paper-repeated,13,0.01,0.35,0.9930910598314219,0.5827586206896552,0.9860439408594721,0.9860439408594721,0.9641291351135911,10137,10342,0.9801779152968478,1.446793792070821,
random_track234220,test__random_track234220__3_viola,random,viola,tune,231.51009693273735,528.9108790654865,30.104,hmm-016,paper-repeated,13,0.01,0.5,0.9940583114550228,0.5827586206896552,0.9868730136797015,0.9868730136797015,0.9649262654444002,10148,10342,0.9812415393540901,1.505961999995634,
random_track234220,test__random_track234220__3_viola,random,viola,tune,231.51009693273735,528.9108790654865,30.104,hmm-017,paper-repeated,13,0.01,0.65,0.9946110266685091,0.5827586206896552,0.9872875500898162,0.9872875500898162,0.9653248306098047,10154,10342,0.9818216979307678,1.5078930840827525,
random_track234220,test__random_track234220__3_viola,random,viola,tune,231.51009693273735,528.9108790654865,30.104,hmm-018,paper-repeated,25,0.005012562893380035,0.35,0.992400165814564,0.5827586206896552,0.9853530468426144,0.9853530468426144,0.9634648598379169,10130,10342,0.9795010636240572,1.4162357090972364,
random_track234220,test__random_track234220__3_viola,random,viola,tune,231.51009693273735,528.9108790654865,30.104,hmm-019,paper-repeated,25,0.005012562893380035,0.5,0.993367417438165,0.5827586206896552,0.9863202984662153,0.9863202984662153,0.9643948452238608,10140,10342,0.9804679945851866,1.4651864590123296,
random_track234220,test__random_track234220__3_viola,random,viola,tune,231.51009693273735,528.9108790654865,30.104,hmm-020,paper-repeated,25,0.005012562893380035,0.65,0.9940583114550228,0.5827586206896552,0.9868730136797015,0.9868730136797015,0.9649262654444002,10148,10342,0.9812415393540901,1.4676708749029785,
random_track234220,test__random_track234220__3_viola,random,viola,tune,231.51009693273735,528.9108790654865,30.104,hmm-021,paper-repeated,25,0.01,0.35,0.992400165814564,0.5827586206896552,0.9853530468426144,0.9853530468426144,0.9634648598379169,10130,10342,0.9795010636240572,1.4298344999551773,
random_track234220,test__random_track234220__3_viola,random,viola,tune,231.51009693273735,528.9108790654865,30.104,hmm-022,paper-repeated,25,0.01,0.5,0.993367417438165,0.5827586206896552,0.9863202984662153,0.9863202984662153,0.9643948452238608,10140,10342,0.9804679945851866,1.4555754580069333,
random_track234220,test__random_track234220__3_viola,random,viola,tune,231.51009693273735,528.9108790654865,30.104,hmm-023,paper-repeated,25,0.01,0.65,0.9940583114550228,0.5827586206896552,0.9868730136797015,0.9868730136797015,0.9649262654444002,10148,10342,0.9812415393540901,1.4453035418409854,
random_track234186,test__random_track234186__2_violin,random,violin,tune,349.26440662313837,664.3240661742026,17.704,hmm-000,attune-uniform,13,0.005012562893380035,0.35,0.9968568665377177,0.16494845360824742,0.9779980657640233,0.9779980657640233,0.9686017619155184,5749,6069,0.9472730268578019,0.49067304213531315,
random_track234186,test__random_track234186__2_violin,random,violin,tune,349.26440662313837,664.3240661742026,17.704,hmm-001,attune-uniform,13,0.005012562893380035,0.5,0.9968568665377177,0.16494845360824742,0.9779980657640233,0.9779980657640233,0.9686017619155184,5749,6069,0.9472730268578019,0.5229929580818862,
random_track234186,test__random_track234186__2_violin,random,violin,tune,349.26440662313837,664.3240661742026,17.704,hmm-002,attune-uniform,13,0.005012562893380035,0.65,0.9968568665377177,0.16494845360824742,0.9779980657640233,0.9779980657640233,0.9686017619155184,5749,6069,0.9472730268578019,0.4971224160399288,
random_track234186,test__random_track234186__2_violin,random,violin,tune,349.26440662313837,664.3240661742026,17.704,hmm-003,attune-uniform,13,0.01,0.35,0.9968568665377177,0.16494845360824742,0.9779980657640233,0.9779980657640233,0.9686017619155184,5749,6069,0.9472730268578019,0.49728850019164383,
random_track234186,test__random_track234186__2_violin,random,violin,tune,349.26440662313837,664.3240661742026,17.704,hmm-004,attune-uniform,13,0.01,0.5,0.9968568665377177,0.16494845360824742,0.9779980657640233,0.9779980657640233,0.9686017619155184,5749,6069,0.9472730268578019,0.5018619580660015,
random_track234186,test__random_track234186__2_violin,random,violin,tune,349.26440662313837,664.3240661742026,17.704,hmm-005,attune-uniform,13,0.01,0.65,0.9968568665377177,0.16494845360824742,0.9779980657640233,0.9779980657640233,0.9686017619155184,5749,6069,0.9472730268578019,0.49939670809544623,
random_track234186,test__random_track234186__2_violin,random,violin,tune,349.26440662313837,664.3240661742026,17.704,hmm-006,attune-uniform,25,0.005012562893380035,0.35,0.9968568665377177,0.16494845360824742,0.9779980657640233,0.9779980657640233,0.9686017619155184,5749,6069,0.9472730268578019,0.49249716592021286,
random_track234186,test__random_track234186__2_violin,random,violin,tune,349.26440662313837,664.3240661742026,17.704,hmm-007,attune-uniform,25,0.005012562893380035,0.5,0.9968568665377177,0.16494845360824742,0.9779980657640233,0.9779980657640233,0.9686017619155184,5749,6069,0.9472730268578019,0.5004546670243144,
random_track234186,test__random_track234186__2_violin,random,violin,tune,349.26440662313837,664.3240661742026,17.704,hmm-008,attune-uniform,25,0.005012562893380035,0.65,0.9968568665377177,0.16494845360824742,0.9779980657640233,0.9779980657640233,0.9686017619155184,5749,6069,0.9472730268578019,0.49366599996574223,
random_track234186,test__random_track234186__2_violin,random,violin,tune,349.26440662313837,664.3240661742026,17.704,hmm-009,attune-uniform,25,0.01,0.35,0.9968568665377177,0.16494845360824742,0.9779980657640233,0.9779980657640233,0.9686017619155184,5749,6069,0.9472730268578019,0.4928151669446379,
random_track234186,test__random_track234186__2_violin,random,violin,tune,349.26440662313837,664.3240661742026,17.704,hmm-010,attune-uniform,25,0.01,0.5,0.9968568665377177,0.16494845360824742,0.9779980657640233,0.9779980657640233,0.9686017619155184,5749,6069,0.9472730268578019,0.5030783750116825,
random_track234186,test__random_track234186__2_violin,random,violin,tune,349.26440662313837,664.3240661742026,17.704,hmm-011,attune-uniform,25,0.01,0.65,0.9968568665377177,0.16494845360824742,0.9779980657640233,0.9779980657640233,0.9686017619155184,5749,6069,0.9472730268578019,0.49885516706854105,
random_track234186,test__random_track234186__2_violin,random,violin,tune,349.26440662313837,664.3240661742026,17.704,hmm-012,paper-repeated,13,0.005012562893380035,0.35,0.9934719535783365,0.13402061855670103,0.976063829787234,0.976063829787234,0.9688276485204428,5717,6069,0.9420003295435821,0.5205549160018563,
random_track234186,test__random_track234186__2_violin,random,violin,tune,349.26440662313837,664.3240661742026,17.704,hmm-013,paper-repeated,13,0.005012562893380035,0.5,0.9954061895551257,0.13745704467353953,0.9772727272727273,0.9772727272727273,0.96973119494014,5729,6069,0.9439775910364145,0.5098955831490457,
random_track234186,test__random_track234186__2_violin,random,violin,tune,349.26440662313837,664.3240661742026,17.704,hmm-014,paper-repeated,13,0.005012562893380035,0.65,0.9968568665377177,0.16494845360824742,0.9779980657640233,0.9779980657640233,0.9686017619155184,5749,6069,0.9472730268578019,0.532422750024125,
random_track234186,test__random_track234186__2_violin,random,violin,tune,349.26440662313837,664.3240661742026,17.704,hmm-015,paper-repeated,13,0.01,0.35,0.9922630560928434,0.13058419243986255,0.9750967117988395,0.9750967117988395,0.9681499887056697,5708,6069,0.9405173834239579,0.5088618749286979,
random_track234186,test__random_track234186__2_violin,random,violin,tune,349.26440662313837,664.3240661742026,17.704,hmm-016,paper-repeated,13,0.01,0.5,0.9954061895551257,0.13745704467353953,0.9772727272727273,0.9772727272727273,0.96973119494014,5729,6069,0.9439775910364145,0.5144389169290662,
random_track234186,test__random_track234186__2_violin,random,violin,tune,349.26440662313837,664.3240661742026,17.704,hmm-017,paper-repeated,13,0.01,0.65,0.9968568665377177,0.16494845360824742,0.9779980657640233,0.9779980657640233,0.9686017619155184,5749,6069,0.9472730268578019,0.516727542039007,
random_track234186,test__random_track234186__2_violin,random,violin,tune,349.26440662313837,664.3240661742026,17.704,hmm-018,paper-repeated,25,0.005012562893380035,0.35,0.9927466150870407,0.13058419243986255,0.9753384912959381,0.9753384912959381,0.9683758753105941,5712,6069,0.9411764705882353,0.5011508329771459,
random_track234186,test__random_track234186__2_violin,random,violin,tune,349.26440662313837,664.3240661742026,17.704,hmm-019,paper-repeated,25,0.005012562893380035,0.5,0.9949226305609284,0.13745704467353953,0.97678916827853,0.97678916827853,0.9692794217302914,5727,6069,0.9436480474542758,0.5098520838655531,
random_track234186,test__random_track234186__2_violin,random,violin,tune,349.26440662313837,664.3240661742026,17.704,hmm-020,paper-repeated,25,0.005012562893380035,0.65,0.9968568665377177,0.16494845360824742,0.9779980657640233,0.9779980657640233,0.9686017619155184,5749,6069,0.9472730268578019,0.5000725421123207,
random_track234186,test__random_track234186__2_violin,random,violin,tune,349.26440662313837,664.3240661742026,17.704,hmm-021,paper-repeated,25,0.01,0.35,0.9915377176015474,0.12714776632302405,0.9743713733075435,0.9743713733075435,0.9676982154958211,5703,6069,0.939693524468611,0.5217723750974983,
random_track234186,test__random_track234186__2_violin,random,violin,tune,349.26440662313837,664.3240661742026,17.704,hmm-022,paper-repeated,25,0.01,0.5,0.9949226305609284,0.13745704467353953,0.97678916827853,0.97678916827853,0.9692794217302914,5727,6069,0.9436480474542758,0.5122742920648307,
random_track234186,test__random_track234186__2_violin,random,violin,tune,349.26440662313837,664.3240661742026,17.704,hmm-023,paper-repeated,25,0.01,0.65,0.995889748549323,0.15463917525773196,0.9775145067698259,0.9775145067698259,0.9688276485204428,5739,6069,0.9456253089471083,0.4981980000156909,
string_track216904,test__string_track216904__4_cello,string,cello,tune,123.2536680466316,354.76579756097686,35.3,hmm-000,attune-uniform,13,0.005012562893380035,0.35,0.9916735076814823,0.14381270903010032,0.9783042101559751,0.9800633282514366,0.9741672331747111,11712,12132,0.9653808110781404,2.737671250011772,
string_track216904,test__string_track216904__4_cello,string,cello,tune,123.2536680466316,354.76579756097686,35.3,hmm-001,attune-uniform,13,0.005012562893380035,0.5,0.9929635276181541,0.1505016722408027,0.9797115046323444,0.9812360736484109,0.9753002492635395,11731,12132,0.9669469172436531,2.766157415928319,
string_track216904,test__string_track216904__4_cello,string,cello,tune,123.2536680466316,354.76579756097686,35.3,hmm-002,attune-uniform,13,0.005012562893380035,0.65,0.9937844493960362,0.16387959866220736,0.9801806027911341,0.9817051718072006,0.9753002492635395,11746,12132,0.9681833168480053,2.7280670411419123,
string_track216904,test__string_track216904__4_cello,string,cello,tune,123.2536680466316,354.76579756097686,35.3,hmm-003,attune-uniform,13,0.01,0.35,0.9916735076814823,0.14381270903010032,0.9783042101559751,0.9800633282514366,0.9741672331747111,11712,12132,0.9653808110781404,2.6947895421180874,
string_track216904,test__string_track216904__4_cello,string,cello,tune,123.2536680466316,354.76579756097686,35.3,hmm-004,attune-uniform,13,0.01,0.5,0.9929635276181541,0.1505016722408027,0.9797115046323444,0.9812360736484109,0.9753002492635395,11731,12132,0.9669469172436531,2.764272667001933,
string_track216904,test__string_track216904__4_cello,string,cello,tune,123.2536680466316,354.76579756097686,35.3,hmm-005,attune-uniform,13,0.01,0.65,0.9937844493960362,0.16387959866220736,0.9801806027911341,0.9817051718072006,0.9753002492635395,11746,12132,0.9681833168480053,3.2072781671304256,
string_track216904,test__string_track216904__4_cello,string,cello,tune,123.2536680466316,354.76579756097686,35.3,hmm-006,attune-uniform,25,0.005012562893380035,0.35,0.9929635276181541,0.1505016722408027,0.9792424064735545,0.9813533481881084,0.9748470428280082,11731,12132,0.9669469172436531,3.0451746669132262,
string_track216904,test__string_track216904__4_cello,string,cello,tune,123.2536680466316,354.76579756097686,35.3,hmm-007,attune-uniform,25,0.005012562893380035,0.5,0.9939017239357335,0.15719063545150502,0.9800633282514366,0.9821742699659903,0.9754135508724224,11744,12132,0.968018463567425,2.869700792012736,
string_track216904,test__string_track216904__4_cello,string,cello,tune,123.2536680466316,354.76579756097686,35.3,hmm-008,attune-uniform,25,0.005012562893380035,0.65,0.996481763809077,0.16387959866220736,0.9813533481881084,0.9834642899026621,0.976433265352368,11776,12132,0.9706561160567095,2.660133499884978,
string_track216904,test__string_track216904__4_cello,string,cello,tune,123.2536680466316,354.76579756097686,35.3,hmm-009,attune-uniform,25,0.01,0.35,0.9929635276181541,0.1505016722408027,0.9792424064735545,0.9813533481881084,0.9748470428280082,11731,12132,0.9669469172436531,2.6954080839641392,
string_track216904,test__string_track216904__4_cello,string,cello,tune,123.2536680466316,354.76579756097686,35.3,hmm-010,attune-uniform,25,0.01,0.5,0.9939017239357335,0.15719063545150502,0.9800633282514366,0.9821742699659903,0.9754135508724224,11744,12132,0.968018463567425,2.734954125015065,
string_track216904,test__string_track216904__4_cello,string,cello,tune,123.2536680466316,354.76579756097686,35.3,hmm-011,attune-uniform,25,0.01,0.65,0.996481763809077,0.16387959866220736,0.9813533481881084,0.9834642899026621,0.976433265352368,11776,12132,0.9706561160567095,2.800964083056897,
string_track216904,test__string_track216904__4_cello,string,cello,tune,123.2536680466316,354.76579756097686,35.3,hmm-012,paper-repeated,13,0.005012562893380035,0.35,0.9514483405652633,0.033444816053511704,0.9478128298346429,0.9478128298346429,0.948447767958305,11197,12132,0.9229310913287174,2.765299125108868,
string_track216904,test__string_track216904__4_cello,string,cello,tune,123.2536680466316,354.76579756097686,35.3,hmm-013,paper-repeated,13,0.005012562893380035,0.5,0.9609475782807553,0.043478260869565216,0.9561393221531606,0.9561393221531606,0.9561522773623385,11309,12132,0.9321628750412133,2.706373500172049,
string_track216904,test__string_track216904__4_cello,string,cello,tune,123.2536680466316,354.76579756097686,35.3,hmm-014,paper-repeated,13,0.005012562893380035,0.65,0.972557757710801,0.07357859531772576,0.9654040107892576,0.9654040107892576,0.9640833899841378,11461,12132,0.9446917243653149,2.79518112516962,
string_track216904,test__string_track216904__4_cello,string,cello,tune,123.2536680466316,354.76579756097686,35.3,hmm-015,paper-repeated,13,0.01,0.35,0.9514483405652633,0.033444816053511704,0.9478128298346429,0.9478128298346429,0.948447767958305,11197,12132,0.9229310913287174,3.258344499859959,
string_track216904,test__string_track216904__4_cello,string,cello,tune,123.2536680466316,354.76579756097686,35.3,hmm-016,paper-repeated,13,0.01,0.5,0.9609475782807553,0.043478260869565216,0.9561393221531606,0.9561393221531606,0.9561522773623385,11309,12132,0.9321628750412133,2.9280202090740204,
string_track216904,test__string_track216904__4_cello,string,cello,tune,123.2536680466316,354.76579756097686,35.3,hmm-017,paper-repeated,13,0.01,0.65,0.972557757710801,0.07357859531772576,0.9654040107892576,0.9654040107892576,0.9640833899841378,11461,12132,0.9446917243653149,3.4507445411290973,
string_track216904,test__string_track216904__4_cello,string,cello,tune,123.2536680466316,354.76579756097686,35.3,hmm-018,paper-repeated,25,0.005012562893380035,0.35,0.9507446933270787,0.030100334448160536,0.9472264571361557,0.9472264571361557,0.9479945615227736,11187,12132,0.922106824925816,2.8116481660399586,
string_track216904,test__string_track216904__4_cello,string,cello,tune,123.2536680466316,354.76579756097686,35.3,hmm-019,paper-repeated,25,0.005012562893380035,0.5,0.9591884601852938,0.03678929765886288,0.9548493022164888,0.9548493022164888,0.9551325628823929,11287,12132,0.9303494889548302,2.9418252089526504,
string_track216904,test__string_track216904__4_cello,string,cello,tune,123.2536680466316,354.76579756097686,35.3,hmm-020,paper-repeated,25,0.005012562893380035,0.65,0.9672804034244166,0.06688963210702341,0.9617685000586372,0.9617685000586372,0.9607976433265353,11394,12132,0.9391691394658753,2.7750547078903764,
string_track216904,test__string_track216904__4_cello,string,cello,tune,123.2536680466316,354.76579756097686,35.3,hmm-021,paper-repeated,25,0.01,0.35,0.9507446933270787,0.030100334448160536,0.9472264571361557,0.9472264571361557,0.9479945615227736,11187,12132,0.922106824925816,2.723623957950622,
string_track216904,test__string_track216904__4_cello,string,cello,tune,123.2536680466316,354.76579756097686,35.3,hmm-022,paper-repeated,25,0.01,0.5,0.9591884601852938,0.03678929765886288,0.9548493022164888,0.9548493022164888,0.9551325628823929,11287,12132,0.9303494889548302,2.7542014580685645,
string_track216904,test__string_track216904__4_cello,string,cello,tune,123.2536680466316,354.76579756097686,35.3,hmm-023,paper-repeated,25,0.01,0.65,0.9672804034244166,0.06688963210702341,0.9617685000586372,0.9617685000586372,0.9607976433265353,11394,12132,0.9391691394658753,3.033503249986097,
string_track217806,test__string_track217806__3_viola,string,viola,tune,243.908876967342,499.143026601942,14.46,hmm-000,attune-uniform,13,0.005012562893380035,0.35,0.9948779752937632,0.2255892255892256,0.9828261524555589,0.983127448026514,0.9657079646017699,4644,4952,0.9378029079159935,0.48923183302395046,
string_track217806,test__string_track217806__3_viola,string,viola,tune,243.908876967342,499.143026601942,14.46,hmm-001,attune-uniform,13,0.005012562893380035,0.5,0.9951792708647182,0.2255892255892256,0.983127448026514,0.9834287435974691,0.9659845132743363,4645,4952,0.9380048465266559,0.5056642501149327,
string_track217806,test__string_track217806__3_viola,string,viola,tune,243.908876967342,499.143026601942,14.46,hmm-002,attune-uniform,13,0.005012562893380035,0.65,0.9954805664356734,0.22895622895622897,0.983127448026514,0.9834287435974691,0.9657079646017699,4647,4952,0.9384087237479806,0.5275881672278047,
string_track217806,test__string_track217806__3_viola,string,viola,tune,243.908876967342,499.143026601942,14.46,hmm-003,attune-uniform,13,0.01,0.35,0.9948779752937632,0.2255892255892256,0.9828261524555589,0.983127448026514,0.9657079646017699,4644,4952,0.9378029079159935,0.5110815840307623,
string_track217806,test__string_track217806__3_viola,string,viola,tune,243.908876967342,499.143026601942,14.46,hmm-004,attune-uniform,13,0.01,0.5,0.9951792708647182,0.2255892255892256,0.983127448026514,0.9834287435974691,0.9659845132743363,4645,4952,0.9380048465266559,0.522305459016934,
string_track217806,test__string_track217806__3_viola,string,viola,tune,243.908876967342,499.143026601942,14.46,hmm-005,attune-uniform,13,0.01,0.65,0.9954805664356734,0.22895622895622897,0.983127448026514,0.9834287435974691,0.9657079646017699,4647,4952,0.9384087237479806,0.5313998342026025,
string_track217806,test__string_track217806__3_viola,string,viola,tune,243.908876967342,499.143026601942,14.46,hmm-006,attune-uniform,25,0.005012562893380035,0.35,0.9951792708647182,0.2255892255892256,0.983127448026514,0.9834287435974691,0.9659845132743363,4645,4952,0.9380048465266559,0.4993114999961108,
string_track217806,test__string_track217806__3_viola,string,viola,tune,243.908876967342,499.143026601942,14.46,hmm-007,attune-uniform,25,0.005012562893380035,0.5,0.9954805664356734,0.2255892255892256,0.983127448026514,0.9834287435974691,0.9659845132743363,4646,4952,0.9382067851373183,0.5123922917991877,
string_track217806,test__string_track217806__3_viola,string,viola,tune,243.908876967342,499.143026601942,14.46,hmm-008,attune-uniform,25,0.005012562893380035,0.65,0.9957818620066285,0.23232323232323232,0.9834287435974691,0.9837300391684243,0.9657079646017699,4649,4952,0.9388126009693053,0.49541774997487664,
string_track217806,test__string_track217806__3_viola,string,viola,tune,243.908876967342,499.143026601942,14.46,hmm-009,attune-uniform,25,0.01,0.35,0.9951792708647182,0.2255892255892256,0.983127448026514,0.9834287435974691,0.9659845132743363,4645,4952,0.9380048465266559,0.4972457920666784,
string_track217806,test__string_track217806__3_viola,string,viola,tune,243.908876967342,499.143026601942,14.46,hmm-010,attune-uniform,25,0.01,0.5,0.9954805664356734,0.2255892255892256,0.983127448026514,0.9834287435974691,0.9659845132743363,4646,4952,0.9382067851373183,0.5167957078665495,
string_track217806,test__string_track217806__3_viola,string,viola,tune,243.908876967342,499.143026601942,14.46,hmm-011,attune-uniform,25,0.01,0.65,0.9957818620066285,0.23232323232323232,0.9834287435974691,0.9837300391684243,0.9657079646017699,4649,4952,0.9388126009693053,0.4926436669193208,
string_track217806,test__string_track217806__3_viola,string,viola,tune,243.908876967342,499.143026601942,14.46,hmm-012,paper-repeated,13,0.005012562893380035,0.35,0.9846339258812895,0.10437710437710437,0.9758963543235915,0.9758963543235915,0.9693030973451328,4547,4952,0.9182148626817448,0.515480250120163,
string_track217806,test__string_track217806__3_viola,string,viola,tune,243.908876967342,499.143026601942,14.46,hmm-013,paper-repeated,13,0.005012562893380035,0.5,0.9888520638746611,0.14814814814814814,0.9792106056040977,0.9792106056040977,0.96875,4583,4952,0.9254846526655897,0.5007200830150396,
string_track217806,test__string_track217806__3_viola,string,viola,tune,243.908876967342,499.143026601942,14.46,hmm-014,paper-repeated,13,0.005012562893380035,0.65,0.9897559505875264,0.1717171717171717,0.9798131967460079,0.9801144923169629,0.9673672566371682,4597,4952,0.9283117932148627,0.5173516250215471,
string_track217806,test__string_track217806__3_viola,string,viola,tune,243.908876967342,499.143026601942,14.46,hmm-015,paper-repeated,13,0.01,0.35,0.9846339258812895,0.10437710437710437,0.9758963543235915,0.9758963543235915,0.9693030973451328,4547,4952,0.9182148626817448,0.5153752078767866,
string_track217806,test__string_track217806__3_viola,string,viola,tune,243.908876967342,499.143026601942,14.46,hmm-016,paper-repeated,13,0.01,0.5,0.9885507683037059,0.12794612794612795,0.9792106056040977,0.9792106056040977,0.9704092920353983,4573,4952,0.9234652665589661,0.5752172919455916,
string_track217806,test__string_track217806__3_viola,string,viola,tune,243.908876967342,499.143026601942,14.46,hmm-017,paper-repeated,13,0.01,0.65,0.9897559505875264,0.1717171717171717,0.9798131967460079,0.9801144923169629,0.9673672566371682,4597,4952,0.9283117932148627,0.5508475000970066,
string_track217806,test__string_track217806__3_viola,string,viola,tune,243.908876967342,499.143026601942,14.46,hmm-018,paper-repeated,25,0.005012562893380035,0.35,0.9816209701717384,0.09764309764309764,0.9728833986140404,0.9728833986140404,0.9670907079646017,4532,4952,0.9151857835218093,0.5377173749729991,
string_track217806,test__string_track217806__3_viola,string,viola,tune,243.908876967342,499.143026601942,14.46,hmm-019,paper-repeated,25,0.005012562893380035,0.5,0.9867429948779753,0.12121212121212122,0.9777041277493221,0.9777041277493221,0.9695796460176991,4563,4952,0.9214458804523424,0.5273916248697788,
string_track217806,test__string_track217806__3_viola,string,viola,tune,243.908876967342,499.143026601942,14.46,hmm-020,paper-repeated,25,0.005012562893380035,0.65,0.9888520638746611,0.16835016835016836,0.9792106056040977,0.9792106056040977,0.9670907079646017,4591,4952,0.9271001615508885,0.5377324169967324,
string_track217806,test__string_track217806__3_viola,string,viola,tune,243.908876967342,499.143026601942,14.46,hmm-021,paper-repeated,25,0.01,0.35,0.9816209701717384,0.09764309764309764,0.9728833986140404,0.9728833986140404,0.9670907079646017,4532,4952,0.9151857835218093,0.503676500171423,
string_track217806,test__string_track217806__3_viola,string,viola,tune,243.908876967342,499.143026601942,14.46,hmm-022,paper-repeated,25,0.01,0.5,0.9852365170231998,0.10437710437710437,0.9764989454655016,0.9764989454655016,0.9698561946902655,4549,4952,0.9186187399030694,0.5241398748476058,
string_track217806,test__string_track217806__3_viola,string,viola,tune,243.908876967342,499.143026601942,14.46,hmm-023,paper-repeated,25,0.01,0.65,0.9888520638746611,0.16835016835016836,0.9792106056040977,0.9792106056040977,0.9670907079646017,4591,4952,0.9271001615508885,0.636848459020257,
string_track217613,test__string_track217613__1_violin,string,violin,tune,487.0054559304763,1113.4345321896387,19.472,hmm-000,attune-uniform,13,0.005012562893380035,0.35,0.9973901696389734,0.1070110701107011,0.9852109612875163,0.9852109612875163,0.980078044773054,6360,6679,0.9522383590357838,0.9216762080322951,
string_track217613,test__string_track217613__1_violin,string,violin,tune,487.0054559304763,1113.4345321896387,19.472,hmm-001,attune-uniform,13,0.005012562893380035,0.5,0.9973901696389734,0.1070110701107011,0.9852109612875163,0.9852109612875163,0.980078044773054,6360,6679,0.9522383590357838,0.9425960839726031,
string_track217613,test__string_track217613__1_violin,string,violin,tune,487.0054559304763,1113.4345321896387,19.472,hmm-002,attune-uniform,13,0.005012562893380035,0.65,0.9973901696389734,0.1070110701107011,0.9852109612875163,0.9852109612875163,0.980078044773054,6360,6679,0.9522383590357838,0.9520370410755277,
string_track217613,test__string_track217613__1_violin,string,violin,tune,487.0054559304763,1113.4345321896387,19.472,hmm-003,attune-uniform,13,0.01,0.35,0.9973901696389734,0.1070110701107011,0.9852109612875163,0.9852109612875163,0.980078044773054,6360,6679,0.9522383590357838,0.8887966249603778,
string_track217613,test__string_track217613__1_violin,string,violin,tune,487.0054559304763,1113.4345321896387,19.472,hmm-004,attune-uniform,13,0.01,0.5,0.9973901696389734,0.1070110701107011,0.9852109612875163,0.9852109612875163,0.980078044773054,6360,6679,0.9522383590357838,0.9115311249624938,
string_track217613,test__string_track217613__1_violin,string,violin,tune,487.0054559304763,1113.4345321896387,19.472,hmm-005,attune-uniform,13,0.01,0.65,0.9973901696389734,0.1070110701107011,0.9852109612875163,0.9852109612875163,0.980078044773054,6360,6679,0.9522383590357838,0.893518874887377,
string_track217613,test__string_track217613__1_violin,string,violin,tune,487.0054559304763,1113.4345321896387,19.472,hmm-006,attune-uniform,25,0.005012562893380035,0.35,0.9973901696389734,0.1070110701107011,0.9852109612875163,0.9852109612875163,0.980078044773054,6360,6679,0.9522383590357838,0.8841054169461131,
string_track217613,test__string_track217613__1_violin,string,violin,tune,487.0054559304763,1113.4345321896387,19.472,hmm-007,attune-uniform,25,0.005012562893380035,0.5,0.9973901696389734,0.1070110701107011,0.9852109612875163,0.9852109612875163,0.980078044773054,6360,6679,0.9522383590357838,0.8933984998147935,
string_track217613,test__string_track217613__1_violin,string,violin,tune,487.0054559304763,1113.4345321896387,19.472,hmm-008,attune-uniform,25,0.005012562893380035,0.65,0.9973901696389734,0.1070110701107011,0.9852109612875163,0.9852109612875163,0.980078044773054,6361,6679,0.9523880820482108,0.9525135420262814,
string_track217613,test__string_track217613__1_violin,string,violin,tune,487.0054559304763,1113.4345321896387,19.472,hmm-009,attune-uniform,25,0.01,0.35,0.9973901696389734,0.1070110701107011,0.9852109612875163,0.9852109612875163,0.980078044773054,6360,6679,0.9522383590357838,0.9223568341694772,
string_track217613,test__string_track217613__1_violin,string,violin,tune,487.0054559304763,1113.4345321896387,19.472,hmm-010,attune-uniform,25,0.01,0.5,0.9973901696389734,0.1070110701107011,0.9852109612875163,0.9852109612875163,0.980078044773054,6360,6679,0.9522383590357838,0.9181757080368698,
string_track217613,test__string_track217613__1_violin,string,violin,tune,487.0054559304763,1113.4345321896387,19.472,hmm-011,attune-uniform,25,0.01,0.65,0.9973901696389734,0.1070110701107011,0.9852109612875163,0.9852109612875163,0.980078044773054,6361,6679,0.9523880820482108,1.0410932500381023,
string_track217613,test__string_track217613__1_violin,string,violin,tune,487.0054559304763,1113.4345321896387,19.472,hmm-012,paper-repeated,13,0.005012562893380035,0.35,0.969769464984776,0.02214022140221402,0.9682470639408438,0.9682470639408438,0.968782090778394,6150,6679,0.9207965264261117,1.4488062500022352,
string_track217613,test__string_track217613__1_violin,string,violin,tune,487.0054559304763,1113.4345321896387,19.472,hmm-013,paper-repeated,13,0.005012562893380035,0.5,0.9834710743801653,0.03690036900369004,0.9767290126141801,0.9767290126141801,0.9759704251386322,6246,6679,0.9351699356191047,0.9460053748916835,
string_track217613,test__string_track217613__1_violin,string,violin,tune,487.0054559304763,1113.4345321896387,19.472,hmm-014,paper-repeated,13,0.005012562893380035,0.65,0.9884732492387994,0.05166051660516605,0.9799913005654632,0.9799913005654632,0.9782296159375642,6284,6679,0.940859410091331,0.9197649580892175,
string_track217613,test__string_track217613__1_violin,string,violin,tune,487.0054559304763,1113.4345321896387,19.472,hmm-015,paper-repeated,13,0.01,0.35,0.969769464984776,0.02214022140221402,0.9682470639408438,0.9682470639408438,0.968782090778394,6150,6679,0.9207965264261117,1.0068051659036428,
string_track217613,test__string_track217613__1_violin,string,violin,tune,487.0054559304763,1113.4345321896387,19.472,hmm-016,paper-repeated,13,0.01,0.5,0.9834710743801653,0.03690036900369004,0.9767290126141801,0.9767290126141801,0.9759704251386322,6246,6679,0.9351699356191047,0.9275652079377323,
string_track217613,test__string_track217613__1_violin,string,violin,tune,487.0054559304763,1113.4345321896387,19.472,hmm-017,paper-repeated,13,0.01,0.65,0.9869508481948673,0.05166051660516605,0.9791213571117877,0.9791213571117877,0.9774080920106798,6274,6679,0.939362179967061,0.9750915830954909,
string_track217613,test__string_track217613__1_violin,string,violin,tune,487.0054559304763,1113.4345321896387,19.472,hmm-018,paper-repeated,25,0.005012562893380035,0.35,0.9630274032187908,0.014760147601476014,0.9619399739016964,0.9619399739016964,0.9632368042719244,6109,6679,0.9146578829166043,0.9243543338961899,
string_track217613,test__string_track217613__1_violin,string,violin,tune,487.0054559304763,1113.4345321896387,19.472,hmm-019,paper-repeated,25,0.005012562893380035,0.5,0.9812962157459765,0.03690036900369004,0.9758590691605046,0.9758590691605046,0.9751489012117478,6230,6679,0.9327743674202725,0.8877140420954674,
string_track217613,test__string_track217613__1_violin,string,violin,tune,487.0054559304763,1113.4345321896387,19.472,hmm-020,paper-repeated,25,0.005012562893380035,0.65,0.987603305785124,0.05166051660516605,0.9791213571117877,0.9791213571117877,0.9774080920106798,6280,6679,0.940260518041623,0.9244858338497579,
string_track217613,test__string_track217613__1_violin,string,violin,tune,487.0054559304763,1113.4345321896387,19.472,hmm-021,paper-repeated,25,0.01,0.35,0.9630274032187908,0.014760147601476014,0.9619399739016964,0.9619399739016964,0.9632368042719244,6109,6679,0.9146578829166043,0.9183203340508044,
string_track217613,test__string_track217613__1_violin,string,violin,tune,487.0054559304763,1113.4345321896387,19.472,hmm-022,paper-repeated,25,0.01,0.5,0.9812962157459765,0.03690036900369004,0.9758590691605046,0.9758590691605046,0.9751489012117478,6230,6679,0.9327743674202725,0.9195420418400317,
string_track217613,test__string_track217613__1_violin,string,violin,tune,487.0054559304763,1113.4345321896387,19.472,hmm-023,paper-repeated,25,0.01,0.65,0.9860809047411918,0.05166051660516605,0.9782514136581122,0.9782514136581122,0.9765865680837954,6270,6679,0.9387632879173529,0.935426166979596,
woodwind_track229743,test__woodwind_track229743__4_bassoon,woodwind,bassoon,tune,99.05610792741255,393.15339672826815,14.068,hmm-000,attune-uniform,13,0.005012562893380035,0.35,0.980521520578071,0.2507462686567164,0.9412503927112786,0.941564561734213,0.9229675952245594,4416,4817,0.916753165870874,1.9161042079795152,
woodwind_track229743,test__woodwind_track229743__4_bassoon,woodwind,bassoon,tune,99.05610792741255,393.15339672826815,14.068,hmm-001,attune-uniform,13,0.005012562893380035,0.5,0.9817781966698084,0.27761194029850744,0.942507068803016,0.9428212378259504,0.9215463331438317,4433,4817,0.9202823334025327,1.8615022080484778,
woodwind_track229743,test__woodwind_track229743__4_bassoon,woodwind,bassoon,tune,99.05610792741255,393.15339672826815,14.068,hmm-002,attune-uniform,13,0.005012562893380035,0.65,0.9830348727615457,0.29253731343283584,0.9428212378259504,0.9431354068488847,0.9204093234792495,4445,4817,0.9227735104837036,2.545102291041985,
woodwind_track229743,test__woodwind_track229743__4_bassoon,woodwind,bassoon,tune,99.05610792741255,393.15339672826815,14.068,hmm-003,attune-uniform,13,0.01,0.35,0.980521520578071,0.2507462686567164,0.9412503927112786,0.941564561734213,0.9229675952245594,4416,4817,0.916753165870874,1.8720002910122275,
woodwind_track229743,test__woodwind_track229743__4_bassoon,woodwind,bassoon,tune,99.05610792741255,393.15339672826815,14.068,hmm-004,attune-uniform,13,0.01,0.5,0.9817781966698084,0.27761194029850744,0.942507068803016,0.9428212378259504,0.9215463331438317,4433,4817,0.9202823334025327,1.9569215830415487,
woodwind_track229743,test__woodwind_track229743__4_bassoon,woodwind,bassoon,tune,99.05610792741255,393.15339672826815,14.068,hmm-005,attune-uniform,13,0.01,0.65,0.9830348727615457,0.29253731343283584,0.9428212378259504,0.9431354068488847,0.9204093234792495,4445,4817,0.9227735104837036,1.8915411250200123,
woodwind_track229743,test__woodwind_track229743__4_bassoon,woodwind,bassoon,tune,99.05610792741255,393.15339672826815,14.068,hmm-006,attune-uniform,25,0.005012562893380035,0.35,0.9858623939679547,0.25970149253731345,0.944392082940622,0.9447062519635564,0.9249573621375782,4444,4817,0.922565912393606,1.8943484998308122,
woodwind_track229743,test__woodwind_track229743__4_bassoon,woodwind,bassoon,tune,99.05610792741255,393.15339672826815,14.068,hmm-007,attune-uniform,25,0.005012562893380035,0.5,0.9871190700596921,0.2835820895522388,0.9453345900094251,0.9456487590323595,0.9235361000568505,4458,4817,0.925472285654972,1.8568387501873076,
woodwind_track229743,test__woodwind_track229743__4_bassoon,woodwind,bassoon,tune,99.05610792741255,393.15339672826815,14.068,hmm-008,attune-uniform,25,0.005012562893380035,0.65,0.9883757461514294,0.2955223880597015,0.9459629280552937,0.946277097078228,0.9229675952245594,4469,4817,0.9277558646460452,1.9243965409696102,
woodwind_track229743,test__woodwind_track229743__4_bassoon,woodwind,bassoon,tune,99.05610792741255,393.15339672826815,14.068,hmm-009,attune-uniform,25,0.01,0.35,0.9858623939679547,0.25970149253731345,0.944392082940622,0.9447062519635564,0.9249573621375782,4444,4817,0.922565912393606,1.8202255419455469,
woodwind_track229743,test__woodwind_track229743__4_bassoon,woodwind,bassoon,tune,99.05610792741255,393.15339672826815,14.068,hmm-010,attune-uniform,25,0.01,0.5,0.9871190700596921,0.2835820895522388,0.9453345900094251,0.9456487590323595,0.9235361000568505,4458,4817,0.925472285654972,1.8955337919760495,
woodwind_track229743,test__woodwind_track229743__4_bassoon,woodwind,bassoon,tune,99.05610792741255,393.15339672826815,14.068,hmm-011,attune-uniform,25,0.01,0.65,0.9883757461514294,0.2955223880597015,0.9459629280552937,0.946277097078228,0.9229675952245594,4469,4817,0.9277558646460452,1.83192062494345,
woodwind_track229743,test__woodwind_track229743__4_bassoon,woodwind,bassoon,tune,99.05610792741255,393.15339672826815,14.068,hmm-012,paper-repeated,13,0.005012562893380035,0.35,0.723531259817782,0.10746268656716418,0.7112786679233427,0.7112786679233427,0.7285389425810119,3228,4817,0.6701266348349595,1.912519000004977,
woodwind_track229743,test__woodwind_track229743__4_bassoon,woodwind,bassoon,tune,99.05610792741255,393.15339672826815,14.068,hmm-013,paper-repeated,13,0.005012562893380035,0.5,0.7549481621112158,0.14029850746268657,0.7367263587810242,0.7367263587810242,0.7484366117111996,3376,4817,0.7008511521694001,1.8352317500393838,
woodwind_track229743,test__woodwind_track229743__4_bassoon,woodwind,bassoon,tune,99.05610792741255,393.15339672826815,14.068,hmm-014,paper-repeated,13,0.005012562893380035,0.65,0.8334904178448005,0.19402985074626866,0.8064718818724473,0.8064718818724473,0.8064241046048891,3742,4817,0.7768320531451111,1.870652750134468,
woodwind_track229743,test__woodwind_track229743__4_bassoon,woodwind,bassoon,tune,99.05610792741255,393.15339672826815,14.068,hmm-015,paper-repeated,13,0.01,0.35,0.7216462456801759,0.09253731343283582,0.7100219918316054,0.7100219918316054,0.7288231949971575,3212,4817,0.6668050653933983,2.1383225419558585,
woodwind_track229743,test__woodwind_track229743__4_bassoon,woodwind,bassoon,tune,99.05610792741255,393.15339672826815,14.068,hmm-016,paper-repeated,13,0.01,0.5,0.7549481621112158,0.14029850746268657,0.7367263587810242,0.7367263587810242,0.7484366117111996,3376,4817,0.7008511521694001,2.3422098748851568,
woodwind_track229743,test__woodwind_track229743__4_bassoon,woodwind,bassoon,tune,99.05610792741255,393.15339672826815,14.068,hmm-017,paper-repeated,13,0.01,0.65,0.8334904178448005,0.19402985074626866,0.8064718818724473,0.8064718818724473,0.8064241046048891,3742,4817,0.7768320531451111,2.0404534169938415,
woodwind_track229743,test__woodwind_track229743__4_bassoon,woodwind,bassoon,tune,99.05610792741255,393.15339672826815,14.068,hmm-018,paper-repeated,25,0.005012562893380035,0.35,0.7159912032673579,0.10746268656716418,0.7043669494187873,0.7043669494187873,0.7222853894258101,3196,4817,0.6634834959518372,1.8387726249638945,
woodwind_track229743,test__woodwind_track229743__4_bassoon,woodwind,bassoon,tune,99.05610792741255,393.15339672826815,14.068,hmm-019,paper-repeated,25,0.005012562893380035,0.5,0.7562048382029531,0.14328358208955225,0.7373546968268929,0.7373546968268929,0.7487208641273451,3383,4817,0.702304338800083,2.571815083036199,
woodwind_track229743,test__woodwind_track229743__4_bassoon,woodwind,bassoon,tune,99.05610792741255,393.15339672826815,14.068,hmm-020,paper-repeated,25,0.005012562893380035,0.65,0.8334904178448005,0.19402985074626866,0.806157712849513,0.806157712849513,0.8061398521887436,3743,4817,0.7770396512352087,1.9588252499233931,
woodwind_track229743,test__woodwind_track229743__4_bassoon,woodwind,bassoon,tune,99.05610792741255,393.15339672826815,14.068,hmm-021,paper-repeated,25,0.01,0.35,0.7141061891297518,0.09253731343283582,0.70311027332705,0.70311027332705,0.7225696418419557,3180,4817,0.660161926510276,1.9759887920226902,
woodwind_track229743,test__woodwind_track229743__4_bassoon,woodwind,bassoon,tune,99.05610792741255,393.15339672826815,14.068,hmm-022,paper-repeated,25,0.01,0.5,0.7562048382029531,0.14328358208955225,0.7373546968268929,0.7373546968268929,0.7487208641273451,3383,4817,0.702304338800083,1.9661210000049323,
woodwind_track229743,test__woodwind_track229743__4_bassoon,woodwind,bassoon,tune,99.05610792741255,393.15339672826815,14.068,hmm-023,paper-repeated,25,0.01,0.65,0.8334904178448005,0.19402985074626866,0.806157712849513,0.806157712849513,0.8061398521887436,3743,4817,0.7770396512352087,1.9353120410814881,
woodwind_track229989,test__woodwind_track229989__3_clarinet,woodwind,clarinet,tune,195.95961390904256,370.6635240609326,20.604,hmm-000,attune-uniform,13,0.005012562893380035,0.35,0.9981549815498155,0.14963503649635038,0.9842148421484215,0.984419844198442,0.9770962732919255,6767,7069,0.9572782571792333,1.0396074999589473,
woodwind_track229989,test__woodwind_track229989__3_clarinet,woodwind,clarinet,tune,195.95961390904256,370.6635240609326,20.604,hmm-001,attune-uniform,13,0.005012562893380035,0.5,0.9981549815498155,0.14963503649635038,0.9842148421484215,0.984419844198442,0.9770962732919255,6767,7069,0.9572782571792333,0.5947827911004424,
woodwind_track229989,test__woodwind_track229989__3_clarinet,woodwind,clarinet,tune,195.95961390904256,370.6635240609326,20.604,hmm-002,attune-uniform,13,0.005012562893380035,0.65,0.9981549815498155,0.14963503649635038,0.9842148421484215,0.984419844198442,0.9770962732919255,6767,7069,0.9572782571792333,0.5957581251859665,
woodwind_track229989,test__woodwind_track229989__3_clarinet,woodwind,clarinet,tune,195.95961390904256,370.6635240609326,20.604,hmm-003,attune-uniform,13,0.01,0.35,0.9981549815498155,0.14963503649635038,0.9842148421484215,0.984419844198442,0.9770962732919255,6767,7069,0.9572782571792333,0.5940974159166217,
woodwind_track229989,test__woodwind_track229989__3_clarinet,woodwind,clarinet,tune,195.95961390904256,370.6635240609326,20.604,hmm-004,attune-uniform,13,0.01,0.5,0.9981549815498155,0.14963503649635038,0.9842148421484215,0.984419844198442,0.9770962732919255,6767,7069,0.9572782571792333,0.6384886249434203,
woodwind_track229989,test__woodwind_track229989__3_clarinet,woodwind,clarinet,tune,195.95961390904256,370.6635240609326,20.604,hmm-005,attune-uniform,13,0.01,0.65,0.9981549815498155,0.14963503649635038,0.9842148421484215,0.984419844198442,0.9770962732919255,6767,7069,0.9572782571792333,0.571043707896024,
woodwind_track229989,test__woodwind_track229989__3_clarinet,woodwind,clarinet,tune,195.95961390904256,370.6635240609326,20.604,hmm-006,attune-uniform,25,0.005012562893380035,0.35,0.9981549815498155,0.14963503649635038,0.9842148421484215,0.984419844198442,0.9770962732919255,6767,7069,0.9572782571792333,0.5778144160285592,
woodwind_track229989,test__woodwind_track229989__3_clarinet,woodwind,clarinet,tune,195.95961390904256,370.6635240609326,20.604,hmm-007,attune-uniform,25,0.005012562893380035,0.5,0.9981549815498155,0.14963503649635038,0.9842148421484215,0.984419844198442,0.9770962732919255,6767,7069,0.9572782571792333,0.6263227090239525,
woodwind_track229989,test__woodwind_track229989__3_clarinet,woodwind,clarinet,tune,195.95961390904256,370.6635240609326,20.604,hmm-008,attune-uniform,25,0.005012562893380035,0.65,0.9981549815498155,0.14963503649635038,0.9842148421484215,0.984419844198442,0.9770962732919255,6767,7069,0.9572782571792333,0.5757062919437885,
woodwind_track229989,test__woodwind_track229989__3_clarinet,woodwind,clarinet,tune,195.95961390904256,370.6635240609326,20.604,hmm-009,attune-uniform,25,0.01,0.35,0.9981549815498155,0.14963503649635038,0.9842148421484215,0.984419844198442,0.9770962732919255,6767,7069,0.9572782571792333,0.5681058329064399,
woodwind_track229989,test__woodwind_track229989__3_clarinet,woodwind,clarinet,tune,195.95961390904256,370.6635240609326,20.604,hmm-010,attune-uniform,25,0.01,0.5,0.9981549815498155,0.14963503649635038,0.9842148421484215,0.984419844198442,0.9770962732919255,6767,7069,0.9572782571792333,0.5571502500679344,
woodwind_track229989,test__woodwind_track229989__3_clarinet,woodwind,clarinet,tune,195.95961390904256,370.6635240609326,20.604,hmm-011,attune-uniform,25,0.01,0.65,0.9981549815498155,0.14963503649635038,0.9842148421484215,0.984419844198442,0.9770962732919255,6767,7069,0.9572782571792333,0.564112416934222,
woodwind_track229989,test__woodwind_track229989__3_clarinet,woodwind,clarinet,tune,195.95961390904256,370.6635240609326,20.604,hmm-012,paper-repeated,13,0.005012562893380035,0.35,0.9969249692496925,0.0948905109489051,0.983189831898319,0.9833948339483395,0.9790372670807453,6737,7069,0.953034375442071,0.6369030422065407,
woodwind_track229989,test__woodwind_track229989__3_clarinet,woodwind,clarinet,tune,195.95961390904256,370.6635240609326,20.604,hmm-013,paper-repeated,13,0.005012562893380035,0.5,0.9981549815498155,0.09854014598540146,0.9842148421484215,0.984419844198442,0.9798136645962733,6748,7069,0.9545904654123638,0.5974261660594493,
woodwind_track229989,test__woodwind_track229989__3_clarinet,woodwind,clarinet,tune,195.95961390904256,370.6635240609326,20.604,hmm-014,paper-repeated,13,0.005012562893380035,0.65,0.9981549815498155,0.11313868613138686,0.9842148421484215,0.984419844198442,0.9790372670807453,6753,7069,0.9552977790352242,0.6164902918972075,
woodwind_track229989,test__woodwind_track229989__3_clarinet,woodwind,clarinet,tune,195.95961390904256,370.6635240609326,20.604,hmm-015,paper-repeated,13,0.01,0.35,0.9956949569495694,0.0948905109489051,0.9825748257482575,0.982779827798278,0.9784549689440993,6729,7069,0.9519026736454944,0.6006580421235412,
woodwind_track229989,test__woodwind_track229989__3_clarinet,woodwind,clarinet,tune,195.95961390904256,370.6635240609326,20.604,hmm-016,paper-repeated,13,0.01,0.5,0.9981549815498155,0.09854014598540146,0.9842148421484215,0.984419844198442,0.9798136645962733,6748,7069,0.9545904654123638,0.607389000011608,
woodwind_track229989,test__woodwind_track229989__3_clarinet,woodwind,clarinet,tune,195.95961390904256,370.6635240609326,20.604,hmm-017,paper-repeated,13,0.01,0.65,0.9981549815498155,0.11313868613138686,0.9842148421484215,0.984419844198442,0.9790372670807453,6753,7069,0.9552977790352242,0.6007911250926554,
woodwind_track229989,test__woodwind_track229989__3_clarinet,woodwind,clarinet,tune,195.95961390904256,370.6635240609326,20.604,hmm-018,paper-repeated,25,0.005012562893380035,0.35,0.9948749487494875,0.0948905109489051,0.981959819598196,0.9821648216482165,0.9778726708074534,6725,7069,0.9513368227472061,0.6277284168172628,
woodwind_track229989,test__woodwind_track229989__3_clarinet,woodwind,clarinet,tune,195.95961390904256,370.6635240609326,20.604,hmm-019,paper-repeated,25,0.005012562893380035,0.5,0.9981549815498155,0.09854014598540146,0.9842148421484215,0.984419844198442,0.9798136645962733,6748,7069,0.9545904654123638,0.6122281251009554,
woodwind_track229989,test__woodwind_track229989__3_clarinet,woodwind,clarinet,tune,195.95961390904256,370.6635240609326,20.604,hmm-020,paper-repeated,25,0.005012562893380035,0.65,0.9981549815498155,0.10948905109489052,0.9842148421484215,0.984419844198442,0.9792313664596274,6751,7069,0.9550148535860801,0.5856265418697149,
woodwind_track229989,test__woodwind_track229989__3_clarinet,woodwind,clarinet,tune,195.95961390904256,370.6635240609326,20.604,hmm-021,paper-repeated,25,0.01,0.35,0.9883148831488315,0.0948905109489051,0.97539975399754,0.9756047560475605,0.9716614906832298,6681,7069,0.9451124628660348,0.5747660000342876,
woodwind_track229989,test__woodwind_track229989__3_clarinet,woodwind,clarinet,tune,195.95961390904256,370.6635240609326,20.604,hmm-022,paper-repeated,25,0.01,0.5,0.9981549815498155,0.09854014598540146,0.9842148421484215,0.984419844198442,0.9798136645962733,6748,7069,0.9545904654123638,0.5740523331332952,
woodwind_track229989,test__woodwind_track229989__3_clarinet,woodwind,clarinet,tune,195.95961390904256,370.6635240609326,20.604,hmm-023,paper-repeated,25,0.01,0.65,0.9981549815498155,0.10948905109489052,0.9842148421484215,0.984419844198442,0.9792313664596274,6751,7069,0.9550148535860801,0.5863825841806829,
woodwind_track228339,test__woodwind_track228339__1_flute,woodwind,flute,tune,414.15121273352867,887.9332494733571,26.608,hmm-000,attune-uniform,13,0.005012562893380035,0.35,0.9974901960784314,0.14028776978417265,0.979764705882353,0.979921568627451,0.9747482338794529,8817,9137,0.9649775637517785,1.044249250087887,
woodwind_track228339,test__woodwind_track228339__1_flute,woodwind,flute,tune,414.15121273352867,887.9332494733571,26.608,hmm-001,attune-uniform,13,0.005012562893380035,0.5,0.9976470588235294,0.14388489208633093,0.979764705882353,0.979921568627451,0.9745979257477829,8819,9137,0.9651964539783299,1.0571822919882834,
woodwind_track228339,test__woodwind_track228339__1_flute,woodwind,flute,tune,414.15121273352867,887.9332494733571,26.608,hmm-002,attune-uniform,13,0.005012562893380035,0.65,0.9976470588235294,0.1474820143884892,0.979764705882353,0.979921568627451,0.974447617616113,8820,9137,0.9653058990916056,1.0688607089687139,
woodwind_track228339,test__woodwind_track228339__1_flute,woodwind,flute,tune,414.15121273352867,887.9332494733571,26.608,hmm-003,attune-uniform,13,0.01,0.35,0.9974901960784314,0.14028776978417265,0.979764705882353,0.979921568627451,0.9747482338794529,8817,9137,0.9649775637517785,1.1008326669689268,
woodwind_track228339,test__woodwind_track228339__1_flute,woodwind,flute,tune,414.15121273352867,887.9332494733571,26.608,hmm-004,attune-uniform,13,0.01,0.5,0.9976470588235294,0.14388489208633093,0.979764705882353,0.979921568627451,0.9745979257477829,8819,9137,0.9651964539783299,1.032640584046021,
woodwind_track228339,test__woodwind_track228339__1_flute,woodwind,flute,tune,414.15121273352867,887.9332494733571,26.608,hmm-005,attune-uniform,13,0.01,0.65,0.9976470588235294,0.1474820143884892,0.979764705882353,0.979921568627451,0.974447617616113,8820,9137,0.9653058990916056,1.0401134171988815,
woodwind_track228339,test__woodwind_track228339__1_flute,woodwind,flute,tune,414.15121273352867,887.9332494733571,26.608,hmm-006,attune-uniform,25,0.005012562893380035,0.35,0.9978039215686274,0.14028776978417265,0.979764705882353,0.979921568627451,0.9747482338794529,8820,9137,0.9653058990916056,1.0583241251297295,
woodwind_track228339,test__woodwind_track228339__1_flute,woodwind,flute,tune,414.15121273352867,887.9332494733571,26.608,hmm-007,attune-uniform,25,0.005012562893380035,0.5,0.9978039215686274,0.14388489208633093,0.979764705882353,0.979921568627451,0.9745979257477829,8821,9137,0.9654153442048813,1.0484367909375578,
woodwind_track228339,test__woodwind_track228339__1_flute,woodwind,flute,tune,414.15121273352867,887.9332494733571,26.608,hmm-008,attune-uniform,25,0.005012562893380035,0.65,0.9978039215686274,0.1474820143884892,0.979764705882353,0.979921568627451,0.974447617616113,8823,9137,0.9656342344314326,1.0693314590025693,
woodwind_track228339,test__woodwind_track228339__1_flute,woodwind,flute,tune,414.15121273352867,887.9332494733571,26.608,hmm-009,attune-uniform,25,0.01,0.35,0.9978039215686274,0.14028776978417265,0.979764705882353,0.979921568627451,0.9747482338794529,8820,9137,0.9653058990916056,1.0577960840892047,
woodwind_track228339,test__woodwind_track228339__1_flute,woodwind,flute,tune,414.15121273352867,887.9332494733571,26.608,hmm-010,attune-uniform,25,0.01,0.5,0.9978039215686274,0.14388489208633093,0.979764705882353,0.979921568627451,0.9745979257477829,8821,9137,0.9654153442048813,1.0683552080299705,
woodwind_track228339,test__woodwind_track228339__1_flute,woodwind,flute,tune,414.15121273352867,887.9332494733571,26.608,hmm-011,attune-uniform,25,0.01,0.65,0.9978039215686274,0.1474820143884892,0.979764705882353,0.979921568627451,0.974447617616113,8823,9137,0.9656342344314326,1.0540619590319693,
woodwind_track228339,test__woodwind_track228339__1_flute,woodwind,flute,tune,414.15121273352867,887.9332494733571,26.608,hmm-012,paper-repeated,13,0.005012562893380035,0.35,0.9934117647058823,0.11510791366906475,0.9780392156862745,0.9781960784313726,0.9741470013527732,8772,9137,0.9600525336543724,1.07566395890899,
woodwind_track228339,test__woodwind_track228339__1_flute,woodwind,flute,tune,414.15121273352867,887.9332494733571,26.608,hmm-013,paper-repeated,13,0.005012562893380035,0.5,0.9943529411764706,0.11510791366906475,0.9786666666666667,0.9788235294117648,0.9747482338794529,8781,9137,0.9610375396738535,1.0778664171230048,
woodwind_track228339,test__woodwind_track228339__1_flute,woodwind,flute,tune,414.15121273352867,887.9332494733571,26.608,hmm-014,paper-repeated,13,0.005012562893380035,0.65,0.995921568627451,0.1223021582733813,0.9792941176470589,0.9794509803921568,0.9750488501427927,8798,9137,0.9628981065995403,1.0819768749643117,
woodwind_track228339,test__woodwind_track228339__1_flute,woodwind,flute,tune,414.15121273352867,887.9332494733571,26.608,hmm-015,paper-repeated,13,0.01,0.35,0.9934117647058823,0.11510791366906475,0.9780392156862745,0.9781960784313726,0.9741470013527732,8772,9137,0.9600525336543724,1.2248451670166105,
woodwind_track228339,test__woodwind_track228339__1_flute,woodwind,flute,tune,414.15121273352867,887.9332494733571,26.608,hmm-016,paper-repeated,13,0.01,0.5,0.9943529411764706,0.11510791366906475,0.9786666666666667,0.9788235294117648,0.9747482338794529,8781,9137,0.9610375396738535,1.4975467920303345,
woodwind_track228339,test__woodwind_track228339__1_flute,woodwind,flute,tune,414.15121273352867,887.9332494733571,26.608,hmm-017,paper-repeated,13,0.01,0.65,0.995921568627451,0.1223021582733813,0.9792941176470589,0.9794509803921568,0.9750488501427927,8798,9137,0.9628981065995403,1.1146510420367122,
woodwind_track228339,test__woodwind_track228339__1_flute,woodwind,flute,tune,414.15121273352867,887.9332494733571,26.608,hmm-018,paper-repeated,25,0.005012562893380035,0.35,0.9930980392156863,0.11510791366906475,0.9780392156862745,0.9781960784313726,0.9741470013527732,8768,9137,0.9596147532012695,1.1237525828182697,
woodwind_track228339,test__woodwind_track228339__1_flute,woodwind,flute,tune,414.15121273352867,887.9332494733571,26.608,hmm-019,paper-repeated,25,0.005012562893380035,0.5,0.9937254901960785,0.11510791366906475,0.9783529411764705,0.9785098039215686,0.974447617616113,8774,9137,0.9602714238809237,1.1720860828645527,
woodwind_track228339,test__woodwind_track228339__1_flute,woodwind,flute,tune,414.15121273352867,887.9332494733571,26.608,hmm-020,paper-repeated,25,0.005012562893380035,0.65,0.9967058823529412,0.1223021582733813,0.9792941176470589,0.9794509803921568,0.9750488501427927,8804,9137,0.9635547772791945,1.0716395410709083,
woodwind_track228339,test__woodwind_track228339__1_flute,woodwind,flute,tune,414.15121273352867,887.9332494733571,26.608,hmm-021,paper-repeated,25,0.01,0.35,0.9930980392156863,0.11510791366906475,0.9780392156862745,0.9781960784313726,0.9741470013527732,8768,9137,0.9596147532012695,1.0549218330997974,
woodwind_track228339,test__woodwind_track228339__1_flute,woodwind,flute,tune,414.15121273352867,887.9332494733571,26.608,hmm-022,paper-repeated,25,0.01,0.5,0.9937254901960785,0.11510791366906475,0.9783529411764705,0.9785098039215686,0.974447617616113,8774,9137,0.9602714238809237,1.455802540993318,
woodwind_track228339,test__woodwind_track228339__1_flute,woodwind,flute,tune,414.15121273352867,887.9332494733571,26.608,hmm-023,paper-repeated,25,0.01,0.65,0.9956078431372549,0.11870503597122302,0.9789803921568627,0.9791372549019608,0.9748985420111228,8794,9137,0.9624603261464376,1.3891235408373177,
woodwind_track228724,test__woodwind_track228724__2_oboe,woodwind,oboe,tune,330.04200525275536,629.8674820136217,23.34,hmm-000,attune-uniform,13,0.005012562893380035,0.35,0.9969374887407674,0.10526315789473684,0.9911727616645649,0.9917132048279589,0.9864633310486635,7667,8011,0.9570590438147547,0.6846075418870896,
woodwind_track228724,test__woodwind_track228724__2_oboe,woodwind,oboe,tune,330.04200525275536,629.8674820136217,23.34,hmm-001,attune-uniform,13,0.005012562893380035,0.5,0.9969374887407674,0.10526315789473684,0.9911727616645649,0.9917132048279589,0.9864633310486635,7668,8011,0.9571838721757583,0.7152945001143962,
woodwind_track228724,test__woodwind_track228724__2_oboe,woodwind,oboe,tune,330.04200525275536,629.8674820136217,23.34,hmm-002,attune-uniform,13,0.005012562893380035,0.65,0.9969374887407674,0.10526315789473684,0.9911727616645649,0.9917132048279589,0.9864633310486635,7668,8011,0.9571838721757583,0.6841189998667687,
woodwind_track228724,test__woodwind_track228724__2_oboe,woodwind,oboe,tune,330.04200525275536,629.8674820136217,23.34,hmm-003,attune-uniform,13,0.01,0.35,0.9969374887407674,0.10526315789473684,0.9911727616645649,0.9917132048279589,0.9864633310486635,7667,8011,0.9570590438147547,0.6563265831209719,
woodwind_track228724,test__woodwind_track228724__2_oboe,woodwind,oboe,tune,330.04200525275536,629.8674820136217,23.34,hmm-004,attune-uniform,13,0.01,0.5,0.9969374887407674,0.10526315789473684,0.9911727616645649,0.9917132048279589,0.9864633310486635,7668,8011,0.9571838721757583,0.6672670422121882,
woodwind_track228724,test__woodwind_track228724__2_oboe,woodwind,oboe,tune,330.04200525275536,629.8674820136217,23.34,hmm-005,attune-uniform,13,0.01,0.65,0.9969374887407674,0.10526315789473684,0.9911727616645649,0.9917132048279589,0.9864633310486635,7668,8011,0.9571838721757583,0.6833578748628497,
woodwind_track228724,test__woodwind_track228724__2_oboe,woodwind,oboe,tune,330.04200525275536,629.8674820136217,23.34,hmm-006,attune-uniform,25,0.005012562893380035,0.35,0.9969374887407674,0.10526315789473684,0.9911727616645649,0.9917132048279589,0.9864633310486635,7668,8011,0.9571838721757583,0.6854620000813156,
woodwind_track228724,test__woodwind_track228724__2_oboe,woodwind,oboe,tune,330.04200525275536,629.8674820136217,23.34,hmm-007,attune-uniform,25,0.005012562893380035,0.5,0.9972977841830301,0.10877192982456141,0.9913529093856963,0.9918933525490903,0.9864633310486635,7671,8011,0.9575583572587691,0.6570262499153614,
woodwind_track228724,test__woodwind_track228724__2_oboe,woodwind,oboe,tune,330.04200525275536,629.8674820136217,23.34,hmm-008,attune-uniform,25,0.005012562893380035,0.65,0.9972977841830301,0.10877192982456141,0.9913529093856963,0.9918933525490903,0.9864633310486635,7671,8011,0.9575583572587691,0.6706194172147661,
woodwind_track228724,test__woodwind_track228724__2_oboe,woodwind,oboe,tune,330.04200525275536,629.8674820136217,23.34,hmm-009,attune-uniform,25,0.01,0.35,0.9969374887407674,0.10526315789473684,0.9911727616645649,0.9917132048279589,0.9864633310486635,7668,8011,0.9571838721757583,0.6696348339319229,
woodwind_track228724,test__woodwind_track228724__2_oboe,woodwind,oboe,tune,330.04200525275536,629.8674820136217,23.34,hmm-010,attune-uniform,25,0.01,0.5,0.9972977841830301,0.10877192982456141,0.9913529093856963,0.9918933525490903,0.9864633310486635,7671,8011,0.9575583572587691,0.6440013749524951,
woodwind_track228724,test__woodwind_track228724__2_oboe,woodwind,oboe,tune,330.04200525275536,629.8674820136217,23.34,hmm-011,attune-uniform,25,0.01,0.65,0.9972977841830301,0.10877192982456141,0.9913529093856963,0.9918933525490903,0.9864633310486635,7671,8011,0.9575583572587691,0.6837967920582741,
woodwind_track228724,test__woodwind_track228724__2_oboe,woodwind,oboe,tune,330.04200525275536,629.8674820136217,23.34,hmm-012,paper-repeated,13,0.005012562893380035,0.35,0.9522608539001982,0.042105263157894736,0.9508196721311475,0.9508196721311475,0.9511651816312543,7302,8011,0.9114966920484334,0.6842803331092,
woodwind_track228724,test__woodwind_track228724__2_oboe,woodwind,oboe,tune,330.04200525275536,629.8674820136217,23.34,hmm-013,paper-repeated,13,0.005012562893380035,0.5,0.9848675914249685,0.05964912280701754,0.9818050801657359,0.9821653756079985,0.9797806716929404,7560,8011,0.9437024091873674,0.6978541670832783,
woodwind_track228724,test__woodwind_track228724__2_oboe,woodwind,oboe,tune,330.04200525275536,629.8674820136217,23.34,hmm-014,paper-repeated,13,0.005012562893380035,0.65,0.9915330571068276,0.08070175438596491,0.987389659520807,0.987930102684201,0.9840644276901988,7617,8011,0.9508176257645737,0.6778566250577569,
woodwind_track228724,test__woodwind_track228724__2_oboe,woodwind,oboe,tune,330.04200525275536,629.8674820136217,23.34,hmm-015,paper-repeated,13,0.01,0.35,0.9517204107368041,0.031578947368421054,0.9508196721311475,0.9508196721311475,0.9516792323509253,7293,8011,0.9103732367994009,0.6761613329872489,
woodwind_track228724,test__woodwind_track228724__2_oboe,woodwind,oboe,tune,330.04200525275536,629.8674820136217,23.34,hmm-016,paper-repeated,13,0.01,0.5,0.9843271482615745,0.0456140350877193,0.9814447847234733,0.9818050801657359,0.980123372172721,7551,8011,0.9425789539383348,0.6810117089189589,
woodwind_track228724,test__woodwind_track228724__2_oboe,woodwind,oboe,tune,330.04200525275536,629.8674820136217,23.34,hmm-017,paper-repeated,13,0.01,0.65,0.9915330571068276,0.08070175438596491,0.987389659520807,0.987930102684201,0.9840644276901988,7617,8011,0.9508176257645737,0.6864291669335216,
woodwind_track228724,test__woodwind_track228724__2_oboe,woodwind,oboe,tune,330.04200525275536,629.8674820136217,23.34,hmm-018,paper-repeated,25,0.005012562893380035,0.35,0.9475770131507837,0.028070175438596492,0.946676274545127,0.946676274545127,0.9479095270733379,7260,8011,0.9062539008862813,0.6623734580352902,
woodwind_track228724,test__woodwind_track228724__2_oboe,woodwind,oboe,tune,330.04200525275536,629.8674820136217,23.34,hmm-019,paper-repeated,25,0.005012562893380035,0.5,0.9814447847234733,0.0456140350877193,0.979102864348766,0.9792830120698973,0.9778958190541467,7530,8011,0.9399575583572588,0.7407196660060436,
woodwind_track228724,test__woodwind_track228724__2_oboe,woodwind,oboe,tune,330.04200525275536,629.8674820136217,23.34,hmm-020,paper-repeated,25,0.005012562893380035,0.65,0.9902720230589083,0.08070175438596491,0.9863087731940191,0.9868492163574131,0.9830363262508568,7608,8011,0.9496941705155412,0.8034759999718517,
woodwind_track228724,test__woodwind_track228724__2_oboe,woodwind,oboe,tune,330.04200525275536,629.8674820136217,23.34,hmm-021,paper-repeated,25,0.01,0.35,0.9475770131507837,0.028070175438596492,0.946676274545127,0.946676274545127,0.9479095270733379,7260,8011,0.9062539008862813,1.0691041669342667,
woodwind_track228724,test__woodwind_track228724__2_oboe,woodwind,oboe,tune,330.04200525275536,629.8674820136217,23.34,hmm-022,paper-repeated,25,0.01,0.5,0.9814447847234733,0.0456140350877193,0.979102864348766,0.9792830120698973,0.9778958190541467,7530,8011,0.9399575583572588,0.7194103749934584,
woodwind_track228724,test__woodwind_track228724__2_oboe,woodwind,oboe,tune,330.04200525275536,629.8674820136217,23.34,hmm-023,paper-repeated,25,0.01,0.65,0.9902720230589083,0.08070175438596491,0.9863087731940191,0.9868492163574131,0.9830363262508568,7608,8011,0.9496941705155412,0.7065747501328588,
brass_track222189,test__brass_track222189__2_horn,brass,horn,holdout,310.33315491188387,591.7019911202939,36.572,hmm-000,attune-uniform,13,0.005012562893380035,0.35,0.9985294117647059,0.1875,0.9871040723981901,0.9871040723981901,0.9812992125984252,12244,12570,0.9740652346857598,1.0651072920300066,
brass_track222189,test__brass_track222189__2_horn,brass,horn,holdout,310.33315491188387,591.7019911202939,36.572,hmm-001,attune-uniform,13,0.005012562893380035,0.5,0.9985294117647059,0.1875,0.9871040723981901,0.9871040723981901,0.9812992125984252,12244,12570,0.9740652346857598,1.0081505000125617,
brass_track222189,test__brass_track222189__2_horn,brass,horn,holdout,310.33315491188387,591.7019911202939,36.572,hmm-002,attune-uniform,13,0.005012562893380035,0.65,0.9985294117647059,0.1875,0.9871040723981901,0.9871040723981901,0.9812992125984252,12244,12570,0.9740652346857598,1.0421157500240952,
brass_track222189,test__brass_track222189__2_horn,brass,horn,holdout,310.33315491188387,591.7019911202939,36.572,hmm-003,attune-uniform,13,0.01,0.35,0.9985294117647059,0.1875,0.9871040723981901,0.9871040723981901,0.9812992125984252,12244,12570,0.9740652346857598,1.0381692498922348,
brass_track222189,test__brass_track222189__2_horn,brass,horn,holdout,310.33315491188387,591.7019911202939,36.572,hmm-004,attune-uniform,13,0.01,0.5,0.9985294117647059,0.1875,0.9871040723981901,0.9871040723981901,0.9812992125984252,12244,12570,0.9740652346857598,1.028867166955024,
brass_track222189,test__brass_track222189__2_horn,brass,horn,holdout,310.33315491188387,591.7019911202939,36.572,hmm-005,attune-uniform,13,0.01,0.65,0.9985294117647059,0.1875,0.9871040723981901,0.9871040723981901,0.9812992125984252,12244,12570,0.9740652346857598,1.0448172909673303,
brass_track222189,test__brass_track222189__2_horn,brass,horn,holdout,310.33315491188387,591.7019911202939,36.572,hmm-006,attune-uniform,25,0.005012562893380035,0.35,0.9985294117647059,0.1875,0.9871040723981901,0.9871040723981901,0.9812992125984252,12244,12570,0.9740652346857598,1.081005790969357,
brass_track222189,test__brass_track222189__2_horn,brass,horn,holdout,310.33315491188387,591.7019911202939,36.572,hmm-007,attune-uniform,25,0.005012562893380035,0.5,0.9985294117647059,0.1875,0.9871040723981901,0.9871040723981901,0.9812992125984252,12244,12570,0.9740652346857598,1.01261854195036,
brass_track222189,test__brass_track222189__2_horn,brass,horn,holdout,310.33315491188387,591.7019911202939,36.572,hmm-008,attune-uniform,25,0.005012562893380035,0.65,0.9985294117647059,0.1875,0.9871040723981901,0.9871040723981901,0.9812992125984252,12244,12570,0.9740652346857598,1.0736502918880433,
brass_track222189,test__brass_track222189__2_horn,brass,horn,holdout,310.33315491188387,591.7019911202939,36.572,hmm-009,attune-uniform,25,0.01,0.35,0.9985294117647059,0.1875,0.9871040723981901,0.9871040723981901,0.9812992125984252,12244,12570,0.9740652346857598,1.0284000830724835,
brass_track222189,test__brass_track222189__2_horn,brass,horn,holdout,310.33315491188387,591.7019911202939,36.572,hmm-010,attune-uniform,25,0.01,0.5,0.9985294117647059,0.1875,0.9871040723981901,0.9871040723981901,0.9812992125984252,12244,12570,0.9740652346857598,1.0124068330042064,
brass_track222189,test__brass_track222189__2_horn,brass,horn,holdout,310.33315491188387,591.7019911202939,36.572,hmm-011,attune-uniform,25,0.01,0.65,0.9985294117647059,0.1875,0.9871040723981901,0.9871040723981901,0.9812992125984252,12244,12570,0.9740652346857598,1.0390177918598056,
brass_track222189,test__brass_track222189__2_horn,brass,horn,holdout,310.33315491188387,591.7019911202939,36.572,hmm-012,paper-repeated,13,0.005012562893380035,0.35,0.9963800904977376,0.1875,0.9866515837104073,0.9866515837104073,0.9808617672790901,12218,12570,0.9719968178202069,1.2376346250530332,
brass_track222189,test__brass_track222189__2_horn,brass,horn,holdout,310.33315491188387,591.7019911202939,36.572,hmm-013,paper-repeated,13,0.005012562893380035,0.5,0.9968325791855204,0.1875,0.9868778280542987,0.9868778280542987,0.9810804899387576,12222,12570,0.9723150357995227,1.4606399999465793,
brass_track222189,test__brass_track222189__2_horn,brass,horn,holdout,310.33315491188387,591.7019911202939,36.572,hmm-014,paper-repeated,13,0.005012562893380035,0.65,0.9970588235294118,0.1875,0.9869909502262444,0.9869909502262444,0.9811898512685914,12225,12570,0.9725536992840096,1.0821412079967558,
brass_track222189,test__brass_track222189__2_horn,brass,horn,holdout,310.33315491188387,591.7019911202939,36.572,hmm-015,paper-repeated,13,0.01,0.35,0.9963800904977376,0.1875,0.9866515837104073,0.9866515837104073,0.9808617672790901,12218,12570,0.9719968178202069,1.1439397919457406,
brass_track222189,test__brass_track222189__2_horn,brass,horn,holdout,310.33315491188387,591.7019911202939,36.572,hmm-016,paper-repeated,13,0.01,0.5,0.9968325791855204,0.1875,0.9868778280542987,0.9868778280542987,0.9810804899387576,12222,12570,0.9723150357995227,1.1840947091113776,
brass_track222189,test__brass_track222189__2_horn,brass,horn,holdout,310.33315491188387,591.7019911202939,36.572,hmm-017,paper-repeated,13,0.01,0.65,0.9970588235294118,0.1875,0.9869909502262444,0.9869909502262444,0.9811898512685914,12225,12570,0.9725536992840096,1.0882148330565542,
brass_track222189,test__brass_track222189__2_horn,brass,horn,holdout,310.33315491188387,591.7019911202939,36.572,hmm-018,paper-repeated,25,0.005012562893380035,0.35,0.9960407239819005,0.1875,0.9863122171945702,0.9863122171945702,0.9805336832895888,12214,12570,0.971678599840891,1.0810329581145197,
brass_track222189,test__brass_track222189__2_horn,brass,horn,holdout,310.33315491188387,591.7019911202939,36.572,hmm-019,paper-repeated,25,0.005012562893380035,0.5,0.9963800904977376,0.1875,0.9866515837104073,0.9866515837104073,0.9808617672790901,12218,12570,0.9719968178202069,1.4659433749038726,
brass_track222189,test__brass_track222189__2_horn,brass,horn,holdout,310.33315491188387,591.7019911202939,36.572,hmm-020,paper-repeated,25,0.005012562893380035,0.65,0.9967194570135747,0.1875,0.9869909502262444,0.9869909502262444,0.9811898512685914,12221,12570,0.9722354813046937,1.3773397079203278,
brass_track222189,test__brass_track222189__2_horn,brass,horn,holdout,310.33315491188387,591.7019911202939,36.572,hmm-021,paper-repeated,25,0.01,0.35,0.9960407239819005,0.1875,0.9863122171945702,0.9863122171945702,0.9805336832895888,12214,12570,0.971678599840891,1.1457225000485778,
brass_track222189,test__brass_track222189__2_horn,brass,horn,holdout,310.33315491188387,591.7019911202939,36.572,hmm-022,paper-repeated,25,0.01,0.5,0.9963800904977376,0.1875,0.9866515837104073,0.9866515837104073,0.9808617672790901,12218,12570,0.9719968178202069,1.1123373750597239,
brass_track222189,test__brass_track222189__2_horn,brass,horn,holdout,310.33315491188387,591.7019911202939,36.572,hmm-023,paper-repeated,25,0.01,0.65,0.9967194570135747,0.1875,0.9869909502262444,0.9869909502262444,0.9811898512685914,12221,12570,0.9722354813046937,1.125422582961619,
brass_track223259,test__brass_track223259__3_trombone,brass,trombone,holdout,219.87675218336088,497.43868300928074,15.128,hmm-000,attune-uniform,13,0.005012562893380035,0.35,0.9934266933409546,0.09859154929577464,0.9748499571306087,0.9748499571306087,0.9693365054189796,4828,5182,0.9316866074874566,0.6889042081311345,
brass_track223259,test__brass_track223259__3_trombone,brass,trombone,holdout,219.87675218336088,497.43868300928074,15.128,hmm-001,attune-uniform,13,0.005012562893380035,0.5,0.9934266933409546,0.10211267605633803,0.9748499571306087,0.9748499571306087,0.9690721649484536,4830,5182,0.932072558857584,0.6889667499344796,
brass_track223259,test__brass_track223259__3_trombone,brass,trombone,holdout,219.87675218336088,497.43868300928074,15.128,hmm-002,attune-uniform,13,0.005012562893380035,0.65,0.9937124892826522,0.1056338028169014,0.9751357530723064,0.9751357530723064,0.9690721649484536,4832,5182,0.9324585102277113,0.6945497498381883,
brass_track223259,test__brass_track223259__3_trombone,brass,trombone,holdout,219.87675218336088,497.43868300928074,15.128,hmm-003,attune-uniform,13,0.01,0.35,0.9934266933409546,0.09859154929577464,0.9748499571306087,0.9748499571306087,0.9693365054189796,4828,5182,0.9316866074874566,0.687094708904624,
brass_track223259,test__brass_track223259__3_trombone,brass,trombone,holdout,219.87675218336088,497.43868300928074,15.128,hmm-004,attune-uniform,13,0.01,0.5,0.9934266933409546,0.10211267605633803,0.9748499571306087,0.9748499571306087,0.9690721649484536,4830,5182,0.932072558857584,0.6787613751366735,
brass_track223259,test__brass_track223259__3_trombone,brass,trombone,holdout,219.87675218336088,497.43868300928074,15.128,hmm-005,attune-uniform,13,0.01,0.65,0.9937124892826522,0.1056338028169014,0.9751357530723064,0.9751357530723064,0.9690721649484536,4832,5182,0.9324585102277113,0.6955319170374423,
brass_track223259,test__brass_track223259__3_trombone,brass,trombone,holdout,219.87675218336088,497.43868300928074,15.128,hmm-006,attune-uniform,25,0.005012562893380035,0.35,0.9937124892826522,0.09859154929577464,0.9748499571306087,0.9748499571306087,0.9693365054189796,4830,5182,0.932072558857584,0.6977128339931369,
brass_track223259,test__brass_track223259__3_trombone,brass,trombone,holdout,219.87675218336088,497.43868300928074,15.128,hmm-007,attune-uniform,25,0.005012562893380035,0.5,0.9939982852243499,0.09859154929577464,0.9751357530723064,0.9751357530723064,0.9696008458895057,4832,5182,0.9324585102277113,0.6913225408643484,
brass_track223259,test__brass_track223259__3_trombone,brass,trombone,holdout,219.87675218336088,497.43868300928074,15.128,hmm-008,attune-uniform,25,0.005012562893380035,0.65,0.9942840811660475,0.09859154929577464,0.9751357530723064,0.9751357530723064,0.9696008458895057,4834,5182,0.9328444615978386,0.6760832499712706,
brass_track223259,test__brass_track223259__3_trombone,brass,trombone,holdout,219.87675218336088,497.43868300928074,15.128,hmm-009,attune-uniform,25,0.01,0.35,0.9937124892826522,0.09859154929577464,0.9748499571306087,0.9748499571306087,0.9693365054189796,4830,5182,0.932072558857584,0.6891686250455678,
brass_track223259,test__brass_track223259__3_trombone,brass,trombone,holdout,219.87675218336088,497.43868300928074,15.128,hmm-010,attune-uniform,25,0.01,0.5,0.9939982852243499,0.09859154929577464,0.9751357530723064,0.9751357530723064,0.9696008458895057,4832,5182,0.9324585102277113,0.678595416015014,
brass_track223259,test__brass_track223259__3_trombone,brass,trombone,holdout,219.87675218336088,497.43868300928074,15.128,hmm-011,attune-uniform,25,0.01,0.65,0.9942840811660475,0.09859154929577464,0.9751357530723064,0.9751357530723064,0.9696008458895057,4834,5182,0.9328444615978386,0.6858813748694956,
brass_track223259,test__brass_track223259__3_trombone,brass,trombone,holdout,219.87675218336088,497.43868300928074,15.128,hmm-012,paper-repeated,13,0.005012562893380035,0.35,0.9351243212346385,0.03873239436619718,0.9179765647327808,0.9296941983423835,0.9212265397832408,4526,5182,0.8734079505982246,0.7013686669524759,
brass_track223259,test__brass_track223259__3_trombone,brass,trombone,holdout,219.87675218336088,497.43868300928074,15.128,hmm-013,paper-repeated,13,0.005012562893380035,0.5,0.9468419548442412,0.04929577464788732,0.9279794226921978,0.9399828522434981,0.929685434840074,4585,5182,0.8847935160169819,0.7368435419630259,
brass_track223259,test__brass_track223259__3_trombone,brass,trombone,holdout,219.87675218336088,497.43868300928074,15.128,hmm-014,paper-repeated,13,0.005012562893380035,0.65,0.9577022006287511,0.07042253521126761,0.936267505001429,0.948556730494427,0.9357652656621729,4645,5182,0.8963720571208028,0.7427585411351174,
brass_track223259,test__brass_track223259__3_trombone,brass,trombone,holdout,219.87675218336088,497.43868300928074,15.128,hmm-015,paper-repeated,13,0.01,0.35,0.933123749642755,0.03873239436619718,0.9174049728493855,0.9291226064589883,0.9206978588421887,4517,5182,0.8716711694326514,1.2679177080281079,
brass_track223259,test__brass_track223259__3_trombone,brass,trombone,holdout,219.87675218336088,497.43868300928074,15.128,hmm-016,paper-repeated,13,0.01,0.5,0.9468419548442412,0.04929577464788732,0.9279794226921978,0.9399828522434981,0.929685434840074,4585,5182,0.8847935160169819,0.7405787501484156,
brass_track223259,test__brass_track223259__3_trombone,brass,trombone,holdout,219.87675218336088,497.43868300928074,15.128,hmm-017,paper-repeated,13,0.01,0.65,0.9577022006287511,0.07042253521126761,0.936267505001429,0.948556730494427,0.9357652656621729,4645,5182,0.8963720571208028,0.7006380830425769,
brass_track223259,test__brass_track223259__3_trombone,brass,trombone,holdout,219.87675218336088,497.43868300928074,15.128,hmm-018,paper-repeated,25,0.005012562893380035,0.35,0.9274078308088025,0.03873239436619718,0.9122606458988283,0.923978279508431,0.91593973037272,4488,5182,0.8660748745658047,0.733980166958645,
brass_track223259,test__brass_track223259__3_trombone,brass,trombone,holdout,219.87675218336088,497.43868300928074,15.128,hmm-019,paper-repeated,25,0.005012562893380035,0.5,0.9434124035438697,0.045774647887323945,0.9248356673335238,0.9371248928265219,0.9270420301348137,4567,5182,0.8813199536858356,0.8397066670004278,
brass_track223259,test__brass_track223259__3_trombone,brass,trombone,holdout,219.87675218336088,497.43868300928074,15.128,hmm-020,paper-repeated,25,0.005012562893380035,0.65,0.9551300371534724,0.06690140845070422,0.9339811374678479,0.9465561589025436,0.9339148823684906,4633,5182,0.8940563489000386,0.7496667499653995,
brass_track223259,test__brass_track223259__3_trombone,brass,trombone,holdout,219.87675218336088,497.43868300928074,15.128,hmm-021,paper-repeated,25,0.01,0.35,0.9274078308088025,0.03873239436619718,0.9122606458988283,0.923978279508431,0.91593973037272,4488,5182,0.8660748745658047,0.6903702919371426,
brass_track223259,test__brass_track223259__3_trombone,brass,trombone,holdout,219.87675218336088,497.43868300928074,15.128,hmm-022,paper-repeated,25,0.01,0.5,0.9434124035438697,0.045774647887323945,0.9248356673335238,0.9371248928265219,0.9270420301348137,4567,5182,0.8813199536858356,0.7295517909806222,
brass_track223259,test__brass_track223259__3_trombone,brass,trombone,holdout,219.87675218336088,497.43868300928074,15.128,hmm-023,paper-repeated,25,0.01,0.65,0.9551300371534724,0.06690140845070422,0.9339811374678479,0.9465561589025436,0.9339148823684906,4633,5182,0.8940563489000386,0.6764602500479668,
brass_track222314,test__brass_track222314__1_trumpet,brass,trumpet,holdout,418.255034581476,943.4209934271546,29.688,hmm-000,attune-uniform,13,0.005012562893380035,0.35,0.9976140350877193,0.14093959731543623,0.9889122807017544,0.9889122807017544,0.9836993129462481,9852,10198,0.9660717787801529,1.3603948329109699,
brass_track222314,test__brass_track222314__1_trumpet,brass,trumpet,holdout,418.255034581476,943.4209934271546,29.688,hmm-001,attune-uniform,13,0.005012562893380035,0.5,0.9977543859649123,0.14093959731543623,0.9890526315789474,0.9890526315789474,0.98383402936818,9854,10198,0.9662678956658168,1.3220880418084562,
brass_track222314,test__brass_track222314__1_trumpet,brass,trumpet,holdout,418.255034581476,943.4209934271546,29.688,hmm-002,attune-uniform,13,0.005012562893380035,0.65,0.9977543859649123,0.14093959731543623,0.9890526315789474,0.9890526315789474,0.98383402936818,9854,10198,0.9662678956658168,1.3582172919996083,
brass_track222314,test__brass_track222314__1_trumpet,brass,trumpet,holdout,418.255034581476,943.4209934271546,29.688,hmm-003,attune-uniform,13,0.01,0.35,0.9976140350877193,0.14093959731543623,0.9889122807017544,0.9889122807017544,0.9836993129462481,9852,10198,0.9660717787801529,1.331108583137393,
brass_track222314,test__brass_track222314__1_trumpet,brass,trumpet,holdout,418.255034581476,943.4209934271546,29.688,hmm-004,attune-uniform,13,0.01,0.5,0.9977543859649123,0.14093959731543623,0.9890526315789474,0.9890526315789474,0.98383402936818,9854,10198,0.9662678956658168,1.321908124955371,
brass_track222314,test__brass_track222314__1_trumpet,brass,trumpet,holdout,418.255034581476,943.4209934271546,29.688,hmm-005,attune-uniform,13,0.01,0.65,0.9977543859649123,0.14093959731543623,0.9890526315789474,0.9890526315789474,0.98383402936818,9854,10198,0.9662678956658168,1.3245016250293702,
brass_track222314,test__brass_track222314__1_trumpet,brass,trumpet,holdout,418.255034581476,943.4209934271546,29.688,hmm-006,attune-uniform,25,0.005012562893380035,0.35,0.9977543859649123,0.14093959731543623,0.9890526315789474,0.9890526315789474,0.98383402936818,9854,10198,0.9662678956658168,1.3556901661213487,
brass_track222314,test__brass_track222314__1_trumpet,brass,trumpet,holdout,418.255034581476,943.4209934271546,29.688,hmm-007,attune-uniform,25,0.005012562893380035,0.5,0.9977543859649123,0.14429530201342283,0.9890526315789474,0.9890526315789474,0.9836993129462481,9855,10198,0.9663659541086488,1.680317792110145,
brass_track222314,test__brass_track222314__1_trumpet,brass,trumpet,holdout,418.255034581476,943.4209934271546,29.688,hmm-008,attune-uniform,25,0.005012562893380035,0.65,0.9977543859649123,0.14429530201342283,0.9890526315789474,0.9890526315789474,0.9836993129462481,9857,10198,0.9665620709943126,1.6118389589246362,
brass_track222314,test__brass_track222314__1_trumpet,brass,trumpet,holdout,418.255034581476,943.4209934271546,29.688,hmm-009,attune-uniform,25,0.01,0.35,0.9977543859649123,0.14093959731543623,0.9890526315789474,0.9890526315789474,0.98383402936818,9854,10198,0.9662678956658168,1.4099159580655396,
brass_track222314,test__brass_track222314__1_trumpet,brass,trumpet,holdout,418.255034581476,943.4209934271546,29.688,hmm-010,attune-uniform,25,0.01,0.5,0.9977543859649123,0.14429530201342283,0.9890526315789474,0.9890526315789474,0.9836993129462481,9855,10198,0.9663659541086488,1.4689639168791473,
brass_track222314,test__brass_track222314__1_trumpet,brass,trumpet,holdout,418.255034581476,943.4209934271546,29.688,hmm-011,attune-uniform,25,0.01,0.65,0.9977543859649123,0.14429530201342283,0.9890526315789474,0.9890526315789474,0.9836993129462481,9857,10198,0.9665620709943126,1.3069502089638263,
brass_track222314,test__brass_track222314__1_trumpet,brass,trumpet,holdout,418.255034581476,943.4209934271546,29.688,hmm-012,paper-repeated,13,0.005012562893380035,0.35,0.9880701754385965,0.08053691275167785,0.9834385964912281,0.9834385964912281,0.9808702680856797,9735,10198,0.9545989409688174,1.4209805831778795,
brass_track222314,test__brass_track222314__1_trumpet,brass,trumpet,holdout,418.255034581476,943.4209934271546,29.688,hmm-013,paper-repeated,13,0.005012562893380035,0.5,0.9931228070175439,0.08053691275167785,0.9863859649122807,0.9863859649122807,0.9836993129462481,9788,10198,0.9597960384389096,1.9172780839726329,
brass_track222314,test__brass_track222314__1_trumpet,brass,trumpet,holdout,418.255034581476,943.4209934271546,29.688,hmm-014,paper-repeated,13,0.005012562893380035,0.65,0.9959298245614036,0.1040268456375839,0.9877894736842106,0.9877894736842106,0.9841034622120437,9823,10198,0.9632280839380271,1.4172711668070406,
brass_track222314,test__brass_track222314__1_trumpet,brass,trumpet,holdout,418.255034581476,943.4209934271546,29.688,hmm-015,paper-repeated,13,0.01,0.35,0.9876491228070176,0.07046979865771812,0.9832982456140351,0.9832982456140351,0.9811397009295433,9727,10198,0.953814473426162,1.3939646668732166,
brass_track222314,test__brass_track222314__1_trumpet,brass,trumpet,holdout,418.255034581476,943.4209934271546,29.688,hmm-016,paper-repeated,13,0.01,0.5,0.991859649122807,0.08053691275167785,0.9859649122807017,0.9859649122807017,0.9832951636804527,9776,10198,0.9586193371249264,1.4319598751608282,
brass_track222314,test__brass_track222314__1_trumpet,brass,trumpet,holdout,418.255034581476,943.4209934271546,29.688,hmm-017,paper-repeated,13,0.01,0.65,0.9950877192982456,0.09731543624161074,0.9875087719298246,0.9875087719298246,0.9841034622120437,9812,10198,0.9621494410668758,1.4687990001402795,
brass_track222314,test__brass_track222314__1_trumpet,brass,trumpet,holdout,418.255034581476,943.4209934271546,29.688,hmm-018,paper-repeated,25,0.005012562893380035,0.35,0.9866666666666667,0.08053691275167785,0.9823157894736843,0.9823157894736843,0.9797925367102249,9720,10198,0.9531280643263385,1.396873083896935,
brass_track222314,test__brass_track222314__1_trumpet,brass,trumpet,holdout,418.255034581476,943.4209934271546,29.688,hmm-019,paper-repeated,25,0.005012562893380035,0.5,0.9927017543859649,0.08053691275167785,0.9859649122807017,0.9859649122807017,0.9832951636804527,9782,10198,0.959207687781918,1.3900919591542333,
brass_track222314,test__brass_track222314__1_trumpet,brass,trumpet,holdout,418.255034581476,943.4209934271546,29.688,hmm-020,paper-repeated,25,0.005012562893380035,0.65,0.9956491228070176,0.10067114093959731,0.9875087719298246,0.9875087719298246,0.9839687457901118,9819,10198,0.9628358501666994,1.4005522078368813,
brass_track222314,test__brass_track222314__1_trumpet,brass,trumpet,holdout,418.255034581476,943.4209934271546,29.688,hmm-021,paper-repeated,25,0.01,0.35,0.9858245614035088,0.06040268456375839,0.9821754385964913,0.9821754385964913,0.9804661188198841,9704,10198,0.9515591292410277,1.3998415840324014,
brass_track222314,test__brass_track222314__1_trumpet,brass,trumpet,holdout,418.255034581476,943.4209934271546,29.688,hmm-022,paper-repeated,25,0.01,0.5,0.9914385964912281,0.08053691275167785,0.9855438596491228,0.9855438596491228,0.9828910144146571,9770,10198,0.9580309864679349,1.3447791659273207,
brass_track222314,test__brass_track222314__1_trumpet,brass,trumpet,holdout,418.255034581476,943.4209934271546,29.688,hmm-023,paper-repeated,25,0.01,0.65,0.9948070175438597,0.09395973154362416,0.9872280701754386,0.9872280701754386,0.9839687457901118,9808,10198,0.9617572072955481,1.3984026671387255,
brass_track223250,test__brass_track223250__4_tuba,brass,tuba,holdout,155.36356862605564,393.9339956405263,24.436,hmm-000,attune-uniform,13,0.005012562893380035,0.35,0.966142684401451,0.2585669781931464,0.9381585766108136,0.9381585766108136,0.9278232405891981,7824,8389,0.9326498986768387,1.4348773751407862,
brass_track223250,test__brass_track223250__4_tuba,brass,tuba,holdout,155.36356862605564,393.9339956405263,24.436,hmm-001,attune-uniform,13,0.005012562893380035,0.5,0.9834168250129556,0.2616822429906542,0.9550872344100881,0.9550872344100881,0.9436988543371522,7964,8389,0.949338419358684,1.4285998339764774,
brass_track223250,test__brass_track223250__4_tuba,brass,tuba,holdout,155.36356862605564,393.9339956405263,24.436,hmm-002,attune-uniform,13,0.005012562893380035,0.65,0.9839350492313007,0.26479750778816197,0.9552599758162031,0.9552599758162031,0.9436988543371522,7971,8389,0.9501728453927762,1.454224375076592,
brass_track223250,test__brass_track223250__4_tuba,brass,tuba,holdout,155.36356862605564,393.9339956405263,24.436,hmm-003,attune-uniform,13,0.01,0.35,0.966142684401451,0.2585669781931464,0.9381585766108136,0.9381585766108136,0.9278232405891981,7824,8389,0.9326498986768387,1.4237758750095963,
brass_track223250,test__brass_track223250__4_tuba,brass,tuba,holdout,155.36356862605564,393.9339956405263,24.436,hmm-004,attune-uniform,13,0.01,0.5,0.9834168250129556,0.2616822429906542,0.9550872344100881,0.9550872344100881,0.9436988543371522,7964,8389,0.949338419358684,1.4417135419789702,
brass_track223250,test__brass_track223250__4_tuba,brass,tuba,holdout,155.36356862605564,393.9339956405263,24.436,hmm-005,attune-uniform,13,0.01,0.65,0.9839350492313007,0.26479750778816197,0.9552599758162031,0.9552599758162031,0.9436988543371522,7971,8389,0.9501728453927762,1.3998714580666274,
brass_track223250,test__brass_track223250__4_tuba,brass,tuba,holdout,155.36356862605564,393.9339956405263,24.436,hmm-006,attune-uniform,25,0.005012562893380035,0.35,0.9638970461219555,0.26479750778816197,0.9274486094316807,0.9355674555190879,0.9173486088379705,7810,8389,0.9309810466086542,2.073993999976665,
brass_track223250,test__brass_track223250__4_tuba,brass,tuba,holdout,155.36356862605564,393.9339956405263,24.436,hmm-007,attune-uniform,25,0.005012562893380035,0.5,0.9777163586111591,0.26791277258566976,0.9442045258248403,0.9486958023838314,0.9330605564648118,7922,8389,0.9443318631541304,1.5738543749321252,
brass_track223250,test__brass_track223250__4_tuba,brass,tuba,holdout,155.36356862605564,393.9339956405263,24.436,hmm-008,attune-uniform,25,0.005012562893380035,0.65,0.9841077906374158,0.26791277258566976,0.9502504750388668,0.954741751597858,0.9387888707037643,7974,8389,0.9505304565502444,1.5662565829697996,
brass_track223250,test__brass_track223250__4_tuba,brass,tuba,holdout,155.36356862605564,393.9339956405263,24.436,hmm-009,attune-uniform,25,0.01,0.35,0.9638970461219555,0.26479750778816197,0.9274486094316807,0.9355674555190879,0.9173486088379705,7810,8389,0.9309810466086542,1.4739231248386204,
brass_track223250,test__brass_track223250__4_tuba,brass,tuba,holdout,155.36356862605564,393.9339956405263,24.436,hmm-010,attune-uniform,25,0.01,0.5,0.9777163586111591,0.26791277258566976,0.9442045258248403,0.9486958023838314,0.9330605564648118,7922,8389,0.9443318631541304,1.43665516609326,
brass_track223250,test__brass_track223250__4_tuba,brass,tuba,holdout,155.36356862605564,393.9339956405263,24.436,hmm-011,attune-uniform,25,0.01,0.65,0.9841077906374158,0.26791277258566976,0.9502504750388668,0.954741751597858,0.9387888707037643,7974,8389,0.9505304565502444,2.1062213329132646,
brass_track223250,test__brass_track223250__4_tuba,brass,tuba,holdout,155.36356862605564,393.9339956405263,24.436,hmm-012,paper-repeated,13,0.005012562893380035,0.35,0.6201416479530143,0.056074766355140186,0.6045949214026602,0.6120228018656072,0.6224222585924714,4971,8389,0.5925616879246632,1.498403999954462,
brass_track223250,test__brass_track223250__4_tuba,brass,tuba,holdout,155.36356862605564,393.9339956405263,24.436,hmm-013,paper-repeated,13,0.005012562893380035,0.5,0.6923475557091034,0.06853582554517133,0.6776645361893245,0.6811193643116255,0.6909983633387888,5551,8389,0.6616998450351651,1.5453840831760317,
brass_track223250,test__brass_track223250__4_tuba,brass,tuba,holdout,155.36356862605564,393.9339956405263,24.436,hmm-014,paper-repeated,13,0.005012562893380035,0.65,0.7602349283123164,0.08722741433021806,0.7436517533252721,0.747279322853688,0.7525368248772504,6104,8389,0.7276195017284539,1.5155097499955446,
brass_track223250,test__brass_track223250__4_tuba,brass,tuba,holdout,155.36356862605564,393.9339956405263,24.436,hmm-015,paper-repeated,13,0.01,0.35,0.6201416479530143,0.056074766355140186,0.6045949214026602,0.6120228018656072,0.6224222585924714,4971,8389,0.5925616879246632,1.556834583869204,
brass_track223250,test__brass_track223250__4_tuba,brass,tuba,holdout,155.36356862605564,393.9339956405263,24.436,hmm-016,paper-repeated,13,0.01,0.5,0.682674036966661,0.06853582554517133,0.6693729486958024,0.6728277768181034,0.6831423895253682,5474,8389,0.6525211586601501,1.4981737919151783,
brass_track223250,test__brass_track223250__4_tuba,brass,tuba,holdout,155.36356862605564,393.9339956405263,24.436,hmm-017,paper-repeated,13,0.01,0.65,0.7602349283123164,0.08722741433021806,0.7436517533252721,0.747279322853688,0.7525368248772504,6104,8389,0.7276195017284539,1.4680661659222096,
brass_track223250,test__brass_track223250__4_tuba,brass,tuba,holdout,155.36356862605564,393.9339956405263,24.436,hmm-018,paper-repeated,25,0.005012562893380035,0.35,0.6154776299879081,0.056074766355140186,0.5987217135947487,0.6099499049922267,0.6168576104746317,4934,8389,0.5881511503158898,1.494089291896671,
brass_track223250,test__brass_track223250__4_tuba,brass,tuba,holdout,155.36356862605564,393.9339956405263,24.436,hmm-019,paper-repeated,25,0.005012562893380035,0.5,0.6818103299360857,0.06853582554517133,0.6595266885472447,0.6709276213508378,0.6738134206219313,5465,8389,0.6514483251877459,1.5007494168821722,
brass_track223250,test__brass_track223250__4_tuba,brass,tuba,holdout,155.36356862605564,393.9339956405263,24.436,hmm-020,paper-repeated,25,0.005012562893380035,0.65,0.7550526861288651,0.08722741433021806,0.7305234064605286,0.7422698220763517,0.7400981996726678,6063,8389,0.7227321492430564,1.4185564999934286,
brass_track223250,test__brass_track223250__4_tuba,brass,tuba,holdout,155.36356862605564,393.9339956405263,24.436,hmm-021,paper-repeated,25,0.01,0.35,0.6154776299879081,0.056074766355140186,0.5987217135947487,0.6099499049922267,0.6168576104746317,4934,8389,0.5881511503158898,1.517773208906874,
brass_track223250,test__brass_track223250__4_tuba,brass,tuba,holdout,155.36356862605564,393.9339956405263,24.436,hmm-022,paper-repeated,25,0.01,0.5,0.6804283986871653,0.06853582554517133,0.6591812057350147,0.6705821385386077,0.6734860883797054,5454,8389,0.6501370842770294,1.727786917006597,
brass_track223250,test__brass_track223250__4_tuba,brass,tuba,holdout,155.36356862605564,393.9339956405263,24.436,hmm-023,paper-repeated,25,0.01,0.65,0.7550526861288651,0.08722741433021806,0.7305234064605286,0.7422698220763517,0.7400981996726678,6063,8389,0.7227321492430564,1.606928041903302,
random_track235489,test__random_track235489__4_bassoon,random,bassoon,holdout,146.23227818022127,351.5490103486368,18.604,hmm-000,attune-uniform,13,0.005012562893380035,0.35,0.9889629799954013,0.18151815181518152,0.9696481949873534,0.9696481949873534,0.9598022355975925,6003,6380,0.9409090909090909,1.0892483331263065,
random_track235489,test__random_track235489__4_bassoon,random,bassoon,holdout,146.23227818022127,351.5490103486368,18.604,hmm-001,attune-uniform,13,0.005012562893380035,0.5,0.990802483329501,0.18151815181518152,0.9705679466544033,0.9705679466544033,0.9606620808254515,6011,6380,0.9421630094043887,1.0746446249540895,
random_track235489,test__random_track235489__4_bassoon,random,bassoon,holdout,146.23227818022127,351.5490103486368,18.604,hmm-002,attune-uniform,13,0.005012562893380035,0.65,0.991262359163026,0.18151815181518152,0.9705679466544033,0.9705679466544033,0.9606620808254515,6013,6380,0.9424764890282131,0.9814473749138415,
random_track235489,test__random_track235489__4_bassoon,random,bassoon,holdout,146.23227818022127,351.5490103486368,18.604,hmm-003,attune-uniform,13,0.01,0.35,0.9889629799954013,0.18151815181518152,0.9696481949873534,0.9696481949873534,0.9598022355975925,6003,6380,0.9409090909090909,1.0010499169584364,
random_track235489,test__random_track235489__4_bassoon,random,bassoon,holdout,146.23227818022127,351.5490103486368,18.604,hmm-004,attune-uniform,13,0.01,0.5,0.990802483329501,0.18151815181518152,0.9705679466544033,0.9705679466544033,0.9606620808254515,6011,6380,0.9421630094043887,1.0994279999285936,
random_track235489,test__random_track235489__4_bassoon,random,bassoon,holdout,146.23227818022127,351.5490103486368,18.604,hmm-005,attune-uniform,13,0.01,0.65,0.991262359163026,0.18151815181518152,0.9705679466544033,0.9705679466544033,0.9606620808254515,6013,6380,0.9424764890282131,1.5807253341190517,
random_track235489,test__random_track235489__4_bassoon,random,bassoon,holdout,146.23227818022127,351.5490103486368,18.604,hmm-006,attune-uniform,25,0.005012562893380035,0.35,0.9910324212462636,0.18151815181518152,0.9705679466544033,0.9705679466544033,0.9606620808254515,6014,6380,0.9426332288401253,1.009326667059213,
random_track235489,test__random_track235489__4_bassoon,random,bassoon,holdout,146.23227818022127,351.5490103486368,18.604,hmm-007,attune-uniform,25,0.005012562893380035,0.5,0.9917222349965509,0.18151815181518152,0.9707978845711658,0.9707978845711658,0.9608770421324162,6017,6380,0.9431034482758621,0.996927458094433,
random_track235489,test__random_track235489__4_bassoon,random,bassoon,holdout,146.23227818022127,351.5490103486368,18.604,hmm-008,attune-uniform,25,0.005012562893380035,0.65,0.9928719245803633,0.18151815181518152,0.9717176362382157,0.9717176362382157,0.9617368873602752,6025,6380,0.9443573667711599,0.970568582881242,
random_track235489,test__random_track235489__4_bassoon,random,bassoon,holdout,146.23227818022127,351.5490103486368,18.604,hmm-009,attune-uniform,25,0.01,0.35,0.9910324212462636,0.18151815181518152,0.9705679466544033,0.9705679466544033,0.9606620808254515,6014,6380,0.9426332288401253,1.010371542070061,
random_track235489,test__random_track235489__4_bassoon,random,bassoon,holdout,146.23227818022127,351.5490103486368,18.604,hmm-010,attune-uniform,25,0.01,0.5,0.9917222349965509,0.18151815181518152,0.9707978845711658,0.9707978845711658,0.9608770421324162,6017,6380,0.9431034482758621,1.0437340000644326,
random_track235489,test__random_track235489__4_bassoon,random,bassoon,holdout,146.23227818022127,351.5490103486368,18.604,hmm-011,attune-uniform,25,0.01,0.65,0.9928719245803633,0.18151815181518152,0.9717176362382157,0.9717176362382157,0.9617368873602752,6025,6380,0.9443573667711599,1.0879186249803752,
random_track235489,test__random_track235489__4_bassoon,random,bassoon,holdout,146.23227818022127,351.5490103486368,18.604,hmm-012,paper-repeated,13,0.005012562893380035,0.35,0.6157737410899057,0.033003300330033,0.6097953552540814,0.6097953552540814,0.633061049011178,3708,6380,0.5811912225705329,0.9891771671827883,
random_track235489,test__random_track235489__4_bassoon,random,bassoon,holdout,146.23227818022127,351.5490103486368,18.604,hmm-013,paper-repeated,13,0.005012562893380035,0.5,0.6796964819498735,0.0462046204620462,0.6707289031961371,0.6707289031961371,0.6891659501289767,4093,6380,0.6415360501567398,1.0221528329420835,
random_track235489,test__random_track235489__4_bassoon,random,bassoon,holdout,146.23227818022127,351.5490103486368,18.604,hmm-014,paper-repeated,13,0.005012562893380035,0.65,0.7659232007358013,0.10231023102310231,0.7532766153138652,0.7532766153138652,0.7626827171109201,4635,6380,0.7264890282131662,0.9733170000836253,
random_track235489,test__random_track235489__4_bassoon,random,bassoon,holdout,146.23227818022127,351.5490103486368,18.604,hmm-015,paper-repeated,13,0.01,0.35,0.6157737410899057,0.033003300330033,0.6097953552540814,0.6097953552540814,0.633061049011178,3708,6380,0.5811912225705329,0.9870532911736518,
random_track235489,test__random_track235489__4_bassoon,random,bassoon,holdout,146.23227818022127,351.5490103486368,18.604,hmm-016,paper-repeated,13,0.01,0.5,0.6796964819498735,0.0462046204620462,0.6707289031961371,0.6707289031961371,0.6891659501289767,4093,6380,0.6415360501567398,0.9643388330005109,
random_track235489,test__random_track235489__4_bassoon,random,bassoon,holdout,146.23227818022127,351.5490103486368,18.604,hmm-017,paper-repeated,13,0.01,0.65,0.7659232007358013,0.10231023102310231,0.7532766153138652,0.7532766153138652,0.7626827171109201,4635,6380,0.7264890282131662,0.9672866249457002,
random_track235489,test__random_track235489__4_bassoon,random,bassoon,holdout,146.23227818022127,351.5490103486368,18.604,hmm-018,paper-repeated,25,0.005012562893380035,0.35,0.6130144860887561,0.033003300330033,0.6072660381696942,0.6072660381696942,0.6306964746345658,3690,6380,0.5783699059561128,1.0048085418529809,
random_track235489,test__random_track235489__4_bassoon,random,bassoon,holdout,146.23227818022127,351.5490103486368,18.604,hmm-019,paper-repeated,25,0.005012562893380035,0.5,0.6909634398712348,0.039603960396039604,0.6826856748677858,0.6826856748677858,0.7007738607050731,4160,6380,0.6520376175548589,1.0120005831122398,
random_track235489,test__random_track235489__4_bassoon,random,bassoon,holdout,146.23227818022127,351.5490103486368,18.604,hmm-020,paper-repeated,25,0.005012562893380035,0.65,0.7636238215681765,0.09900990099009901,0.751207174063003,0.751207174063003,0.7609630266552021,4618,6380,0.7238244514106583,1.22302187490277,
random_track235489,test__random_track235489__4_bassoon,random,bassoon,holdout,146.23227818022127,351.5490103486368,18.604,hmm-021,paper-repeated,25,0.01,0.35,0.609565417337319,0.0165016501650165,0.604736721085307,0.604736721085307,0.6294067067927773,3663,6380,0.5741379310344827,1.0280152501072735,
random_track235489,test__random_track235489__4_bassoon,random,bassoon,holdout,146.23227818022127,351.5490103486368,18.604,hmm-022,paper-repeated,25,0.01,0.5,0.6909634398712348,0.039603960396039604,0.6826856748677858,0.6826856748677858,0.7007738607050731,4160,6380,0.6520376175548589,1.0980584998615086,
random_track235489,test__random_track235489__4_bassoon,random,bassoon,holdout,146.23227818022127,351.5490103486368,18.604,hmm-023,paper-repeated,25,0.01,0.65,0.7737410899057254,0.09900990099009901,0.7610945044837893,0.7610945044837893,0.7702063628546861,4678,6380,0.7332288401253918,1.0663579578977078,
random_track234827,test__random_track234827__4_cello,random,cello,holdout,103.70099958095412,393.80317647052834,15.68,hmm-000,attune-uniform,13,0.005012562893380035,0.35,0.9683597002497918,0.17295597484276728,0.9369969469886206,0.9369969469886206,0.928079571537873,4884,5372,0.9091586001489204,2.6886861668899655,
random_track234827,test__random_track234827__4_cello,random,cello,holdout,103.70099958095412,393.80317647052834,15.68,hmm-001,attune-uniform,13,0.005012562893380035,0.5,0.9739106300305301,0.18867924528301888,0.9394948653899529,0.9394948653899529,0.9290997194593216,4918,5372,0.9154877140729709,1.9761483331676573,
random_track234827,test__random_track234827__4_cello,random,cello,holdout,103.70099958095412,393.80317647052834,15.68,hmm-002,attune-uniform,13,0.005012562893380035,0.65,0.9766860949208993,0.1918238993710692,0.9417152373022482,0.9417152373022482,0.9308849783218567,4930,5372,0.9177215189873418,1.9726786660030484,
random_track234827,test__random_track234827__4_cello,random,cello,holdout,103.70099958095412,393.80317647052834,15.68,hmm-003,attune-uniform,13,0.01,0.35,0.9683597002497918,0.17295597484276728,0.9369969469886206,0.9369969469886206,0.928079571537873,4884,5372,0.9091586001489204,2.06079666595906,
random_track234827,test__random_track234827__4_cello,random,cello,holdout,103.70099958095412,393.80317647052834,15.68,hmm-004,attune-uniform,13,0.01,0.5,0.9739106300305301,0.18867924528301888,0.9394948653899529,0.9394948653899529,0.9290997194593216,4918,5372,0.9154877140729709,1.9325417089276016,
random_track234827,test__random_track234827__4_cello,random,cello,holdout,103.70099958095412,393.80317647052834,15.68,hmm-005,attune-uniform,13,0.01,0.65,0.9766860949208993,0.1918238993710692,0.9417152373022482,0.9417152373022482,0.9308849783218567,4930,5372,0.9177215189873418,1.9547304171137512,
random_track234827,test__random_track234827__4_cello,random,cello,holdout,103.70099958095412,393.80317647052834,15.68,hmm-006,attune-uniform,25,0.005012562893380035,0.35,0.9680821537607549,0.16666666666666666,0.922564529558701,0.9397724118789897,0.9153277225197654,4881,5372,0.9086001489203276,1.9045712498482317,
random_track234827,test__random_track234827__4_cello,random,cello,holdout,103.70099958095412,393.80317647052834,15.68,hmm-007,attune-uniform,25,0.005012562893380035,0.5,0.977796280877047,0.18553459119496854,0.92894809880655,0.9458784346378019,0.9196633511859219,4939,5372,0.9193968726731199,1.9285610001534224,
random_track234827,test__random_track234827__4_cello,random,cello,holdout,103.70099958095412,393.80317647052834,15.68,hmm-008,attune-uniform,25,0.005012562893380035,0.65,0.9814043852345268,0.18867924528301888,0.9317235636969192,0.9486538995281709,0.9219586840091814,4955,5372,0.9223752792256142,2.1741105830296874,
random_track234827,test__random_track234827__4_cello,random,cello,holdout,103.70099958095412,393.80317647052834,15.68,hmm-009,attune-uniform,25,0.01,0.35,0.9680821537607549,0.16666666666666666,0.922564529558701,0.9397724118789897,0.9153277225197654,4881,5372,0.9086001489203276,2.042393042007461,
random_track234827,test__random_track234827__4_cello,random,cello,holdout,103.70099958095412,393.80317647052834,15.68,hmm-010,attune-uniform,25,0.01,0.5,0.977796280877047,0.18553459119496854,0.92894809880655,0.9458784346378019,0.9196633511859219,4939,5372,0.9193968726731199,2.540284833870828,
random_track234827,test__random_track234827__4_cello,random,cello,holdout,103.70099958095412,393.80317647052834,15.68,hmm-011,attune-uniform,25,0.01,0.65,0.9814043852345268,0.18867924528301888,0.9317235636969192,0.9486538995281709,0.9219586840091814,4955,5372,0.9223752792256142,2.0269046670291573,
random_track234827,test__random_track234827__4_cello,random,cello,holdout,103.70099958095412,393.80317647052834,15.68,hmm-012,paper-repeated,13,0.005012562893380035,0.35,0.8340271995559256,0.025157232704402517,0.8270885373300028,0.8270885373300028,0.8390716653914818,4154,5372,0.7732688011913627,2.0975923750083894,
random_track234827,test__random_track234827__4_cello,random,cello,holdout,103.70099958095412,393.80317647052834,15.68,hmm-013,paper-repeated,13,0.005012562893380035,0.5,0.8653899528170969,0.025157232704402517,0.8573411046350263,0.8573411046350263,0.8668706962509564,4307,5372,0.8017498138495904,1.9802783750928938,
random_track234827,test__random_track234827__4_cello,random,cello,holdout,103.70099958095412,393.80317647052834,15.68,hmm-014,paper-repeated,13,0.005012562893380035,0.65,0.8892589508742714,0.02830188679245283,0.877879544823758,0.877879544823758,0.8854883958173935,4427,5372,0.8240878629932986,1.991473374888301,
random_track234827,test__random_track234827__4_cello,random,cello,holdout,103.70099958095412,393.80317647052834,15.68,hmm-015,paper-repeated,13,0.01,0.35,0.8340271995559256,0.025157232704402517,0.8270885373300028,0.8270885373300028,0.8390716653914818,4154,5372,0.7732688011913627,1.9915849999524653,
random_track234827,test__random_track234827__4_cello,random,cello,holdout,103.70099958095412,393.80317647052834,15.68,hmm-016,paper-repeated,13,0.01,0.5,0.8653899528170969,0.025157232704402517,0.8573411046350263,0.8573411046350263,0.8668706962509564,4307,5372,0.8017498138495904,1.9591693338006735,
random_track234827,test__random_track234827__4_cello,random,cello,holdout,103.70099958095412,393.80317647052834,15.68,hmm-017,paper-repeated,13,0.01,0.65,0.8892589508742714,0.02830188679245283,0.877879544823758,0.877879544823758,0.8854883958173935,4427,5372,0.8240878629932986,1.9397832499817014,
random_track234827,test__random_track234827__4_cello,random,cello,holdout,103.70099958095412,393.80317647052834,15.68,hmm-018,paper-repeated,25,0.005012562893380035,0.35,0.8279211767971135,0.025157232704402517,0.8129336663891201,0.8212600610602276,0.826064779393012,4125,5372,0.7678704393149665,1.9548373331781477,
random_track234827,test__random_track234827__4_cello,random,cello,holdout,103.70099958095412,393.80317647052834,15.68,hmm-019,paper-repeated,25,0.005012562893380035,0.5,0.861781848459617,0.025157232704402517,0.8454066056064391,0.8540105467665834,0.8559041060953838,4287,5372,0.7980268056589724,2.019539666827768,
random_track234827,test__random_track234827__4_cello,random,cello,holdout,103.70099958095412,393.80317647052834,15.68,hmm-020,paper-repeated,25,0.005012562893380035,0.65,0.8884263114071607,0.025157232704402517,0.8601165695253955,0.8776019983347211,0.8694210660545779,4422,5372,0.823157110945644,1.997061416041106,
random_track234827,test__random_track234827__4_cello,random,cello,holdout,103.70099958095412,393.80317647052834,15.68,hmm-021,paper-repeated,25,0.01,0.35,0.8279211767971135,0.025157232704402517,0.8129336663891201,0.8212600610602276,0.826064779393012,4125,5372,0.7678704393149665,1.9444740829057992,
random_track234827,test__random_track234827__4_cello,random,cello,holdout,103.70099958095412,393.80317647052834,15.68,hmm-022,paper-repeated,25,0.01,0.5,0.861781848459617,0.025157232704402517,0.8454066056064391,0.8540105467665834,0.8559041060953838,4287,5372,0.7980268056589724,1.9758652499876916,
random_track234827,test__random_track234827__4_cello,random,cello,holdout,103.70099958095412,393.80317647052834,15.68,hmm-023,paper-repeated,25,0.01,0.65,0.8884263114071607,0.025157232704402517,0.8601165695253955,0.8776019983347211,0.8694210660545779,4422,5372,0.823157110945644,1.9869247500319034,
random_track234304,test__random_track234304__3_clarinet,random,clarinet,holdout,246.85265178598476,524.7100730708462,15.336,hmm-000,attune-uniform,13,0.005012562893380035,0.35,0.9954954954954955,0.1872791519434629,0.9603040540540541,0.9603040540540541,0.9494132985658409,4946,5254,0.9413779977160259,0.7780049999710172,
random_track234304,test__random_track234304__3_clarinet,random,clarinet,holdout,246.85265178598476,524.7100730708462,15.336,hmm-001,attune-uniform,13,0.005012562893380035,0.5,0.9954954954954955,0.1978798586572438,0.9603040540540541,0.9603040540540541,0.9486310299869621,4950,5254,0.9421393224210126,1.0384431248530746,
random_track234304,test__random_track234304__3_clarinet,random,clarinet,holdout,246.85265178598476,524.7100730708462,15.336,hmm-002,attune-uniform,13,0.005012562893380035,0.65,0.995777027027027,0.21554770318021202,0.9605855855855856,0.9605855855855856,0.9475880052151239,4957,5254,0.9434716406547392,0.6186392500530928,
random_track234304,test__random_track234304__3_clarinet,random,clarinet,holdout,246.85265178598476,524.7100730708462,15.336,hmm-003,attune-uniform,13,0.01,0.35,0.9954954954954955,0.1872791519434629,0.9603040540540541,0.9603040540540541,0.9494132985658409,4946,5254,0.9413779977160259,0.6182418339885771,
random_track234304,test__random_track234304__3_clarinet,random,clarinet,holdout,246.85265178598476,524.7100730708462,15.336,hmm-004,attune-uniform,13,0.01,0.5,0.9954954954954955,0.1978798586572438,0.9603040540540541,0.9603040540540541,0.9486310299869621,4950,5254,0.9421393224210126,0.6190515828784555,
random_track234304,test__random_track234304__3_clarinet,random,clarinet,holdout,246.85265178598476,524.7100730708462,15.336,hmm-005,attune-uniform,13,0.01,0.65,0.995777027027027,0.21554770318021202,0.9605855855855856,0.9605855855855856,0.9475880052151239,4957,5254,0.9434716406547392,0.6094152501318604,
random_track234304,test__random_track234304__3_clarinet,random,clarinet,holdout,246.85265178598476,524.7100730708462,15.336,hmm-006,attune-uniform,25,0.005012562893380035,0.35,0.995777027027027,0.1872791519434629,0.9605855855855856,0.9605855855855856,0.9496740547588005,4947,5254,0.9415683288922726,0.6050244169309735,
random_track234304,test__random_track234304__3_clarinet,random,clarinet,holdout,246.85265178598476,524.7100730708462,15.336,hmm-007,attune-uniform,25,0.005012562893380035,0.5,0.9960585585585585,0.1978798586572438,0.9608671171171171,0.9608671171171171,0.9491525423728814,4952,5254,0.9425199847735058,0.5883882499765605,
random_track234304,test__random_track234304__3_clarinet,random,clarinet,holdout,246.85265178598476,524.7100730708462,15.336,hmm-008,attune-uniform,25,0.005012562893380035,0.65,0.9960585585585585,0.21554770318021202,0.9608671171171171,0.9608671171171171,0.9478487614080835,4958,5254,0.9436619718309859,0.6257323750760406,
random_track234304,test__random_track234304__3_clarinet,random,clarinet,holdout,246.85265178598476,524.7100730708462,15.336,hmm-009,attune-uniform,25,0.01,0.35,0.995777027027027,0.1872791519434629,0.9605855855855856,0.9605855855855856,0.9496740547588005,4947,5254,0.9415683288922726,0.623203624971211,
random_track234304,test__random_track234304__3_clarinet,random,clarinet,holdout,246.85265178598476,524.7100730708462,15.336,hmm-010,attune-uniform,25,0.01,0.5,0.9960585585585585,0.1978798586572438,0.9608671171171171,0.9608671171171171,0.9491525423728814,4952,5254,0.9425199847735058,0.6624024170450866,
random_track234304,test__random_track234304__3_clarinet,random,clarinet,holdout,246.85265178598476,524.7100730708462,15.336,hmm-011,attune-uniform,25,0.01,0.65,0.9960585585585585,0.21554770318021202,0.9608671171171171,0.9608671171171171,0.9478487614080835,4958,5254,0.9436619718309859,0.6090432091150433,
random_track234304,test__random_track234304__3_clarinet,random,clarinet,holdout,246.85265178598476,524.7100730708462,15.336,hmm-012,paper-repeated,13,0.005012562893380035,0.35,0.9850788288288288,0.13074204946996468,0.954954954954955,0.954954954954955,0.9486310299869621,4873,5254,0.927483821850019,0.6444052911829203,
random_track234304,test__random_track234304__3_clarinet,random,clarinet,holdout,246.85265178598476,524.7100730708462,15.336,hmm-013,paper-repeated,13,0.005012562893380035,0.5,0.9918355855855856,0.13074204946996468,0.9580518018018018,0.9580518018018018,0.9514993481095176,4906,5254,0.9337647506661592,0.6103294580243528,
random_track234304,test__random_track234304__3_clarinet,random,clarinet,holdout,246.85265178598476,524.7100730708462,15.336,hmm-014,paper-repeated,13,0.005012562893380035,0.65,0.9929617117117117,0.13780918727915195,0.9591779279279279,0.9591779279279279,0.9520208604954368,4914,5254,0.9352874000761324,0.6147622498683631,
random_track234304,test__random_track234304__3_clarinet,random,clarinet,holdout,246.85265178598476,524.7100730708462,15.336,hmm-015,paper-repeated,13,0.01,0.35,0.9850788288288288,0.13074204946996468,0.954954954954955,0.954954954954955,0.9486310299869621,4873,5254,0.927483821850019,0.6039387909695506,
random_track234304,test__random_track234304__3_clarinet,random,clarinet,holdout,246.85265178598476,524.7100730708462,15.336,hmm-016,paper-repeated,13,0.01,0.5,0.9901463963963963,0.13074204946996468,0.9574887387387387,0.9574887387387387,0.9509778357235984,4897,5254,0.9320517700799391,0.6136659579351544,
random_track234304,test__random_track234304__3_clarinet,random,clarinet,holdout,246.85265178598476,524.7100730708462,15.336,hmm-017,paper-repeated,13,0.01,0.65,0.9929617117117117,0.13780918727915195,0.9591779279279279,0.9591779279279279,0.9520208604954368,4914,5254,0.9352874000761324,0.5814156660344452,
random_track234304,test__random_track234304__3_clarinet,random,clarinet,holdout,246.85265178598476,524.7100730708462,15.336,hmm-018,paper-repeated,25,0.005012562893380035,0.35,0.981418918918919,0.13074204946996468,0.9529842342342343,0.9529842342342343,0.9468057366362451,4856,5254,0.9242481918538257,0.6570061659440398,
random_track234304,test__random_track234304__3_clarinet,random,clarinet,holdout,246.85265178598476,524.7100730708462,15.336,hmm-019,paper-repeated,25,0.005012562893380035,0.5,0.9918355855855856,0.13074204946996468,0.9580518018018018,0.9580518018018018,0.9514993481095176,4906,5254,0.9337647506661592,0.6023152088746428,
random_track234304,test__random_track234304__3_clarinet,random,clarinet,holdout,246.85265178598476,524.7100730708462,15.336,hmm-020,paper-repeated,25,0.005012562893380035,0.65,0.9921171171171171,0.13780918727915195,0.9583333333333334,0.9583333333333334,0.951238591916558,4911,5254,0.9347164065473924,0.6108669589739293,
random_track234304,test__random_track234304__3_clarinet,random,clarinet,holdout,246.85265178598476,524.7100730708462,15.336,hmm-021,paper-repeated,25,0.01,0.35,0.981418918918919,0.13074204946996468,0.9529842342342343,0.9529842342342343,0.9468057366362451,4856,5254,0.9242481918538257,0.5903962089214474,
random_track234304,test__random_track234304__3_clarinet,random,clarinet,holdout,246.85265178598476,524.7100730708462,15.336,hmm-022,paper-repeated,25,0.01,0.5,0.9881756756756757,0.13074204946996468,0.9569256756756757,0.9569256756756757,0.9504563233376793,4887,5254,0.9301484583174724,0.6043931250460446,
random_track234304,test__random_track234304__3_clarinet,random,clarinet,holdout,246.85265178598476,524.7100730708462,15.336,hmm-023,paper-repeated,25,0.01,0.65,0.9921171171171171,0.13780918727915195,0.9583333333333334,0.9583333333333334,0.951238591916558,4911,5254,0.9347164065473924,0.5991324170026928,
random_track235414,test__random_track235414__4_double bass,random,double bass,holdout,104.13169261436295,350.40838193991254,18.616,hmm-000,attune-uniform,13,0.005012562893380035,0.35,0.9434497816593886,0.2,0.8720524017467249,0.8781659388646288,0.870891514500537,5977,6384,0.9362468671679198,1.8880110830068588,
random_track235414,test__random_track235414__4_double bass,random,double bass,holdout,104.13169261436295,350.40838193991254,18.616,hmm-001,attune-uniform,13,0.005012562893380035,0.5,0.9506550218340611,0.22666666666666666,0.8775109170305677,0.883406113537118,0.8758324382384532,6023,6384,0.9434523809523809,1.9645354580134153,
random_track235414,test__random_track235414__4_double bass,random,double bass,holdout,104.13169261436295,350.40838193991254,18.616,hmm-002,attune-uniform,13,0.005012562893380035,0.65,0.9537117903930131,0.22666666666666666,0.880349344978166,0.8860262008733625,0.878625134264232,6045,6384,0.9468984962406015,1.9635202498175204,
random_track235414,test__random_track235414__4_double bass,random,double bass,holdout,104.13169261436295,350.40838193991254,18.616,hmm-003,attune-uniform,13,0.01,0.35,0.9434497816593886,0.2,0.8720524017467249,0.8781659388646288,0.870891514500537,5977,6384,0.9362468671679198,1.8890555831603706,
random_track235414,test__random_track235414__4_double bass,random,double bass,holdout,104.13169261436295,350.40838193991254,18.616,hmm-004,attune-uniform,13,0.01,0.5,0.9506550218340611,0.22666666666666666,0.8775109170305677,0.883406113537118,0.8758324382384532,6023,6384,0.9434523809523809,1.8680937089957297,
random_track235414,test__random_track235414__4_double bass,random,double bass,holdout,104.13169261436295,350.40838193991254,18.616,hmm-005,attune-uniform,13,0.01,0.65,0.9537117903930131,0.22666666666666666,0.880349344978166,0.8860262008733625,0.878625134264232,6045,6384,0.9468984962406015,1.850074167130515,
random_track235414,test__random_track235414__4_double bass,random,double bass,holdout,104.13169261436295,350.40838193991254,18.616,hmm-006,attune-uniform,25,0.005012562893380035,0.35,0.9441048034934498,0.2,0.8718340611353712,0.8790393013100437,0.8706766917293233,5982,6384,0.9370300751879699,1.8650284160394222,
random_track235414,test__random_track235414__4_double bass,random,double bass,holdout,104.13169261436295,350.40838193991254,18.616,hmm-007,attune-uniform,25,0.005012562893380035,0.5,0.9508733624454149,0.22666666666666666,0.8775109170305677,0.8847161572052402,0.8758324382384532,6027,6384,0.944078947368421,2.1304842920508236,
random_track235414,test__random_track235414__4_double bass,random,double bass,holdout,104.13169261436295,350.40838193991254,18.616,hmm-008,attune-uniform,25,0.005012562893380035,0.65,0.9528384279475982,0.22666666666666666,0.8790393013100437,0.8862445414847162,0.8773361976369495,6037,6384,0.9456453634085213,1.98628745903261,
random_track235414,test__random_track235414__4_double bass,random,double bass,holdout,104.13169261436295,350.40838193991254,18.616,hmm-009,attune-uniform,25,0.01,0.35,0.9441048034934498,0.2,0.8718340611353712,0.8790393013100437,0.8706766917293233,5982,6384,0.9370300751879699,2.398618167033419,
random_track235414,test__random_track235414__4_double bass,random,double bass,holdout,104.13169261436295,350.40838193991254,18.616,hmm-010,attune-uniform,25,0.01,0.5,0.9508733624454149,0.22666666666666666,0.8775109170305677,0.8847161572052402,0.8758324382384532,6027,6384,0.944078947368421,1.925949500175193,
random_track235414,test__random_track235414__4_double bass,random,double bass,holdout,104.13169261436295,350.40838193991254,18.616,hmm-011,attune-uniform,25,0.01,0.65,0.9528384279475982,0.22666666666666666,0.8790393013100437,0.8862445414847162,0.8773361976369495,6037,6384,0.9456453634085213,1.8968165828846395,
random_track235414,test__random_track235414__4_double bass,random,double bass,holdout,104.13169261436295,350.40838193991254,18.616,hmm-012,paper-repeated,13,0.005012562893380035,0.35,0.5163755458515283,0.0,0.5089519650655022,0.5100436681222708,0.5168635875402793,3261,6384,0.5108082706766918,1.8755472910124809,
random_track235414,test__random_track235414__4_double bass,random,double bass,holdout,104.13169261436295,350.40838193991254,18.616,hmm-013,paper-repeated,13,0.005012562893380035,0.5,0.674235807860262,0.0,0.6524017467248908,0.6543668122270743,0.6580021482277122,4254,6384,0.6663533834586466,1.9346426660194993,
random_track235414,test__random_track235414__4_double bass,random,double bass,holdout,104.13169261436295,350.40838193991254,18.616,hmm-014,paper-repeated,13,0.005012562893380035,0.65,0.7587336244541485,0.0,0.7246724890829694,0.7268558951965065,0.7291084854994629,4785,6384,0.7495300751879699,1.8515342918690294,
random_track235414,test__random_track235414__4_double bass,random,double bass,holdout,104.13169261436295,350.40838193991254,18.616,hmm-015,paper-repeated,13,0.01,0.35,0.5163755458515283,0.0,0.5089519650655022,0.5100436681222708,0.5168635875402793,3261,6384,0.5108082706766918,1.9193940840195864,
random_track235414,test__random_track235414__4_double bass,random,double bass,holdout,104.13169261436295,350.40838193991254,18.616,hmm-016,paper-repeated,13,0.01,0.5,0.6818777292576419,0.0,0.6600436681222708,0.6620087336244541,0.6655209452201933,4301,6384,0.6737155388471178,1.8807657919824123,
random_track235414,test__random_track235414__4_double bass,random,double bass,holdout,104.13169261436295,350.40838193991254,18.616,hmm-017,paper-repeated,13,0.01,0.65,0.7587336244541485,0.0,0.7246724890829694,0.7268558951965065,0.7291084854994629,4785,6384,0.7495300751879699,1.8392116660252213,
random_track235414,test__random_track235414__4_double bass,random,double bass,holdout,104.13169261436295,350.40838193991254,18.616,hmm-018,paper-repeated,25,0.005012562893380035,0.35,0.518995633187773,0.0,0.5050218340611353,0.5056768558951965,0.5129967776584318,3274,6384,0.5128446115288221,1.9492346250917763,
random_track235414,test__random_track235414__4_double bass,random,double bass,holdout,104.13169261436295,350.40838193991254,18.616,hmm-019,paper-repeated,25,0.005012562893380035,0.5,0.6679039301310044,0.0,0.646943231441048,0.6502183406113538,0.6526315789473685,4212,6384,0.6597744360902256,1.937144041992724,
random_track235414,test__random_track235414__4_double bass,random,double bass,holdout,104.13169261436295,350.40838193991254,18.616,hmm-020,paper-repeated,25,0.005012562893380035,0.65,0.7615720524017467,0.0,0.7268558951965065,0.730349344978166,0.7312567132116005,4805,6384,0.7526629072681704,1.873004209017381,
random_track235414,test__random_track235414__4_double bass,random,double bass,holdout,104.13169261436295,350.40838193991254,18.616,hmm-021,paper-repeated,25,0.01,0.35,0.518995633187773,0.0,0.5050218340611353,0.5056768558951965,0.5129967776584318,3274,6384,0.5128446115288221,1.9140342499595135,
random_track235414,test__random_track235414__4_double bass,random,double bass,holdout,104.13169261436295,350.40838193991254,18.616,hmm-022,paper-repeated,25,0.01,0.5,0.6679039301310044,0.0,0.646943231441048,0.6502183406113538,0.6526315789473685,4212,6384,0.6597744360902256,1.9261294999159873,
random_track235414,test__random_track235414__4_double bass,random,double bass,holdout,104.13169261436295,350.40838193991254,18.616,hmm-023,paper-repeated,25,0.01,0.65,0.7572052401746725,0.0,0.7237991266375546,0.727292576419214,0.728249194414608,4777,6384,0.7482769423558897,1.9430538748856634,
random_track235646,test__random_track235646__1_flute,random,flute,holdout,464.49623425267686,884.8092781024551,20.02,hmm-000,attune-uniform,13,0.005012562893380035,0.35,0.8879711986446421,0.1056338028169014,0.8708174502329521,0.8708174502329521,0.8721534159009189,5819,6867,0.8473860492209117,0.5876087909564376,
random_track235646,test__random_track235646__1_flute,random,flute,holdout,464.49623425267686,884.8092781024551,20.02,hmm-001,attune-uniform,13,0.005012562893380035,0.5,0.8879711986446421,0.1056338028169014,0.8708174502329521,0.8708174502329521,0.8721534159009189,5819,6867,0.8473860492209117,0.625891667092219,
random_track235646,test__random_track235646__1_flute,random,flute,holdout,464.49623425267686,884.8092781024551,20.02,hmm-002,attune-uniform,13,0.005012562893380035,0.65,0.8879711986446421,0.1056338028169014,0.8708174502329521,0.8708174502329521,0.8721534159009189,5819,6867,0.8473860492209117,0.5809687080327421,
random_track235646,test__random_track235646__1_flute,random,flute,holdout,464.49623425267686,884.8092781024551,20.02,hmm-003,attune-uniform,13,0.01,0.35,0.8879711986446421,0.1056338028169014,0.8708174502329521,0.8708174502329521,0.8721534159009189,5819,6867,0.8473860492209117,0.5695057089906186,
random_track235646,test__random_track235646__1_flute,random,flute,holdout,464.49623425267686,884.8092781024551,20.02,hmm-004,attune-uniform,13,0.01,0.5,0.8879711986446421,0.1056338028169014,0.8708174502329521,0.8708174502329521,0.8721534159009189,5819,6867,0.8473860492209117,0.5643767497967929,
random_track235646,test__random_track235646__1_flute,random,flute,holdout,464.49623425267686,884.8092781024551,20.02,hmm-005,attune-uniform,13,0.01,0.65,0.8886065226598899,0.1056338028169014,0.8714527742481999,0.8714527742481999,0.8727526967638833,5823,6867,0.8479685452162516,0.5757635829504579,
random_track235646,test__random_track235646__1_flute,random,flute,holdout,464.49623425267686,884.8092781024551,20.02,hmm-006,attune-uniform,25,0.005012562893380035,0.35,0.8879711986446421,0.1056338028169014,0.8708174502329521,0.8708174502329521,0.8721534159009189,5820,6867,0.8475316732197467,0.5738932080566883,
random_track235646,test__random_track235646__1_flute,random,flute,holdout,464.49623425267686,884.8092781024551,20.02,hmm-007,attune-uniform,25,0.005012562893380035,0.5,0.8886065226598899,0.1056338028169014,0.8714527742481999,0.8714527742481999,0.8727526967638833,5824,6867,0.8481141692150866,0.5537036249879748,
random_track235646,test__random_track235646__1_flute,random,flute,holdout,464.49623425267686,884.8092781024551,20.02,hmm-008,attune-uniform,25,0.005012562893380035,0.65,0.8886065226598899,0.1056338028169014,0.8714527742481999,0.8714527742481999,0.8727526967638833,5824,6867,0.8481141692150866,0.5661092500668019,
random_track235646,test__random_track235646__1_flute,random,flute,holdout,464.49623425267686,884.8092781024551,20.02,hmm-009,attune-uniform,25,0.01,0.35,0.8886065226598899,0.1056338028169014,0.8714527742481999,0.8714527742481999,0.8727526967638833,5824,6867,0.8481141692150866,0.5936155831441283,
random_track235646,test__random_track235646__1_flute,random,flute,holdout,464.49623425267686,884.8092781024551,20.02,hmm-010,attune-uniform,25,0.01,0.5,0.8886065226598899,0.1056338028169014,0.8714527742481999,0.8714527742481999,0.8727526967638833,5824,6867,0.8481141692150866,0.5774387079291046,
random_track235646,test__random_track235646__1_flute,random,flute,holdout,464.49623425267686,884.8092781024551,20.02,hmm-011,attune-uniform,25,0.01,0.65,0.8886065226598899,0.1056338028169014,0.8714527742481999,0.8714527742481999,0.8727526967638833,5824,6867,0.8481141692150866,0.5692595420405269,
random_track235646,test__random_track235646__1_flute,random,flute,holdout,464.49623425267686,884.8092781024551,20.02,hmm-012,paper-repeated,13,0.005012562893380035,0.35,0.8858534519271495,0.1056338028169014,0.8691232528589581,0.8691232528589581,0.8705553335996804,5805,6867,0.8453473132372215,0.5727700418792665,
random_track235646,test__random_track235646__1_flute,random,flute,holdout,464.49623425267686,884.8092781024551,20.02,hmm-013,paper-repeated,13,0.005012562893380035,0.5,0.8875476493011436,0.1056338028169014,0.8708174502329521,0.8708174502329521,0.8721534159009189,5817,6867,0.8470948012232415,0.5709645841270685,
random_track235646,test__random_track235646__1_flute,random,flute,holdout,464.49623425267686,884.8092781024551,20.02,hmm-014,paper-repeated,13,0.005012562893380035,0.65,0.8879711986446421,0.1056338028169014,0.8712409995764506,0.8712409995764506,0.8725529364762286,5819,6867,0.8473860492209117,0.5772112500853837,
random_track235646,test__random_track235646__1_flute,random,flute,holdout,464.49623425267686,884.8092781024551,20.02,hmm-015,paper-repeated,13,0.01,0.35,0.8858534519271495,0.1056338028169014,0.8691232528589581,0.8691232528589581,0.8705553335996804,5805,6867,0.8453473132372215,0.5947293750941753,
random_track235646,test__random_track235646__1_flute,random,flute,holdout,464.49623425267686,884.8092781024551,20.02,hmm-016,paper-repeated,13,0.01,0.5,0.8875476493011436,0.1056338028169014,0.8708174502329521,0.8708174502329521,0.8721534159009189,5817,6867,0.8470948012232415,0.606084540951997,
random_track235646,test__random_track235646__1_flute,random,flute,holdout,464.49623425267686,884.8092781024551,20.02,hmm-017,paper-repeated,13,0.01,0.65,0.8879711986446421,0.1056338028169014,0.8712409995764506,0.8712409995764506,0.8725529364762286,5819,6867,0.8473860492209117,0.6130379580426961,
random_track235646,test__random_track235646__1_flute,random,flute,holdout,464.49623425267686,884.8092781024551,20.02,hmm-018,paper-repeated,25,0.005012562893380035,0.35,0.8852181279119017,0.1056338028169014,0.8684879288437103,0.8684879288437103,0.869956052736716,5801,6867,0.8447648172418815,0.7592632910236716,
random_track235646,test__random_track235646__1_flute,random,flute,holdout,464.49623425267686,884.8092781024551,20.02,hmm-019,paper-repeated,25,0.005012562893380035,0.5,0.8873358746293943,0.1056338028169014,0.8706056755612028,0.8706056755612028,0.8719536556132641,5815,6867,0.8468035532255715,0.6104105419944972,
random_track235646,test__random_track235646__1_flute,random,flute,holdout,464.49623425267686,884.8092781024551,20.02,hmm-020,paper-repeated,25,0.005012562893380035,0.65,0.8875476493011436,0.1056338028169014,0.8708174502329521,0.8708174502329521,0.8721534159009189,5817,6867,0.8470948012232415,0.6073367090430111,
random_track235646,test__random_track235646__1_flute,random,flute,holdout,464.49623425267686,884.8092781024551,20.02,hmm-021,paper-repeated,25,0.01,0.35,0.8852181279119017,0.1056338028169014,0.8684879288437103,0.8684879288437103,0.869956052736716,5801,6867,0.8447648172418815,0.590780499856919,
random_track235646,test__random_track235646__1_flute,random,flute,holdout,464.49623425267686,884.8092781024551,20.02,hmm-022,paper-repeated,25,0.01,0.5,0.8873358746293943,0.1056338028169014,0.8706056755612028,0.8706056755612028,0.8719536556132641,5815,6867,0.8468035532255715,0.6946608747821301,
random_track235646,test__random_track235646__1_flute,random,flute,holdout,464.49623425267686,884.8092781024551,20.02,hmm-023,paper-repeated,25,0.01,0.65,0.8875476493011436,0.1056338028169014,0.8708174502329521,0.8708174502329521,0.8721534159009189,5817,6867,0.8470948012232415,0.6030715829692781,
random_track235414,test__random_track235414__2_horn,random,horn,holdout,310.72789851810575,625.8808371739506,18.616,hmm-000,attune-uniform,13,0.005012562893380035,0.35,0.9961151736745887,0.11827956989247312,0.9748628884826326,0.975091407678245,0.9692803437164339,6053,6384,0.9481516290726817,0.6346711250953376,
random_track235414,test__random_track235414__2_horn,random,horn,holdout,310.72789851810575,625.8808371739506,18.616,hmm-001,attune-uniform,13,0.005012562893380035,0.5,0.9961151736745887,0.11827956989247312,0.9748628884826326,0.975091407678245,0.9692803437164339,6053,6384,0.9481516290726817,0.6237388330046088,
random_track235414,test__random_track235414__2_horn,random,horn,holdout,310.72789851810575,625.8808371739506,18.616,hmm-002,attune-uniform,13,0.005012562893380035,0.65,0.9963436928702011,0.11827956989247312,0.975091407678245,0.9753199268738574,0.9694951664876477,6054,6384,0.9483082706766918,0.6423564997967333,
random_track235414,test__random_track235414__2_horn,random,horn,holdout,310.72789851810575,625.8808371739506,18.616,hmm-003,attune-uniform,13,0.01,0.35,0.9961151736745887,0.11827956989247312,0.9748628884826326,0.975091407678245,0.9692803437164339,6053,6384,0.9481516290726817,0.6281320839188993,
random_track235414,test__random_track235414__2_horn,random,horn,holdout,310.72789851810575,625.8808371739506,18.616,hmm-004,attune-uniform,13,0.01,0.5,0.9961151736745887,0.11827956989247312,0.9748628884826326,0.975091407678245,0.9692803437164339,6053,6384,0.9481516290726817,0.6171616669744253,
random_track235414,test__random_track235414__2_horn,random,horn,holdout,310.72789851810575,625.8808371739506,18.616,hmm-005,attune-uniform,13,0.01,0.65,0.9963436928702011,0.11827956989247312,0.975091407678245,0.9753199268738574,0.9694951664876477,6054,6384,0.9483082706766918,0.612476458074525,
random_track235414,test__random_track235414__2_horn,random,horn,holdout,310.72789851810575,625.8808371739506,18.616,hmm-006,attune-uniform,25,0.005012562893380035,0.35,0.9963436928702011,0.11827956989247312,0.975091407678245,0.9753199268738574,0.9694951664876477,6054,6384,0.9483082706766918,0.604726874968037,
random_track235414,test__random_track235414__2_horn,random,horn,holdout,310.72789851810575,625.8808371739506,18.616,hmm-007,attune-uniform,25,0.005012562893380035,0.5,0.9963436928702011,0.11827956989247312,0.975091407678245,0.9753199268738574,0.9694951664876477,6055,6384,0.9484649122807017,0.624563000164926,
random_track235414,test__random_track235414__2_horn,random,horn,holdout,310.72789851810575,625.8808371739506,18.616,hmm-008,attune-uniform,25,0.005012562893380035,0.65,0.9963436928702011,0.11827956989247312,0.975091407678245,0.9753199268738574,0.9694951664876477,6055,6384,0.9484649122807017,0.6098575419746339,
random_track235414,test__random_track235414__2_horn,random,horn,holdout,310.72789851810575,625.8808371739506,18.616,hmm-009,attune-uniform,25,0.01,0.35,0.9963436928702011,0.11827956989247312,0.975091407678245,0.9753199268738574,0.9694951664876477,6054,6384,0.9483082706766918,0.6661334580276161,
random_track235414,test__random_track235414__2_horn,random,horn,holdout,310.72789851810575,625.8808371739506,18.616,hmm-010,attune-uniform,25,0.01,0.5,0.9963436928702011,0.11827956989247312,0.975091407678245,0.9753199268738574,0.9694951664876477,6055,6384,0.9484649122807017,0.6496565830893815,
random_track235414,test__random_track235414__2_horn,random,horn,holdout,310.72789851810575,625.8808371739506,18.616,hmm-011,attune-uniform,25,0.01,0.65,0.9963436928702011,0.11827956989247312,0.975091407678245,0.9753199268738574,0.9694951664876477,6055,6384,0.9484649122807017,0.8594462499022484,
random_track235414,test__random_track235414__2_horn,random,horn,holdout,310.72789851810575,625.8808371739506,18.616,hmm-012,paper-repeated,13,0.005012562893380035,0.35,0.9926873857404022,0.11827956989247312,0.9728062157221207,0.9730347349177331,0.9673469387755103,6033,6384,0.9450187969924813,0.6591032908763736,
random_track235414,test__random_track235414__2_horn,random,horn,holdout,310.72789851810575,625.8808371739506,18.616,hmm-013,paper-repeated,13,0.005012562893380035,0.5,0.9933729433272395,0.11827956989247312,0.973491773308958,0.9737202925045704,0.9679914070891514,6036,6384,0.9454887218045113,0.651653208071366,
random_track235414,test__random_track235414__2_horn,random,horn,holdout,310.72789851810575,625.8808371739506,18.616,hmm-014,paper-repeated,13,0.005012562893380035,0.65,0.9938299817184644,0.11827956989247312,0.9739488117001828,0.9741773308957953,0.968421052631579,6040,6384,0.9461152882205514,0.7475688748527318,
random_track235414,test__random_track235414__2_horn,random,horn,holdout,310.72789851810575,625.8808371739506,18.616,hmm-015,paper-repeated,13,0.01,0.35,0.9926873857404022,0.11827956989247312,0.9728062157221207,0.9730347349177331,0.9673469387755103,6033,6384,0.9450187969924813,0.6334377499297261,
random_track235414,test__random_track235414__2_horn,random,horn,holdout,310.72789851810575,625.8808371739506,18.616,hmm-016,paper-repeated,13,0.01,0.5,0.9933729433272395,0.11827956989247312,0.973491773308958,0.9737202925045704,0.9679914070891514,6036,6384,0.9454887218045113,0.6613028328865767,
random_track235414,test__random_track235414__2_horn,random,horn,holdout,310.72789851810575,625.8808371739506,18.616,hmm-017,paper-repeated,13,0.01,0.65,0.9938299817184644,0.11827956989247312,0.9739488117001828,0.9741773308957953,0.968421052631579,6040,6384,0.9461152882205514,0.7605324580799788,
random_track235414,test__random_track235414__2_horn,random,horn,holdout,310.72789851810575,625.8808371739506,18.616,hmm-018,paper-repeated,25,0.005012562893380035,0.35,0.9917733089579525,0.11827956989247312,0.971892138939671,0.9721206581352834,0.9664876476906552,6026,6384,0.943922305764411,0.9642084168735892,
random_track235414,test__random_track235414__2_horn,random,horn,holdout,310.72789851810575,625.8808371739506,18.616,hmm-019,paper-repeated,25,0.005012562893380035,0.5,0.9931444241316271,0.11827956989247312,0.9732632541133455,0.973491773308958,0.9677765843179377,6035,6384,0.9453320802005013,0.689930624794215,
random_track235414,test__random_track235414__2_horn,random,horn,holdout,310.72789851810575,625.8808371739506,18.616,hmm-020,paper-repeated,25,0.005012562893380035,0.65,0.9938299817184644,0.11827956989247312,0.9739488117001828,0.9741773308957953,0.968421052631579,6040,6384,0.9461152882205514,0.6370212079491466,
random_track235414,test__random_track235414__2_horn,random,horn,holdout,310.72789851810575,625.8808371739506,18.616,hmm-021,paper-repeated,25,0.01,0.35,0.9917733089579525,0.11827956989247312,0.971892138939671,0.9721206581352834,0.9664876476906552,6026,6384,0.943922305764411,0.6656704170163721,
random_track235414,test__random_track235414__2_horn,random,horn,holdout,310.72789851810575,625.8808371739506,18.616,hmm-022,paper-repeated,25,0.01,0.5,0.9931444241316271,0.11827956989247312,0.9732632541133455,0.973491773308958,0.9677765843179377,6035,6384,0.9453320802005013,0.6911293331068009,
random_track235414,test__random_track235414__2_horn,random,horn,holdout,310.72789851810575,625.8808371739506,18.616,hmm-023,paper-repeated,25,0.01,0.65,0.9938299817184644,0.11827956989247312,0.9739488117001828,0.9741773308957953,0.968421052631579,6040,6384,0.9461152882205514,0.6698045001830906,
random_track235299,test__random_track235299__2_oboe,random,oboe,holdout,369.8345478725782,628.7473609399333,17.028,hmm-000,attune-uniform,13,0.005012562893380035,0.35,0.9969879518072289,0.3759124087591241,0.9871987951807228,0.9871987951807228,0.9638327853452325,5617,5837,0.9623094055165324,0.33253029198385775,
random_track235299,test__random_track235299__2_oboe,random,oboe,holdout,369.8345478725782,628.7473609399333,17.028,hmm-001,attune-uniform,13,0.005012562893380035,0.5,0.9969879518072289,0.38686131386861317,0.9871987951807228,0.9871987951807228,0.9631282292155942,5622,5837,0.9631660099366113,0.352320458041504,
random_track235299,test__random_track235299__2_oboe,random,oboe,holdout,369.8345478725782,628.7473609399333,17.028,hmm-002,attune-uniform,13,0.005012562893380035,0.65,0.9969879518072289,0.5364963503649635,0.9871987951807228,0.9871987951807228,0.9534992954438704,5678,5837,0.972759979441494,0.3636172921396792,
random_track235299,test__random_track235299__2_oboe,random,oboe,holdout,369.8345478725782,628.7473609399333,17.028,hmm-003,attune-uniform,13,0.01,0.35,0.9969879518072289,0.3759124087591241,0.9871987951807228,0.9871987951807228,0.9638327853452325,5617,5837,0.9623094055165324,0.35660658311098814,
random_track235299,test__random_track235299__2_oboe,random,oboe,holdout,369.8345478725782,628.7473609399333,17.028,hmm-004,attune-uniform,13,0.01,0.5,0.9969879518072289,0.38686131386861317,0.9871987951807228,0.9871987951807228,0.9631282292155942,5622,5837,0.9631660099366113,0.5232995001133531,
random_track235299,test__random_track235299__2_oboe,random,oboe,holdout,369.8345478725782,628.7473609399333,17.028,hmm-005,attune-uniform,13,0.01,0.65,0.9969879518072289,0.5364963503649635,0.9871987951807228,0.9871987951807228,0.9534992954438704,5678,5837,0.972759979441494,0.36517170909792185,
random_track235299,test__random_track235299__2_oboe,random,oboe,holdout,369.8345478725782,628.7473609399333,17.028,hmm-006,attune-uniform,25,0.005012562893380035,0.35,0.9969879518072289,0.3759124087591241,0.9871987951807228,0.9871987951807228,0.9638327853452325,5616,5837,0.9621380846325167,0.3376500830054283,
random_track235299,test__random_track235299__2_oboe,random,oboe,holdout,369.8345478725782,628.7473609399333,17.028,hmm-007,attune-uniform,25,0.005012562893380035,0.5,0.9969879518072289,0.38686131386861317,0.9871987951807228,0.9871987951807228,0.9631282292155942,5622,5837,0.9631660099366113,0.3461202080361545,
random_track235299,test__random_track235299__2_oboe,random,oboe,holdout,369.8345478725782,628.7473609399333,17.028,hmm-008,attune-uniform,25,0.005012562893380035,0.65,0.9969879518072289,0.5364963503649635,0.9871987951807228,0.9871987951807228,0.9534992954438704,5678,5837,0.972759979441494,0.33763645798899233,
random_track235299,test__random_track235299__2_oboe,random,oboe,holdout,369.8345478725782,628.7473609399333,17.028,hmm-009,attune-uniform,25,0.01,0.35,0.9969879518072289,0.3759124087591241,0.9871987951807228,0.9871987951807228,0.9638327853452325,5616,5837,0.9621380846325167,0.3253787918947637,
random_track235299,test__random_track235299__2_oboe,random,oboe,holdout,369.8345478725782,628.7473609399333,17.028,hmm-010,attune-uniform,25,0.01,0.5,0.9969879518072289,0.38686131386861317,0.9871987951807228,0.9871987951807228,0.9631282292155942,5622,5837,0.9631660099366113,0.4166285831015557,
random_track235299,test__random_track235299__2_oboe,random,oboe,holdout,369.8345478725782,628.7473609399333,17.028,hmm-011,attune-uniform,25,0.01,0.65,0.9969879518072289,0.5364963503649635,0.9871987951807228,0.9871987951807228,0.9534992954438704,5678,5837,0.972759979441494,0.32578195817768574,
random_track235299,test__random_track235299__2_oboe,random,oboe,holdout,369.8345478725782,628.7473609399333,17.028,hmm-012,paper-repeated,13,0.005012562893380035,0.35,0.9244477911646586,0.0072992700729927005,0.9216867469879518,0.9216867469879518,0.9262564584311883,5078,5837,0.869967449032037,0.35900991619564593,
random_track235299,test__random_track235299__2_oboe,random,oboe,holdout,369.8345478725782,628.7473609399333,17.028,hmm-013,paper-repeated,13,0.005012562893380035,0.5,0.947289156626506,0.025547445255474453,0.9422690763052208,0.9422690763052208,0.9443400657585721,5211,5837,0.8927531266061333,0.3505107080563903,
random_track235299,test__random_track235299__2_oboe,random,oboe,holdout,369.8345478725782,628.7473609399333,17.028,hmm-014,paper-repeated,13,0.005012562893380035,0.65,0.9884538152610441,0.051094890510948905,0.9829317269076305,0.9829317269076305,0.9807421324565524,5447,5837,0.933184855233853,0.3562680829782039,
random_track235299,test__random_track235299__2_oboe,random,oboe,holdout,369.8345478725782,628.7473609399333,17.028,hmm-015,paper-repeated,13,0.01,0.35,0.9166666666666666,0.0072992700729927005,0.9139056224899599,0.9139056224899599,0.9189760450915923,5035,5837,0.8626006510193592,0.3868722920306027,
random_track235299,test__random_track235299__2_oboe,random,oboe,holdout,369.8345478725782,628.7473609399333,17.028,hmm-016,paper-repeated,13,0.01,0.5,0.9457831325301205,0.025547445255474453,0.9415160642570282,0.9415160642570282,0.9436355096289337,5203,5837,0.8913825595340072,0.4970835840795189,
random_track235299,test__random_track235299__2_oboe,random,oboe,holdout,369.8345478725782,628.7473609399333,17.028,hmm-017,paper-repeated,13,0.01,0.65,0.9799196787148594,0.051094890510948905,0.9743975903614458,0.9743975903614458,0.972757162987318,5401,5837,0.925304094569128,0.5324507500045002,
random_track235299,test__random_track235299__2_oboe,random,oboe,holdout,369.8345478725782,628.7473609399333,17.028,hmm-018,paper-repeated,25,0.005012562893380035,0.35,0.9093875502008032,0.0072992700729927005,0.9068775100401606,0.9068775100401606,0.9124001878816346,5000,5837,0.8566044200788077,0.45850670896470547,
random_track235299,test__random_track235299__2_oboe,random,oboe,holdout,369.8345478725782,628.7473609399333,17.028,hmm-019,paper-repeated,25,0.005012562893380035,0.5,0.9457831325301205,0.021897810218978103,0.9407630522088354,0.9407630522088354,0.9431658055425082,5201,5837,0.8910399177659757,0.401203874964267,
random_track235299,test__random_track235299__2_oboe,random,oboe,holdout,369.8345478725782,628.7473609399333,17.028,hmm-020,paper-repeated,25,0.005012562893380035,0.65,0.9764056224899599,0.043795620437956206,0.9713855421686747,0.9713855421686747,0.9704086425551902,5378,5837,0.9213637142367654,0.3537802919745445,
random_track235299,test__random_track235299__2_oboe,random,oboe,holdout,369.8345478725782,628.7473609399333,17.028,hmm-021,paper-repeated,25,0.01,0.35,0.9003514056224899,0.0072992700729927005,0.8978413654618473,0.8978413654618473,0.9039455143259746,4950,5837,0.8480383758780196,0.33385245804674923,
random_track235299,test__random_track235299__2_oboe,random,oboe,holdout,369.8345478725782,628.7473609399333,17.028,hmm-022,paper-repeated,25,0.01,0.5,0.9422690763052208,0.021897810218978103,0.9390060240963856,0.9390060240963856,0.9415218412400188,5182,5837,0.8877848209696763,0.39190525002777576,
random_track235299,test__random_track235299__2_oboe,random,oboe,holdout,369.8345478725782,628.7473609399333,17.028,hmm-023,paper-repeated,25,0.01,0.65,0.9764056224899599,0.043795620437956206,0.9713855421686747,0.9713855421686747,0.9704086425551902,5378,5837,0.9213637142367654,0.3703300419729203,
random_track235753,test__random_track235753__3_saxophone,random,saxophone,holdout,247.11522167143363,502.6494100846453,17.848,hmm-000,attune-uniform,13,0.005012562893380035,0.35,0.9859053989488772,0.1263537906137184,0.9622551361681796,0.962494027711419,0.9567555455971319,5735,6119,0.937244647818271,0.7902555831242353,
random_track235753,test__random_track235753__3_saxophone,random,saxophone,holdout,247.11522167143363,502.6494100846453,17.848,hmm-001,attune-uniform,13,0.005012562893380035,0.5,0.9861442904921166,0.1263537906137184,0.9622551361681796,0.962494027711419,0.9567555455971319,5737,6119,0.9375714986108842,0.6769485000986606,
random_track235753,test__random_track235753__3_saxophone,random,saxophone,holdout,247.11522167143363,502.6494100846453,17.848,hmm-002,attune-uniform,13,0.005012562893380035,0.65,0.9863831820353559,0.1263537906137184,0.9622551361681796,0.962494027711419,0.9567555455971319,5738,6119,0.9377349240071907,0.6518301249016076,
random_track235753,test__random_track235753__3_saxophone,random,saxophone,holdout,247.11522167143363,502.6494100846453,17.848,hmm-003,attune-uniform,13,0.01,0.35,0.9859053989488772,0.1263537906137184,0.9622551361681796,0.962494027711419,0.9567555455971319,5735,6119,0.937244647818271,0.640542333945632,
random_track235753,test__random_track235753__3_saxophone,random,saxophone,holdout,247.11522167143363,502.6494100846453,17.848,hmm-004,attune-uniform,13,0.01,0.5,0.9861442904921166,0.1263537906137184,0.9622551361681796,0.962494027711419,0.9567555455971319,5737,6119,0.9375714986108842,0.7100698330905288,
random_track235753,test__random_track235753__3_saxophone,random,saxophone,holdout,247.11522167143363,502.6494100846453,17.848,hmm-005,attune-uniform,13,0.01,0.65,0.9863831820353559,0.1263537906137184,0.9622551361681796,0.962494027711419,0.9567555455971319,5738,6119,0.9377349240071907,0.6337815830484033,
random_track235753,test__random_track235753__3_saxophone,random,saxophone,holdout,247.11522167143363,502.6494100846453,17.848,hmm-006,attune-uniform,25,0.005012562893380035,0.35,0.9868609651218346,0.1263537906137184,0.962494027711419,0.9627329192546584,0.9569796101277168,5741,6119,0.9382252001961104,0.6095738750882447,
random_track235753,test__random_track235753__3_saxophone,random,saxophone,holdout,247.11522167143363,502.6494100846453,17.848,hmm-007,attune-uniform,25,0.005012562893380035,0.5,0.9868609651218346,0.1263537906137184,0.962494027711419,0.9627329192546584,0.9569796101277168,5741,6119,0.9382252001961104,0.8916220420505852,
random_track235753,test__random_track235753__3_saxophone,random,saxophone,holdout,247.11522167143363,502.6494100846453,17.848,hmm-008,attune-uniform,25,0.005012562893380035,0.65,0.9868609651218346,0.1263537906137184,0.962494027711419,0.9627329192546584,0.9569796101277168,5741,6119,0.9382252001961104,0.877732832916081,
random_track235753,test__random_track235753__3_saxophone,random,saxophone,holdout,247.11522167143363,502.6494100846453,17.848,hmm-009,attune-uniform,25,0.01,0.35,0.9868609651218346,0.1263537906137184,0.962494027711419,0.9627329192546584,0.9569796101277168,5741,6119,0.9382252001961104,0.66154516604729,
random_track235753,test__random_track235753__3_saxophone,random,saxophone,holdout,247.11522167143363,502.6494100846453,17.848,hmm-010,attune-uniform,25,0.01,0.5,0.9868609651218346,0.1263537906137184,0.962494027711419,0.9627329192546584,0.9569796101277168,5741,6119,0.9382252001961104,0.6036637502256781,
random_track235753,test__random_track235753__3_saxophone,random,saxophone,holdout,247.11522167143363,502.6494100846453,17.848,hmm-011,attune-uniform,25,0.01,0.65,0.9868609651218346,0.1263537906137184,0.962494027711419,0.9627329192546584,0.9569796101277168,5741,6119,0.9382252001961104,0.6844684169627726,
random_track235753,test__random_track235753__3_saxophone,random,saxophone,holdout,247.11522167143363,502.6494100846453,17.848,hmm-012,paper-repeated,13,0.005012562893380035,0.35,0.9823220258002867,0.11191335740072202,0.9603440038222647,0.960582895365504,0.9558592874747928,5708,6119,0.9328321621179931,0.698512792121619,
random_track235753,test__random_track235753__3_saxophone,random,saxophone,holdout,247.11522167143363,502.6494100846453,17.848,hmm-013,paper-repeated,13,0.005012562893380035,0.5,0.9827998088867654,0.11913357400722022,0.960582895365504,0.9608217869087434,0.9556352229442079,5715,6119,0.9339761398921392,0.6492989589460194,
random_track235753,test__random_track235753__3_saxophone,random,saxophone,holdout,247.11522167143363,502.6494100846453,17.848,hmm-014,paper-repeated,13,0.005012562893380035,0.65,0.9835164835164835,0.12274368231046931,0.9608217869087434,0.9610606784519828,0.9556352229442079,5720,6119,0.9347932668736721,0.6509461249224842,
random_track235753,test__random_track235753__3_saxophone,random,saxophone,holdout,247.11522167143363,502.6494100846453,17.848,hmm-015,paper-repeated,13,0.01,0.35,0.9823220258002867,0.11191335740072202,0.9603440038222647,0.960582895365504,0.9558592874747928,5708,6119,0.9328321621179931,0.6879478751216084,
random_track235753,test__random_track235753__3_saxophone,random,saxophone,holdout,247.11522167143363,502.6494100846453,17.848,hmm-016,paper-repeated,13,0.01,0.5,0.9827998088867654,0.11913357400722022,0.960582895365504,0.9608217869087434,0.9556352229442079,5715,6119,0.9339761398921392,0.6096298748161644,
random_track235753,test__random_track235753__3_saxophone,random,saxophone,holdout,247.11522167143363,502.6494100846453,17.848,hmm-017,paper-repeated,13,0.01,0.65,0.9835164835164835,0.12274368231046931,0.9608217869087434,0.9610606784519828,0.9556352229442079,5720,6119,0.9347932668736721,0.622238916810602,
random_track235753,test__random_track235753__3_saxophone,random,saxophone,holdout,247.11522167143363,502.6494100846453,17.848,hmm-018,paper-repeated,25,0.005012562893380035,0.35,0.9820831342570473,0.11191335740072202,0.9601051122790253,0.9603440038222647,0.9556352229442079,5706,6119,0.93250531132538,0.6496059999335557,
random_track235753,test__random_track235753__3_saxophone,random,saxophone,holdout,247.11522167143363,502.6494100846453,17.848,hmm-019,paper-repeated,25,0.005012562893380035,0.5,0.982560917343526,0.11913357400722022,0.9603440038222647,0.960582895365504,0.9554111584136231,5712,6119,0.9334858637032195,0.689943791134283,
random_track235753,test__random_track235753__3_saxophone,random,saxophone,holdout,247.11522167143363,502.6494100846453,17.848,hmm-020,paper-repeated,25,0.005012562893380035,0.65,0.9830387004300047,0.12274368231046931,0.960582895365504,0.9608217869087434,0.9554111584136231,5718,6119,0.934466416081059,0.6137120828498155,
random_track235753,test__random_track235753__3_saxophone,random,saxophone,holdout,247.11522167143363,502.6494100846453,17.848,hmm-021,paper-repeated,25,0.01,0.35,0.9820831342570473,0.11191335740072202,0.9601051122790253,0.9603440038222647,0.9556352229442079,5706,6119,0.93250531132538,0.6299268330913037,
random_track235753,test__random_track235753__3_saxophone,random,saxophone,holdout,247.11522167143363,502.6494100846453,17.848,hmm-022,paper-repeated,25,0.01,0.5,0.982560917343526,0.11913357400722022,0.9603440038222647,0.960582895365504,0.9554111584136231,5712,6119,0.9334858637032195,0.6243461659178138,
random_track235753,test__random_track235753__3_saxophone,random,saxophone,holdout,247.11522167143363,502.6494100846453,17.848,hmm-023,paper-repeated,25,0.01,0.65,0.9830387004300047,0.12274368231046931,0.960582895365504,0.9608217869087434,0.9554111584136231,5718,6119,0.934466416081059,0.6799649170134217,
random_track234385,test__random_track234385__3_trombone,random,trombone,holdout,219.769254627919,497.30004860135784,28.464,hmm-000,attune-uniform,13,0.005012562893380035,0.35,0.9935112815218994,0.12202380952380952,0.9758147765816251,0.9758147765816251,0.9711957285373051,9344,9777,0.9557123862125396,1.4144115410745144,
random_track234385,test__random_track234385__3_trombone,random,trombone,holdout,219.769254627919,497.30004860135784,28.464,hmm-001,attune-uniform,13,0.005012562893380035,0.5,0.9942486358944108,0.13095238095238096,0.9765521309541365,0.9765521309541365,0.9714767458198679,9353,9777,0.956632913981794,1.865147499833256,
random_track234385,test__random_track234385__3_trombone,random,trombone,holdout,219.769254627919,497.30004860135784,28.464,hmm-002,attune-uniform,13,0.005012562893380035,0.65,0.9951334611414245,0.13690476190476192,0.9772894853266479,0.9772894853266479,0.9718982717437122,9365,9777,0.9578602843407998,1.3505212501622736,
random_track234385,test__random_track234385__3_trombone,random,trombone,holdout,219.769254627919,497.30004860135784,28.464,hmm-003,attune-uniform,13,0.01,0.35,0.9935112815218994,0.12202380952380952,0.9758147765816251,0.9758147765816251,0.9711957285373051,9344,9777,0.9557123862125396,1.3650722499005497,
random_track234385,test__random_track234385__3_trombone,random,trombone,holdout,219.769254627919,497.30004860135784,28.464,hmm-004,attune-uniform,13,0.01,0.5,0.9942486358944108,0.13095238095238096,0.9765521309541365,0.9765521309541365,0.9714767458198679,9353,9777,0.956632913981794,1.3774667088873684,
random_track234385,test__random_track234385__3_trombone,random,trombone,holdout,219.769254627919,497.30004860135784,28.464,hmm-005,attune-uniform,13,0.01,0.65,0.9951334611414245,0.13690476190476192,0.9772894853266479,0.9772894853266479,0.9718982717437122,9365,9777,0.9578602843407998,1.3180157500319183,
random_track234385,test__random_track234385__3_trombone,random,trombone,holdout,219.769254627919,497.30004860135784,28.464,hmm-006,attune-uniform,25,0.005012562893380035,0.35,0.992773927149388,0.12797619047619047,0.975224893083616,0.975224893083616,0.9703526766896164,9336,9777,0.9548941393065358,1.2695327079854906,
random_track234385,test__random_track234385__3_trombone,random,trombone,holdout,219.769254627919,497.30004860135784,28.464,hmm-007,attune-uniform,25,0.005012562893380035,0.5,0.9935112815218994,0.12797619047619047,0.9758147765816251,0.9758147765816251,0.9709147112547422,9342,9777,0.9555078244860387,1.3794962919782847,
random_track234385,test__random_track234385__3_trombone,random,trombone,holdout,219.769254627919,497.30004860135784,28.464,hmm-008,attune-uniform,25,0.005012562893380035,0.65,0.9939536941454062,0.12797619047619047,0.9761097183306296,0.9761097183306296,0.9711957285373051,9350,9777,0.9563260713920425,1.3299255829770118,
random_track234385,test__random_track234385__3_trombone,random,trombone,holdout,219.769254627919,497.30004860135784,28.464,hmm-009,attune-uniform,25,0.01,0.35,0.992773927149388,0.12797619047619047,0.975224893083616,0.975224893083616,0.9703526766896164,9336,9777,0.9548941393065358,1.30672683310695,
random_track234385,test__random_track234385__3_trombone,random,trombone,holdout,219.769254627919,497.30004860135784,28.464,hmm-010,attune-uniform,25,0.01,0.5,0.9935112815218994,0.12797619047619047,0.9758147765816251,0.9758147765816251,0.9709147112547422,9342,9777,0.9555078244860387,1.2869833330623806,
random_track234385,test__random_track234385__3_trombone,random,trombone,holdout,219.769254627919,497.30004860135784,28.464,hmm-011,attune-uniform,25,0.01,0.65,0.9939536941454062,0.12797619047619047,0.9761097183306296,0.9761097183306296,0.9711957285373051,9350,9777,0.9563260713920425,1.297832417069003,
random_track234385,test__random_track234385__3_trombone,random,trombone,holdout,219.769254627919,497.30004860135784,28.464,hmm-012,paper-repeated,13,0.005012562893380035,0.35,0.9426338298186108,0.005952380952380952,0.9371774074620263,0.9371774074620263,0.9398623015315442,8810,9777,0.9010944052367802,1.2995138331316411,
random_track234385,test__random_track234385__3_trombone,random,trombone,holdout,219.769254627919,497.30004860135784,28.464,hmm-013,paper-repeated,13,0.005012562893380035,0.5,0.9554637959003097,0.020833333333333332,0.9477953104261908,0.9477953104261908,0.9492763804974006,8942,9777,0.9145954791858443,1.3598178748507053,
random_track234385,test__random_track234385__3_trombone,random,trombone,holdout,219.769254627919,497.30004860135784,28.464,hmm-014,paper-repeated,13,0.005012562893380035,0.65,0.9653443444919628,0.03571428571428571,0.9553163250258074,0.9553163250258074,0.9557397779963468,9038,9777,0.9244144420578909,1.348886082880199,
random_track234385,test__random_track234385__3_trombone,random,trombone,holdout,219.769254627919,497.30004860135784,28.464,hmm-015,paper-repeated,13,0.01,0.35,0.9426338298186108,0.005952380952380952,0.9371774074620263,0.9371774074620263,0.9398623015315442,8810,9777,0.9010944052367802,1.372874499997124,
random_track234385,test__random_track234385__3_trombone,random,trombone,holdout,219.769254627919,497.30004860135784,28.464,hmm-016,paper-repeated,13,0.01,0.5,0.9554637959003097,0.020833333333333332,0.9477953104261908,0.9477953104261908,0.9492763804974006,8942,9777,0.9145954791858443,1.3621096659917384,
random_track234385,test__random_track234385__3_trombone,random,trombone,holdout,219.769254627919,497.30004860135784,28.464,hmm-017,paper-repeated,13,0.01,0.65,0.9653443444919628,0.03571428571428571,0.9553163250258074,0.9553163250258074,0.9557397779963468,9038,9777,0.9244144420578909,1.330551041988656,
random_track234385,test__random_track234385__3_trombone,random,trombone,holdout,219.769254627919,497.30004860135784,28.464,hmm-018,paper-repeated,25,0.005012562893380035,0.35,0.9345229317209851,0.005952380952380952,0.9300988054859165,0.9300988054859165,0.9331178867500352,8733,9777,0.8932187787664928,1.3601077089551836,
random_track234385,test__random_track234385__3_trombone,random,trombone,holdout,219.769254627919,497.30004860135784,28.464,hmm-019,paper-repeated,25,0.005012562893380035,0.5,0.9520719657867571,0.020833333333333332,0.9449933638106474,0.9449933638106474,0.9466067163130533,8908,9777,0.9111179298353278,1.3281941669993103,
random_track234385,test__random_track234385__3_trombone,random,trombone,holdout,219.769254627919,497.30004860135784,28.464,hmm-020,paper-repeated,25,0.005012562893380035,0.65,0.9625423978764194,0.03273809523809524,0.9532517327827754,0.9532517327827754,0.9539131656596881,9014,9777,0.9219597013398793,1.3607496251352131,
random_track234385,test__random_track234385__3_trombone,random,trombone,holdout,219.769254627919,497.30004860135784,28.464,hmm-021,paper-repeated,25,0.01,0.35,0.9345229317209851,0.005952380952380952,0.9300988054859165,0.9300988054859165,0.9331178867500352,8733,9777,0.8932187787664928,1.3690627499017864,
random_track234385,test__random_track234385__3_trombone,random,trombone,holdout,219.769254627919,497.30004860135784,28.464,hmm-022,paper-repeated,25,0.01,0.5,0.9520719657867571,0.020833333333333332,0.9449933638106474,0.9449933638106474,0.9466067163130533,8908,9777,0.9111179298353278,1.318458333145827,
random_track234385,test__random_track234385__3_trombone,random,trombone,holdout,219.769254627919,497.30004860135784,28.464,hmm-023,paper-repeated,25,0.01,0.65,0.9625423978764194,0.03273809523809524,0.9532517327827754,0.9532517327827754,0.9539131656596881,9014,9777,0.9219597013398793,1.3692785000894219,
random_track234538,test__random_track234538__1_trumpet,random,trumpet,holdout,494.05804160813756,998.1313584220796,22.848,hmm-000,attune-uniform,13,0.005012562893380035,0.35,0.9964918759231906,0.13468013468013468,0.9843057607090103,0.9843057607090103,0.978120077017329,7492,7842,0.9553685284366233,0.7876080831047148,
random_track234538,test__random_track234538__1_trumpet,random,trumpet,holdout,494.05804160813756,998.1313584220796,22.848,hmm-001,attune-uniform,13,0.005012562893380035,0.5,0.9964918759231906,0.13468013468013468,0.9843057607090103,0.9843057607090103,0.978120077017329,7492,7842,0.9553685284366233,1.1478720419108868,
random_track234538,test__random_track234538__1_trumpet,random,trumpet,holdout,494.05804160813756,998.1313584220796,22.848,hmm-002,attune-uniform,13,0.005012562893380035,0.65,0.9966765140324964,0.13804713804713806,0.9844903988183161,0.9844903988183161,0.978120077017329,7494,7842,0.9556235654169855,0.9619788329582661,
random_track234538,test__random_track234538__1_trumpet,random,trumpet,holdout,494.05804160813756,998.1313584220796,22.848,hmm-003,attune-uniform,13,0.01,0.35,0.9964918759231906,0.13468013468013468,0.9843057607090103,0.9843057607090103,0.978120077017329,7492,7842,0.9553685284366233,0.7542172081302851,
random_track234538,test__random_track234538__1_trumpet,random,trumpet,holdout,494.05804160813756,998.1313584220796,22.848,hmm-004,attune-uniform,13,0.01,0.5,0.9964918759231906,0.13468013468013468,0.9843057607090103,0.9843057607090103,0.978120077017329,7492,7842,0.9553685284366233,0.8122231671586633,
random_track234538,test__random_track234538__1_trumpet,random,trumpet,holdout,494.05804160813756,998.1313584220796,22.848,hmm-005,attune-uniform,13,0.01,0.65,0.9966765140324964,0.13804713804713806,0.9844903988183161,0.9844903988183161,0.978120077017329,7494,7842,0.9556235654169855,0.8265602909959853,
random_track234538,test__random_track234538__1_trumpet,random,trumpet,holdout,494.05804160813756,998.1313584220796,22.848,hmm-006,attune-uniform,25,0.005012562893380035,0.35,0.9963072378138847,0.13804713804713806,0.9841211225997046,0.9841211225997046,0.9777699982496062,7492,7842,0.9553685284366233,0.8029570411890745,
random_track234538,test__random_track234538__1_trumpet,random,trumpet,holdout,494.05804160813756,998.1313584220796,22.848,hmm-007,attune-uniform,25,0.005012562893380035,0.5,0.9964918759231906,0.1414141414141414,0.9843057607090103,0.9843057607090103,0.9777699982496062,7494,7842,0.9556235654169855,0.8274109160993248,
random_track234538,test__random_track234538__1_trumpet,random,trumpet,holdout,494.05804160813756,998.1313584220796,22.848,hmm-008,attune-uniform,25,0.005012562893380035,0.65,0.9964918759231906,0.1414141414141414,0.9843057607090103,0.9843057607090103,0.9777699982496062,7494,7842,0.9556235654169855,0.7524023749865592,
random_track234538,test__random_track234538__1_trumpet,random,trumpet,holdout,494.05804160813756,998.1313584220796,22.848,hmm-009,attune-uniform,25,0.01,0.35,0.9963072378138847,0.13804713804713806,0.9841211225997046,0.9841211225997046,0.9777699982496062,7492,7842,0.9553685284366233,0.7412439580075443,
random_track234538,test__random_track234538__1_trumpet,random,trumpet,holdout,494.05804160813756,998.1313584220796,22.848,hmm-010,attune-uniform,25,0.01,0.5,0.9964918759231906,0.1414141414141414,0.9843057607090103,0.9843057607090103,0.9777699982496062,7494,7842,0.9556235654169855,0.7681657911743969,
random_track234538,test__random_track234538__1_trumpet,random,trumpet,holdout,494.05804160813756,998.1313584220796,22.848,hmm-011,attune-uniform,25,0.01,0.65,0.9964918759231906,0.1414141414141414,0.9843057607090103,0.9843057607090103,0.9777699982496062,7494,7842,0.9556235654169855,0.7530844169668853,
random_track234538,test__random_track234538__1_trumpet,random,trumpet,holdout,494.05804160813756,998.1313584220796,22.848,hmm-012,paper-repeated,13,0.005012562893380035,0.35,0.9771048744460856,0.07744107744107744,0.9730428360413589,0.9730428360413589,0.9704183441274287,7324,7842,0.9339454220862025,0.7706114589236677,
random_track234538,test__random_track234538__1_trumpet,random,trumpet,holdout,494.05804160813756,998.1313584220796,22.848,hmm-013,paper-repeated,13,0.005012562893380035,0.5,0.9833825701624815,0.10437710437710437,0.9771048744460856,0.9771048744460856,0.9728688955014878,7382,7842,0.9413414945167049,0.7695657080039382,
random_track234538,test__random_track234538__1_trumpet,random,trumpet,holdout,494.05804160813756,998.1313584220796,22.848,hmm-014,paper-repeated,13,0.005012562893380035,0.65,0.9902141802067946,0.12457912457912458,0.9807976366322009,0.9807976366322009,0.975319446875547,7442,7842,0.9489926039275695,0.8160438749473542,
random_track234538,test__random_track234538__1_trumpet,random,trumpet,holdout,494.05804160813756,998.1313584220796,22.848,hmm-015,paper-repeated,13,0.01,0.35,0.9767355982274741,0.06734006734006734,0.9726735598227474,0.9726735598227474,0.97059338351129,7316,7842,0.9329252741647539,0.8006042500492185,
random_track234538,test__random_track234538__1_trumpet,random,trumpet,holdout,494.05804160813756,998.1313584220796,22.848,hmm-016,paper-repeated,13,0.01,0.5,0.9806129985228951,0.10437710437710437,0.9761816838995568,0.9761816838995568,0.971993698582181,7361,7842,0.9386636062229023,0.7950585421640426,
random_track234538,test__random_track234538__1_trumpet,random,trumpet,holdout,494.05804160813756,998.1313584220796,22.848,hmm-017,paper-repeated,13,0.01,0.65,0.9902141802067946,0.12457912457912458,0.9807976366322009,0.9807976366322009,0.975319446875547,7442,7842,0.9489926039275695,0.7768878748174757,
random_track234538,test__random_track234538__1_trumpet,random,trumpet,holdout,494.05804160813756,998.1313584220796,22.848,hmm-018,paper-repeated,25,0.005012562893380035,0.35,0.9732274741506647,0.0707070707070707,0.9693500738552437,0.9693500738552437,0.967267635217924,7294,7842,0.9301198673807702,0.7965231658890843,
random_track234538,test__random_track234538__1_trumpet,random,trumpet,holdout,494.05804160813756,998.1313584220796,22.848,hmm-019,paper-repeated,25,0.005012562893380035,0.5,0.9820901033973413,0.10774410774410774,0.9758124076809453,0.9758124076809453,0.9714685804305969,7372,7842,0.9400663096148941,0.763611749978736,
random_track234538,test__random_track234538__1_trumpet,random,trumpet,holdout,494.05804160813756,998.1313584220796,22.848,hmm-020,paper-repeated,25,0.005012562893380035,0.65,0.9896602658788775,0.12457912457912458,0.9802437223042836,0.9802437223042836,0.9747943287239629,7437,7842,0.9483550114766641,0.7867270419374108,
random_track234538,test__random_track234538__1_trumpet,random,trumpet,holdout,494.05804160813756,998.1313584220796,22.848,hmm-021,paper-repeated,25,0.01,0.35,0.9726735598227474,0.05723905723905724,0.9687961595273265,0.9687961595273265,0.9674426746017853,7284,7842,0.9288446824789595,0.8063127908390015,
random_track234538,test__random_track234538__1_trumpet,random,trumpet,holdout,494.05804160813756,998.1313584220796,22.848,hmm-022,paper-repeated,25,0.01,0.5,0.9785819793205317,0.10774410774410774,0.9743353028064993,0.9743353028064993,0.9700682653597059,7347,7842,0.9368783473603672,0.7896518339402974,
random_track234538,test__random_track234538__1_trumpet,random,trumpet,holdout,494.05804160813756,998.1313584220796,22.848,hmm-023,paper-repeated,25,0.01,0.65,0.9896602658788775,0.12457912457912458,0.9802437223042836,0.9802437223042836,0.9747943287239629,7437,7842,0.9483550114766641,0.8302600418683141,
random_track235036,test__random_track235036__4_tuba,random,tuba,holdout,131.62246903475585,352.8753766301892,30.544,hmm-000,attune-uniform,13,0.005012562893380035,0.35,0.9731580388934539,0.208955223880597,0.9322103533278554,0.9323473021090112,0.9260180699227445,9891,10493,0.9426284189459639,2.5488156671635807,
random_track235036,test__random_track235036__4_tuba,random,tuba,holdout,131.62246903475585,352.8753766301892,30.544,hmm-001,attune-uniform,13,0.005012562893380035,0.5,0.9732949876746096,0.21791044776119403,0.932621199671323,0.9327581484524787,0.9260180699227445,9898,10493,0.9432955303535691,2.1410760420840234,
random_track235036,test__random_track235036__4_tuba,random,tuba,holdout,131.62246903475585,352.8753766301892,30.544,hmm-002,attune-uniform,13,0.005012562893380035,0.65,0.9837030950424541,0.21791044776119403,0.9428923582580115,0.9430293070391673,0.9358386801099908,10004,10493,0.953397503097303,2.1094232918694615,
random_track235036,test__random_track235036__4_tuba,random,tuba,holdout,131.62246903475585,352.8753766301892,30.544,hmm-003,attune-uniform,13,0.01,0.35,0.9731580388934539,0.208955223880597,0.9322103533278554,0.9323473021090112,0.9260180699227445,9891,10493,0.9426284189459639,1.9765596659854054,
random_track235036,test__random_track235036__4_tuba,random,tuba,holdout,131.62246903475585,352.8753766301892,30.544,hmm-004,attune-uniform,13,0.01,0.5,0.9732949876746096,0.21791044776119403,0.932621199671323,0.9327581484524787,0.9260180699227445,9898,10493,0.9432955303535691,2.069824625039473,
random_track235036,test__random_track235036__4_tuba,random,tuba,holdout,131.62246903475585,352.8753766301892,30.544,hmm-005,attune-uniform,13,0.01,0.65,0.9837030950424541,0.21791044776119403,0.9428923582580115,0.9430293070391673,0.9358386801099908,10004,10493,0.953397503097303,2.056557541945949,
random_track235036,test__random_track235036__4_tuba,random,tuba,holdout,131.62246903475585,352.8753766301892,30.544,hmm-006,attune-uniform,25,0.005012562893380035,0.35,0.9753492193919474,0.21194029850746268,0.9333059435771022,0.9341276362640373,0.9269346602068875,9916,10493,0.9450109596874107,1.978045874973759,
random_track235036,test__random_track235036__4_tuba,random,tuba,holdout,131.62246903475585,352.8753766301892,30.544,hmm-007,attune-uniform,25,0.005012562893380035,0.5,0.9758970145165708,0.21791044776119403,0.9337167899205697,0.9345384826075048,0.9270656016760508,9924,10493,0.9457733727246735,2.024469417054206,
random_track235036,test__random_track235036__4_tuba,random,tuba,holdout,131.62246903475585,352.8753766301892,30.544,hmm-008,attune-uniform,25,0.005012562893380035,0.65,0.9827444535743632,0.25970149253731345,0.9401533826348946,0.9409750753218297,0.9313866701584391,10011,10493,0.954064614504908,2.0420644169207662,
random_track235036,test__random_track235036__4_tuba,random,tuba,holdout,131.62246903475585,352.8753766301892,30.544,hmm-009,attune-uniform,25,0.01,0.35,0.9753492193919474,0.21194029850746268,0.9333059435771022,0.9341276362640373,0.9269346602068875,9916,10493,0.9450109596874107,2.0212396669667214,
random_track235036,test__random_track235036__4_tuba,random,tuba,holdout,131.62246903475585,352.8753766301892,30.544,hmm-010,attune-uniform,25,0.01,0.5,0.9817858121062722,0.21791044776119403,0.9396055875102711,0.9404272801972062,0.932696084850072,9983,10493,0.9513961688744877,2.0200342091266066,
random_track235036,test__random_track235036__4_tuba,random,tuba,holdout,131.62246903475585,352.8753766301892,30.544,hmm-011,attune-uniform,25,0.01,0.65,0.9827444535743632,0.25970149253731345,0.9401533826348946,0.9409750753218297,0.9313866701584391,10011,10493,0.954064614504908,2.00966062489897,
random_track235036,test__random_track235036__4_tuba,random,tuba,holdout,131.62246903475585,352.8753766301892,30.544,hmm-012,paper-repeated,13,0.005012562893380035,0.35,0.8092303478499041,0.026865671641791045,0.7980005477951246,0.7980005477951246,0.8056828597616865,8158,10493,0.7774706947488802,2.064038834068924,
random_track235036,test__random_track235036__4_tuba,random,tuba,holdout,131.62246903475585,352.8753766301892,30.544,hmm-013,paper-repeated,13,0.005012562893380035,0.5,0.8470282114489182,0.04776119402985075,0.8321007943029307,0.8321007943029307,0.8373706952992013,8543,10493,0.814161822167159,2.059172291075811,
random_track235036,test__random_track235036__4_tuba,random,tuba,holdout,131.62246903475585,352.8753766301892,30.544,hmm-014,paper-repeated,13,0.005012562893380035,0.65,0.9276910435497124,0.09253731343283582,0.8967406190084908,0.8967406190084908,0.897210946706822,9376,10493,0.8935480796721624,2.0207826669793576,
random_track235036,test__random_track235036__4_tuba,random,tuba,holdout,131.62246903475585,352.8753766301892,30.544,hmm-015,paper-repeated,13,0.01,0.35,0.8078608600383457,0.026865671641791045,0.7973158038893454,0.7973158038893454,0.8050281524158701,8145,10493,0.776231773563328,2.6977751669473946,
random_track235036,test__random_track235036__4_tuba,random,tuba,holdout,131.62246903475585,352.8753766301892,30.544,hmm-016,paper-repeated,13,0.01,0.5,0.8470282114489182,0.04776119402985075,0.8321007943029307,0.8321007943029307,0.8373706952992013,8543,10493,0.814161822167159,1.9760546670295298,
random_track235036,test__random_track235036__4_tuba,random,tuba,holdout,131.62246903475585,352.8753766301892,30.544,hmm-017,paper-repeated,13,0.01,0.65,0.9276910435497124,0.09253731343283582,0.8967406190084908,0.8967406190084908,0.897210946706822,9376,10493,0.8935480796721624,3.0264850000385195,
random_track235036,test__random_track235036__4_tuba,random,tuba,holdout,131.62246903475585,352.8753766301892,30.544,hmm-018,paper-repeated,25,0.005012562893380035,0.35,0.8125171185976445,0.020895522388059702,0.8014242673240208,0.8014242673240208,0.8092182794290952,8185,10493,0.7800438387496427,2.172726917080581,
random_track235036,test__random_track235036__4_tuba,random,tuba,holdout,131.62246903475585,352.8753766301892,30.544,hmm-019,paper-repeated,25,0.005012562893380035,0.5,0.838126540673788,0.04477611940298507,0.823746918652424,0.823746918652424,0.8295142071494043,8454,10493,0.8056799771276089,2.0137449998874217,
random_track235036,test__random_track235036__4_tuba,random,tuba,holdout,131.62246903475585,352.8753766301892,30.544,hmm-020,paper-repeated,25,0.005012562893380035,0.65,0.9263215557381539,0.07761194029850746,0.8952341824157765,0.8952341824157765,0.8964252978918423,9357,10493,0.891737348708663,1.941695166984573,
random_track235036,test__random_track235036__4_tuba,random,tuba,holdout,131.62246903475585,352.8753766301892,30.544,hmm-021,paper-repeated,25,0.01,0.35,0.811147630786086,0.020895522388059702,0.8007395234182416,0.8007395234182416,0.8085635720832788,8172,10493,0.7788049175640903,1.883075124816969,
random_track235036,test__random_track235036__4_tuba,random,tuba,holdout,131.62246903475585,352.8753766301892,30.544,hmm-022,paper-repeated,25,0.01,0.5,0.8373048479868529,0.029850746268656716,0.8229252259654889,0.8229252259654889,0.8293832656802409,8439,10493,0.8042504526827409,1.9103396248538047,
random_track235036,test__random_track235036__4_tuba,random,tuba,holdout,131.62246903475585,352.8753766301892,30.544,hmm-023,paper-repeated,25,0.01,0.65,0.9227608874281019,0.07761194029850746,0.8916735141057245,0.8916735141057245,0.8930208196935969,9321,10493,0.8883064900409797,2.2281528341118246,
random_track235445,test__random_track235445__3_viola,random,viola,holdout,193.38783008733023,445.75123251844195,21.668,hmm-000,attune-uniform,13,0.005012562893380035,0.35,0.9945291129347401,0.41333333333333333,0.9810472840953497,0.981242672919109,0.9592100406053894,7185,7435,0.9663752521856086,1.277730582980439,
random_track235445,test__random_track235445__3_viola,random,viola,holdout,193.38783008733023,445.75123251844195,21.668,hmm-001,attune-uniform,13,0.005012562893380035,0.5,0.9945291129347401,0.41333333333333333,0.9810472840953497,0.981242672919109,0.9592100406053894,7185,7435,0.9663752521856086,1.335396041860804,
random_track235445,test__random_track235445__3_viola,random,viola,holdout,193.38783008733023,445.75123251844195,21.668,hmm-002,attune-uniform,13,0.005012562893380035,0.65,0.9945291129347401,0.4166666666666667,0.9810472840953497,0.981242672919109,0.9590254706533776,7187,7435,0.9666442501681237,1.0354640001896769,
random_track235445,test__random_track235445__3_viola,random,viola,holdout,193.38783008733023,445.75123251844195,21.668,hmm-003,attune-uniform,13,0.01,0.35,0.9945291129347401,0.41333333333333333,0.9810472840953497,0.981242672919109,0.9592100406053894,7185,7435,0.9663752521856086,1.1115090830717236,
random_track235445,test__random_track235445__3_viola,random,viola,holdout,193.38783008733023,445.75123251844195,21.668,hmm-004,attune-uniform,13,0.01,0.5,0.9945291129347401,0.41333333333333333,0.9810472840953497,0.981242672919109,0.9592100406053894,7185,7435,0.9663752521856086,1.0843447078950703,
random_track235445,test__random_track235445__3_viola,random,viola,holdout,193.38783008733023,445.75123251844195,21.668,hmm-005,attune-uniform,13,0.01,0.65,0.9945291129347401,0.4166666666666667,0.9810472840953497,0.981242672919109,0.9590254706533776,7187,7435,0.9666442501681237,1.0586081659421325,
random_track235445,test__random_track235445__3_viola,random,viola,holdout,193.38783008733023,445.75123251844195,21.668,hmm-006,attune-uniform,25,0.005012562893380035,0.35,0.995115279406018,0.42333333333333334,0.981242672919109,0.9814380617428683,0.9588409007013659,7193,7435,0.9674512441156692,1.0373991248197854,
random_track235445,test__random_track235445__3_viola,random,viola,holdout,193.38783008733023,445.75123251844195,21.668,hmm-007,attune-uniform,25,0.005012562893380035,0.5,0.995115279406018,0.42333333333333334,0.981242672919109,0.9814380617428683,0.9588409007013659,7194,7435,0.9675857431069267,1.0284726249519736,
random_track235445,test__random_track235445__3_viola,random,viola,holdout,193.38783008733023,445.75123251844195,21.668,hmm-008,attune-uniform,25,0.005012562893380035,0.65,0.995115279406018,0.42333333333333334,0.981242672919109,0.9814380617428683,0.9588409007013659,7194,7435,0.9675857431069267,1.0544925411231816,
random_track235445,test__random_track235445__3_viola,random,viola,holdout,193.38783008733023,445.75123251844195,21.668,hmm-009,attune-uniform,25,0.01,0.35,0.995115279406018,0.42333333333333334,0.981242672919109,0.9814380617428683,0.9588409007013659,7193,7435,0.9674512441156692,1.013355332892388,
random_track235445,test__random_track235445__3_viola,random,viola,holdout,193.38783008733023,445.75123251844195,21.668,hmm-010,attune-uniform,25,0.01,0.5,0.995115279406018,0.42333333333333334,0.981242672919109,0.9814380617428683,0.9588409007013659,7194,7435,0.9675857431069267,1.0455789999105036,
random_track235445,test__random_track235445__3_viola,random,viola,holdout,193.38783008733023,445.75123251844195,21.668,hmm-011,attune-uniform,25,0.01,0.65,0.995115279406018,0.42333333333333334,0.981242672919109,0.9814380617428683,0.9588409007013659,7194,7435,0.9675857431069267,1.073507167166099,
random_track235445,test__random_track235445__3_viola,random,viola,holdout,193.38783008733023,445.75123251844195,21.668,hmm-012,paper-repeated,13,0.005012562893380035,0.35,0.982610394685424,0.11666666666666667,0.9726455646737007,0.9726455646737007,0.9677002583979328,6979,7435,0.9386684599865501,1.00925024994649,
random_track235445,test__random_track235445__3_viola,random,viola,holdout,193.38783008733023,445.75123251844195,21.668,hmm-013,paper-repeated,13,0.005012562893380035,0.5,0.9865181711606096,0.18666666666666668,0.9757717858538492,0.9757717858538492,0.9667774086378738,7037,7435,0.9464694014794889,1.055790290934965,
random_track235445,test__random_track235445__3_viola,random,viola,holdout,193.38783008733023,445.75123251844195,21.668,hmm-014,paper-repeated,13,0.005012562893380035,0.65,0.9882766705744431,0.21,0.9771395076201641,0.9771395076201641,0.9667774086378738,7057,7435,0.9491593813046402,1.0304673330392689,
random_track235445,test__random_track235445__3_viola,random,viola,holdout,193.38783008733023,445.75123251844195,21.668,hmm-015,paper-repeated,13,0.01,0.35,0.9818288393903869,0.10333333333333333,0.9724501758499414,0.9724501758499414,0.9682539682539683,6969,7435,0.9373234700739744,1.0345364999957383,
random_track235445,test__random_track235445__3_viola,random,viola,holdout,193.38783008733023,445.75123251844195,21.668,hmm-016,paper-repeated,13,0.01,0.5,0.9865181711606096,0.18666666666666668,0.9757717858538492,0.9757717858538492,0.9667774086378738,7037,7435,0.9464694014794889,1.0666892498265952,
random_track235445,test__random_track235445__3_viola,random,viola,holdout,193.38783008733023,445.75123251844195,21.668,hmm-017,paper-repeated,13,0.01,0.65,0.9882766705744431,0.21,0.9771395076201641,0.9771395076201641,0.9667774086378738,7057,7435,0.9491593813046402,1.0976234169211239,
random_track235445,test__random_track235445__3_viola,random,viola,holdout,193.38783008733023,445.75123251844195,21.668,hmm-018,paper-repeated,25,0.005012562893380035,0.35,0.9806565064478312,0.18333333333333332,0.9710824540836264,0.9710824540836264,0.962532299741602,6994,7435,0.9406859448554136,1.0788940000347793,
random_track235445,test__random_track235445__3_viola,random,viola,holdout,193.38783008733023,445.75123251844195,21.668,hmm-019,paper-repeated,25,0.005012562893380035,0.5,0.9849550605705354,0.18666666666666668,0.9742086752637749,0.9742086752637749,0.9653008490217793,7025,7435,0.9448554135843981,1.0843693339265883,
random_track235445,test__random_track235445__3_viola,random,viola,holdout,193.38783008733023,445.75123251844195,21.668,hmm-020,paper-repeated,25,0.005012562893380035,0.65,0.987495115279406,0.21,0.9765533411488863,0.9765533411488863,0.9662236987818383,7053,7435,0.9486213853396099,1.0559877080377191,
random_track235445,test__random_track235445__3_viola,random,viola,holdout,193.38783008733023,445.75123251844195,21.668,hmm-021,paper-repeated,25,0.01,0.35,0.9773348964439235,0.17,0.9697147323173114,0.9697147323173114,0.9619785898855666,6967,7435,0.9370544720914593,1.0419409170281142,
random_track235445,test__random_track235445__3_viola,random,viola,holdout,193.38783008733023,445.75123251844195,21.668,hmm-022,paper-repeated,25,0.01,0.5,0.9849550605705354,0.18666666666666668,0.9742086752637749,0.9742086752637749,0.9653008490217793,7025,7435,0.9448554135843981,1.1046212080400437,
random_track235445,test__random_track235445__3_viola,random,viola,holdout,193.38783008733023,445.75123251844195,21.668,hmm-023,paper-repeated,25,0.01,0.65,0.987495115279406,0.21,0.9765533411488863,0.9765533411488863,0.9662236987818383,7053,7435,0.9486213853396099,1.0433585420250893,
random_track235366,test__random_track235366__2_violin,random,violin,holdout,292.0365609274614,636.2511423651487,15.888,hmm-000,attune-uniform,13,0.005012562893380035,0.35,0.994862087614927,0.12727272727272726,0.9853975121687398,0.9853975121687398,0.9775987918449535,5118,5444,0.9401175606171932,0.6995827499777079,
random_track235366,test__random_track235366__2_violin,random,violin,holdout,292.0365609274614,636.2511423651487,15.888,hmm-001,attune-uniform,13,0.005012562893380035,0.5,0.9951325040562466,0.12727272727272726,0.9856679286100595,0.9856679286100595,0.9778504908129877,5119,5444,0.9403012490815577,0.6767666251398623,
random_track235366,test__random_track235366__2_violin,random,violin,holdout,292.0365609274614,636.2511423651487,15.888,hmm-002,attune-uniform,13,0.005012562893380035,0.65,0.9951325040562466,0.13090909090909092,0.9856679286100595,0.9856679286100595,0.9775987918449535,5122,5444,0.940852314474651,0.6386762498877943,
random_track235366,test__random_track235366__2_violin,random,violin,holdout,292.0365609274614,636.2511423651487,15.888,hmm-003,attune-uniform,13,0.01,0.35,0.994862087614927,0.12727272727272726,0.9853975121687398,0.9853975121687398,0.9775987918449535,5118,5444,0.9401175606171932,0.6771601249929518,
random_track235366,test__random_track235366__2_violin,random,violin,holdout,292.0365609274614,636.2511423651487,15.888,hmm-004,attune-uniform,13,0.01,0.5,0.9951325040562466,0.12727272727272726,0.9856679286100595,0.9856679286100595,0.9778504908129877,5119,5444,0.9403012490815577,0.6161815410014242,
random_track235366,test__random_track235366__2_violin,random,violin,holdout,292.0365609274614,636.2511423651487,15.888,hmm-005,attune-uniform,13,0.01,0.65,0.9951325040562466,0.13090909090909092,0.9856679286100595,0.9856679286100595,0.9775987918449535,5122,5444,0.940852314474651,0.6426189581397921,
random_track235366,test__random_track235366__2_violin,random,violin,holdout,292.0365609274614,636.2511423651487,15.888,hmm-006,attune-uniform,25,0.005012562893380035,0.35,0.9954029204975663,0.12727272727272726,0.9856679286100595,0.9856679286100595,0.9778504908129877,5122,5444,0.940852314474651,0.655642291996628,
random_track235366,test__random_track235366__2_violin,random,violin,holdout,292.0365609274614,636.2511423651487,15.888,hmm-007,attune-uniform,25,0.005012562893380035,0.5,0.9954029204975663,0.13454545454545455,0.9856679286100595,0.9856679286100595,0.9773470928769192,5125,5444,0.9414033798677444,0.6744026248343289,
random_track235366,test__random_track235366__2_violin,random,violin,holdout,292.0365609274614,636.2511423651487,15.888,hmm-008,attune-uniform,25,0.005012562893380035,0.65,0.9956733369388859,0.13454545454545455,0.9856679286100595,0.9856679286100595,0.9773470928769192,5126,5444,0.9415870683321087,0.6513804169371724,
random_track235366,test__random_track235366__2_violin,random,violin,holdout,292.0365609274614,636.2511423651487,15.888,hmm-009,attune-uniform,25,0.01,0.35,0.9954029204975663,0.12727272727272726,0.9856679286100595,0.9856679286100595,0.9778504908129877,5122,5444,0.940852314474651,0.649860082892701,
random_track235366,test__random_track235366__2_violin,random,violin,holdout,292.0365609274614,636.2511423651487,15.888,hmm-010,attune-uniform,25,0.01,0.5,0.9954029204975663,0.13454545454545455,0.9856679286100595,0.9856679286100595,0.9773470928769192,5125,5444,0.9414033798677444,0.6383195829112083,
random_track235366,test__random_track235366__2_violin,random,violin,holdout,292.0365609274614,636.2511423651487,15.888,hmm-011,attune-uniform,25,0.01,0.65,0.9956733369388859,0.22181818181818183,0.9856679286100595,0.9856679286100595,0.9713063176440977,5158,5444,0.9474650991917708,0.6568843747954816,
random_track235366,test__random_track235366__2_violin,random,violin,holdout,292.0365609274614,636.2511423651487,15.888,hmm-012,paper-repeated,13,0.005012562893380035,0.35,0.9732287723093564,0.03272727272727273,0.9707950243374798,0.9707950243374798,0.970551220739995,4973,5444,0.9134827332843497,0.6692460000049323,
random_track235366,test__random_track235366__2_violin,random,violin,holdout,292.0365609274614,636.2511423651487,15.888,hmm-013,paper-repeated,13,0.005012562893380035,0.5,0.9818820984315847,0.05090909090909091,0.9775554353704705,0.9775554353704705,0.9755852001006796,5025,5444,0.9230345334313005,0.6721930832136422,
random_track235366,test__random_track235366__2_violin,random,violin,holdout,292.0365609274614,636.2511423651487,15.888,hmm-014,paper-repeated,13,0.005012562893380035,0.65,0.9891833423472147,0.08727272727272728,0.9821525148729042,0.9821525148729042,0.9773470928769192,5073,5444,0.9318515797207936,0.6683440830092877,
random_track235366,test__random_track235366__2_violin,random,violin,holdout,292.0365609274614,636.2511423651487,15.888,hmm-015,paper-repeated,13,0.01,0.35,0.9716062736614386,0.03272727272727273,0.9691725256895619,0.9691725256895619,0.9690410269317896,4964,5444,0.9118295371050698,0.6496651670895517,
random_track235366,test__random_track235366__2_violin,random,violin,holdout,292.0365609274614,636.2511423651487,15.888,hmm-016,paper-repeated,13,0.01,0.5,0.9818820984315847,0.05090909090909091,0.9775554353704705,0.9775554353704705,0.9755852001006796,5025,5444,0.9230345334313005,0.6899701659567654,
random_track235366,test__random_track235366__2_violin,random,violin,holdout,292.0365609274614,636.2511423651487,15.888,hmm-017,paper-repeated,13,0.01,0.65,0.9891833423472147,0.06545454545454546,0.9821525148729042,0.9821525148729042,0.9788572866851246,5065,5444,0.9303820720058781,0.6502962091472,
random_track235366,test__random_track235366__2_violin,random,violin,holdout,292.0365609274614,636.2511423651487,15.888,hmm-018,paper-repeated,25,0.005012562893380035,0.35,0.9659275283937263,0.02181818181818182,0.9634937804218496,0.9634937804218496,0.9645104455071735,4932,5444,0.9059515062454078,0.6542275839019567,
random_track235366,test__random_track235366__2_violin,random,violin,holdout,292.0365609274614,636.2511423651487,15.888,hmm-019,paper-repeated,25,0.005012562893380035,0.5,0.9799891833423472,0.05090909090909091,0.9759329367225528,0.9759329367225528,0.9740750062924742,5016,5444,0.9213813372520205,0.667017166968435,
random_track235366,test__random_track235366__2_violin,random,violin,holdout,292.0365609274614,636.2511423651487,15.888,hmm-020,paper-repeated,25,0.005012562893380035,0.65,0.9878312601406165,0.08727272727272728,0.9810708491076258,0.9810708491076258,0.9763402970047823,5067,5444,0.9307494489346069,0.7182873748242855,
random_track235366,test__random_track235366__2_violin,random,violin,holdout,292.0365609274614,636.2511423651487,15.888,hmm-021,paper-repeated,25,0.01,0.35,0.9659275283937263,0.02181818181818182,0.9634937804218496,0.9634937804218496,0.9645104455071735,4932,5444,0.9059515062454078,0.6876421251799911,
random_track235366,test__random_track235366__2_violin,random,violin,holdout,292.0365609274614,636.2511423651487,15.888,hmm-022,paper-repeated,25,0.01,0.5,0.9799891833423472,0.05090909090909091,0.9759329367225528,0.9759329367225528,0.9740750062924742,5016,5444,0.9213813372520205,0.630487292073667,
random_track235366,test__random_track235366__2_violin,random,violin,holdout,292.0365609274614,636.2511423651487,15.888,hmm-023,paper-repeated,25,0.01,0.65,0.9878312601406165,0.06545454545454546,0.9810708491076258,0.9810708491076258,0.9778504908129877,5059,5444,0.9292799412196914,0.6813070829957724,
string_track217948,test__string_track217948__4_cello,string,cello,holdout,97.60730998758521,333.2692517390637,35.908,hmm-000,attune-uniform,13,0.005012562893380035,0.35,0.7966374942422847,0.391156462585034,0.7806310456011055,0.7810916628281898,0.7750055691690799,9691,12341,0.7852686168057694,3.7925847091246396,
string_track217948,test__string_track217948__4_cello,string,cello,holdout,97.60730998758521,333.2692517390637,35.908,hmm-001,attune-uniform,13,0.005012562893380035,0.5,0.7990557346844772,0.3945578231292517,0.7822432058959005,0.7825886688162137,0.7764535531298731,9722,12341,0.7877805688355887,3.6818143751006573,
string_track217948,test__string_track217948__4_cello,string,cello,holdout,97.60730998758521,333.2692517390637,35.908,hmm-002,attune-uniform,13,0.005012562893380035,0.65,0.8002072777521879,0.3945578231292517,0.7828189774297559,0.783164440350069,0.7770104700378704,9734,12341,0.7887529373632607,3.6742966659367085,
string_track217948,test__string_track217948__4_cello,string,cello,holdout,97.60730998758521,333.2692517390637,35.908,hmm-003,attune-uniform,13,0.01,0.35,0.7966374942422847,0.391156462585034,0.7806310456011055,0.7810916628281898,0.7750055691690799,9691,12341,0.7852686168057694,3.747816582908854,
string_track217948,test__string_track217948__4_cello,string,cello,holdout,97.60730998758521,333.2692517390637,35.908,hmm-004,attune-uniform,13,0.01,0.5,0.7990557346844772,0.3945578231292517,0.7822432058959005,0.7825886688162137,0.7764535531298731,9722,12341,0.7877805688355887,3.7611224169377238,
string_track217948,test__string_track217948__4_cello,string,cello,holdout,97.60730998758521,333.2692517390637,35.908,hmm-005,attune-uniform,13,0.01,0.65,0.8002072777521879,0.3945578231292517,0.7828189774297559,0.783164440350069,0.7770104700378704,9734,12341,0.7887529373632607,3.732610584003851,
string_track217948,test__string_track217948__4_cello,string,cello,holdout,97.60730998758521,333.2692517390637,35.908,hmm-006,attune-uniform,25,0.005012562893380035,0.35,0.7984799631506219,0.3945578231292517,0.7810916628281898,0.7822432058959005,0.7753397193138784,9714,12341,0.787132323150474,3.85122204083018,
string_track217948,test__string_track217948__4_cello,string,cello,holdout,97.60730998758521,333.2692517390637,35.908,hmm-007,attune-uniform,25,0.005012562893380035,0.5,0.8005527406725012,0.3945578231292517,0.7822432058959005,0.7833947489636113,0.7764535531298731,9738,12341,0.789077060205818,4.308548625092953,
string_track217948,test__string_track217948__4_cello,string,cello,holdout,97.60730998758521,333.2692517390637,35.908,hmm-008,attune-uniform,25,0.005012562893380035,0.65,0.801819438046983,0.3979591836734694,0.7832795946568402,0.7843159834177799,0.7773446201826687,9756,12341,0.790535612997326,4.777855291031301,
string_track217948,test__string_track217948__4_cello,string,cello,holdout,97.60730998758521,333.2692517390637,35.908,hmm-009,attune-uniform,25,0.01,0.35,0.7981345002303086,0.3945578231292517,0.7808613542146476,0.7820128972823583,0.7751169525506795,9709,12341,0.7867271695972774,3.6196688329800963,
string_track217948,test__string_track217948__4_cello,string,cello,holdout,97.60730998758521,333.2692517390637,35.908,hmm-010,attune-uniform,25,0.01,0.5,0.8005527406725012,0.3945578231292517,0.7822432058959005,0.7833947489636113,0.7764535531298731,9738,12341,0.789077060205818,3.4497203750070184,
string_track217948,test__string_track217948__4_cello,string,cello,holdout,97.60730998758521,333.2692517390637,35.908,hmm-011,attune-uniform,25,0.01,0.65,0.801819438046983,0.3979591836734694,0.7832795946568402,0.7843159834177799,0.7773446201826687,9756,12341,0.790535612997326,3.956959791947156,
string_track217948,test__string_track217948__4_cello,string,cello,holdout,97.60730998758521,333.2692517390637,35.908,hmm-012,paper-repeated,13,0.005012562893380035,0.35,0.7397512666973745,0.006802721088435374,0.7341087056655919,0.7341087056655919,0.7425930051236356,8859,12341,0.7178510655538449,3.494274875149131,
string_track217948,test__string_track217948__4_cello,string,cello,holdout,97.60730998758521,333.2692517390637,35.908,hmm-013,paper-repeated,13,0.005012562893380035,0.5,0.748387839705205,0.013605442176870748,0.7412482726853984,0.7412482726853984,0.7492760080196035,8960,12341,0.7260351673284174,3.536482792114839,
string_track217948,test__string_track217948__4_cello,string,cello,holdout,97.60730998758521,333.2692517390637,35.908,hmm-014,paper-repeated,13,0.005012562893380035,0.65,0.7552970981114694,0.04081632653061224,0.7474666052510364,0.7474666052510364,0.7543996435731789,9055,12341,0.733733084839154,3.3393194579984993,
string_track217948,test__string_track217948__4_cello,string,cello,holdout,97.60730998758521,333.2692517390637,35.908,hmm-015,paper-repeated,13,0.01,0.35,0.7385997236296638,0.006802721088435374,0.7336480884385076,0.7336480884385076,0.7421474715972377,8845,12341,0.7167166356048943,3.3392129589337856,
string_track217948,test__string_track217948__4_cello,string,cello,holdout,97.60730998758521,333.2692517390637,35.908,hmm-016,paper-repeated,13,0.01,0.5,0.748387839705205,0.013605442176870748,0.7412482726853984,0.7412482726853984,0.7492760080196035,8960,12341,0.7260351673284174,3.336352250073105,
string_track217948,test__string_track217948__4_cello,string,cello,holdout,97.60730998758521,333.2692517390637,35.908,hmm-017,paper-repeated,13,0.01,0.65,0.7552970981114694,0.04081632653061224,0.7474666052510364,0.7474666052510364,0.7543996435731789,9055,12341,0.733733084839154,3.319889625068754,
string_track217948,test__string_track217948__4_cello,string,cello,holdout,97.60730998758521,333.2692517390637,35.908,hmm-018,paper-repeated,25,0.005012562893380035,0.35,0.7365269461077845,0.0,0.7312298479963151,0.7312298479963151,0.7400311873468478,8817,12341,0.7144477757069929,3.332279459107667,
string_track217948,test__string_track217948__4_cello,string,cello,holdout,97.60730998758521,333.2692517390637,35.908,hmm-019,paper-repeated,25,0.005012562893380035,0.5,0.7457392906494703,0.006802721088435374,0.7388300322432059,0.7388300322432059,0.7471597237692136,8925,12341,0.7231990924560409,3.3340224171988666,
string_track217948,test__string_track217948__4_cello,string,cello,holdout,97.60730998758521,333.2692517390637,35.908,hmm-020,paper-repeated,25,0.005012562893380035,0.65,0.7534546292031322,0.02040816326530612,0.7456241363426992,0.7456241363426992,0.7532858097571842,9025,12341,0.7313021635199741,3.343095042044297,
string_track217948,test__string_track217948__4_cello,string,cello,holdout,97.60730998758521,333.2692517390637,35.908,hmm-021,paper-repeated,25,0.01,0.35,0.7353754030400736,0.0,0.7307692307692307,0.7307692307692307,0.7395856538204499,8803,12341,0.7133133457580423,3.3309894998092204,
string_track217948,test__string_track217948__4_cello,string,cello,holdout,97.60730998758521,333.2692517390637,35.908,hmm-022,paper-repeated,25,0.01,0.5,0.7479272224781207,0.006802721088435374,0.7410179640718563,0.7410179640718563,0.7492760080196035,8950,12341,0.7252248602220241,3.38975412491709,
string_track217948,test__string_track217948__4_cello,string,cello,holdout,97.60730998758521,333.2692517390637,35.908,hmm-023,paper-repeated,25,0.01,0.65,0.7534546292031322,0.02040816326530612,0.7456241363426992,0.7456241363426992,0.7532858097571842,9025,12341,0.7313021635199741,3.3347164168953896,
string_track217023,test__string_track217023__3_viola,string,viola,holdout,218.36287007921408,499.4025336068352,31.48,hmm-000,attune-uniform,13,0.005012562893380035,0.35,0.9981513270830582,0.21140939597315436,0.98507856859897,0.98507856859897,0.9776394359039512,10505,10816,0.9712463017751479,1.4687867918983102,
string_track217023,test__string_track217023__3_viola,string,viola,holdout,218.36287007921408,499.4025336068352,31.48,hmm-001,attune-uniform,13,0.005012562893380035,0.5,0.9981513270830582,0.21140939597315436,0.98507856859897,0.98507856859897,0.9776394359039512,10505,10816,0.9712463017751479,1.463806875050068,
string_track217023,test__string_track217023__3_viola,string,viola,holdout,218.36287007921408,499.4025336068352,31.48,hmm-002,attune-uniform,13,0.005012562893380035,0.65,0.9981513270830582,0.2181208053691275,0.98507856859897,0.98507856859897,0.9773853385846779,10507,10816,0.9714312130177515,1.4391177908983082,
string_track217023,test__string_track217023__3_viola,string,viola,holdout,218.36287007921408,499.4025336068352,31.48,hmm-003,attune-uniform,13,0.01,0.35,0.9981513270830582,0.21140939597315436,0.98507856859897,0.98507856859897,0.9776394359039512,10505,10816,0.9712463017751479,1.506182000041008,
string_track217023,test__string_track217023__3_viola,string,viola,holdout,218.36287007921408,499.4025336068352,31.48,hmm-004,attune-uniform,13,0.01,0.5,0.9981513270830582,0.21140939597315436,0.98507856859897,0.98507856859897,0.9776394359039512,10505,10816,0.9712463017751479,1.5037009578663856,
string_track217023,test__string_track217023__3_viola,string,viola,holdout,218.36287007921408,499.4025336068352,31.48,hmm-005,attune-uniform,13,0.01,0.65,0.9981513270830582,0.2181208053691275,0.98507856859897,0.98507856859897,0.9773853385846779,10507,10816,0.9714312130177515,1.4954207499977201,
string_track217023,test__string_track217023__3_viola,string,viola,holdout,218.36287007921408,499.4025336068352,31.48,hmm-006,attune-uniform,25,0.005012562893380035,0.35,0.998283375148554,0.21140939597315436,0.9852106166644659,0.9852106166644659,0.9777664845635878,10506,10816,0.9713387573964497,1.4904140420258045,
string_track217023,test__string_track217023__3_viola,string,viola,holdout,218.36287007921408,499.4025336068352,31.48,hmm-007,attune-uniform,25,0.005012562893380035,0.5,0.998283375148554,0.21140939597315436,0.9852106166644659,0.9852106166644659,0.9777664845635878,10506,10816,0.9713387573964497,1.507533707888797,
string_track217023,test__string_track217023__3_viola,string,viola,holdout,218.36287007921408,499.4025336068352,31.48,hmm-008,attune-uniform,25,0.005012562893380035,0.65,0.998283375148554,0.2181208053691275,0.9852106166644659,0.9852106166644659,0.9775123872443146,10508,10816,0.9715236686390533,1.4957583327777684,
string_track217023,test__string_track217023__3_viola,string,viola,holdout,218.36287007921408,499.4025336068352,31.48,hmm-009,attune-uniform,25,0.01,0.35,0.998283375148554,0.21140939597315436,0.9852106166644659,0.9852106166644659,0.9777664845635878,10506,10816,0.9713387573964497,1.525620625121519,
string_track217023,test__string_track217023__3_viola,string,viola,holdout,218.36287007921408,499.4025336068352,31.48,hmm-010,attune-uniform,25,0.01,0.5,0.998283375148554,0.21140939597315436,0.9852106166644659,0.9852106166644659,0.9777664845635878,10506,10816,0.9713387573964497,1.501174250151962,
string_track217023,test__string_track217023__3_viola,string,viola,holdout,218.36287007921408,499.4025336068352,31.48,hmm-011,attune-uniform,25,0.01,0.65,0.998283375148554,0.2181208053691275,0.9852106166644659,0.9852106166644659,0.9775123872443146,10508,10816,0.9715236686390533,1.4286035841796547,
string_track217023,test__string_track217023__3_viola,string,viola,holdout,218.36287007921408,499.4025336068352,31.48,hmm-012,paper-repeated,13,0.005012562893380035,0.35,0.9893041066948369,0.14429530201342283,0.9800607421101281,0.9800607421101281,0.9753525600304916,10385,10816,0.9601516272189349,1.5862732499372214,
string_track217023,test__string_track217023__3_viola,string,viola,holdout,218.36287007921408,499.4025336068352,31.48,hmm-013,paper-repeated,13,0.005012562893380035,0.5,0.9910207315462829,0.15436241610738255,0.981777366961574,0.981777366961574,0.9766230466268581,10406,10816,0.9620931952662722,2.09688137518242,
string_track217023,test__string_track217023__3_viola,string,viola,holdout,218.36287007921408,499.4025336068352,31.48,hmm-014,paper-repeated,13,0.005012562893380035,0.65,0.9931335005942163,0.18456375838926176,0.9832298956820282,0.9832298956820282,0.9768771439461313,10440,10816,0.9652366863905325,1.4497331669554114,
string_track217023,test__string_track217023__3_viola,string,viola,holdout,218.36287007921408,499.4025336068352,31.48,hmm-015,paper-repeated,13,0.01,0.35,0.9893041066948369,0.14429530201342283,0.9800607421101281,0.9800607421101281,0.9753525600304916,10385,10816,0.9601516272189349,2.2542966671753675,
string_track217023,test__string_track217023__3_viola,string,viola,holdout,218.36287007921408,499.4025336068352,31.48,hmm-016,paper-repeated,13,0.01,0.5,0.9910207315462829,0.15436241610738255,0.981777366961574,0.981777366961574,0.9766230466268581,10406,10816,0.9620931952662722,1.8052806248888373,
string_track217023,test__string_track217023__3_viola,string,viola,holdout,218.36287007921408,499.4025336068352,31.48,hmm-017,paper-repeated,13,0.01,0.65,0.9931335005942163,0.18456375838926176,0.9832298956820282,0.9832298956820282,0.9768771439461313,10440,10816,0.9652366863905325,1.5556395000312477,
string_track217023,test__string_track217023__3_viola,string,viola,holdout,218.36287007921408,499.4025336068352,31.48,hmm-018,paper-repeated,25,0.005012562893380035,0.35,0.9885118183018619,0.1342281879194631,0.9795325498481448,0.9795325498481448,0.975225511370855,10371,10816,0.9588572485207101,1.4644767078571022,
string_track217023,test__string_track217023__3_viola,string,viola,holdout,218.36287007921408,499.4025336068352,31.48,hmm-019,paper-repeated,25,0.005012562893380035,0.5,0.9899643470223162,0.174496644295302,0.9807209824376073,0.9807209824376073,0.9748443653919451,10404,10816,0.9619082840236687,1.4853846251498908,
string_track217023,test__string_track217023__3_viola,string,viola,holdout,218.36287007921408,499.4025336068352,31.48,hmm-020,paper-repeated,25,0.005012562893380035,0.65,0.9928694044632246,0.1912751677852349,0.9828337514855408,0.9828337514855408,0.9762419006479481,10441,10816,0.9653291420118343,1.4232710001524538,
string_track217023,test__string_track217023__3_viola,string,viola,holdout,218.36287007921408,499.4025336068352,31.48,hmm-021,paper-repeated,25,0.01,0.35,0.9885118183018619,0.1342281879194631,0.9795325498481448,0.9795325498481448,0.975225511370855,10371,10816,0.9588572485207101,1.3652434169780463,
string_track217023,test__string_track217023__3_viola,string,viola,holdout,218.36287007921408,499.4025336068352,31.48,hmm-022,paper-repeated,25,0.01,0.5,0.9899643470223162,0.15100671140939598,0.9807209824376073,0.9807209824376073,0.9757337060094016,10395,10816,0.9610761834319527,1.4086331250146031,
string_track217023,test__string_track217023__3_viola,string,viola,holdout,218.36287007921408,499.4025336068352,31.48,hmm-023,paper-repeated,25,0.01,0.65,0.9928694044632246,0.1912751677852349,0.9828337514855408,0.9828337514855408,0.9762419006479481,10441,10816,0.9653291420118343,1.3897467921487987,
string_track217993,test__string_track217993__2_violin,string,violin,holdout,292.81764784153654,596.2668573764524,23.584,hmm-000,attune-uniform,13,0.005012562893380035,0.35,0.998220640569395,0.11552346570397112,0.9903914590747331,0.9903914590747331,0.9854163133796846,7774,8095,0.9603458925262508,0.846670791041106,
string_track217993,test__string_track217993__2_violin,string,violin,holdout,292.81764784153654,596.2668573764524,23.584,hmm-001,attune-uniform,13,0.005012562893380035,0.5,0.998220640569395,0.11552346570397112,0.9903914590747331,0.9903914590747331,0.9854163133796846,7774,8095,0.9603458925262508,0.8240658328868449,
string_track217993,test__string_track217993__2_violin,string,violin,holdout,292.81764784153654,596.2668573764524,23.584,hmm-002,attune-uniform,13,0.005012562893380035,0.65,0.998220640569395,0.11552346570397112,0.9903914590747331,0.9903914590747331,0.9854163133796846,7774,8095,0.9603458925262508,0.8807218330912292,
string_track217993,test__string_track217993__2_violin,string,violin,holdout,292.81764784153654,596.2668573764524,23.584,hmm-003,attune-uniform,13,0.01,0.35,0.998220640569395,0.11552346570397112,0.9903914590747331,0.9903914590747331,0.9854163133796846,7774,8095,0.9603458925262508,0.7999179579783231,
string_track217993,test__string_track217993__2_violin,string,violin,holdout,292.81764784153654,596.2668573764524,23.584,hmm-004,attune-uniform,13,0.01,0.5,0.998220640569395,0.11552346570397112,0.9903914590747331,0.9903914590747331,0.9854163133796846,7774,8095,0.9603458925262508,0.8170502919238061,
string_track217993,test__string_track217993__2_violin,string,violin,holdout,292.81764784153654,596.2668573764524,23.584,hmm-005,attune-uniform,13,0.01,0.65,0.998220640569395,0.11552346570397112,0.9903914590747331,0.9903914590747331,0.9854163133796846,7774,8095,0.9603458925262508,0.8425240830983967,
string_track217993,test__string_track217993__2_violin,string,violin,holdout,292.81764784153654,596.2668573764524,23.584,hmm-006,attune-uniform,25,0.005012562893380035,0.35,0.998220640569395,0.11552346570397112,0.9903914590747331,0.9903914590747331,0.9854163133796846,7775,8095,0.9604694255713403,0.8055357499979436,
string_track217993,test__string_track217993__2_violin,string,violin,holdout,292.81764784153654,596.2668573764524,23.584,hmm-007,attune-uniform,25,0.005012562893380035,0.5,0.998220640569395,0.11552346570397112,0.9903914590747331,0.9903914590747331,0.9854163133796846,7775,8095,0.9604694255713403,0.8241723750252277,
string_track217993,test__string_track217993__2_violin,string,violin,holdout,292.81764784153654,596.2668573764524,23.584,hmm-008,attune-uniform,25,0.005012562893380035,0.65,0.998220640569395,0.11552346570397112,0.9903914590747331,0.9903914590747331,0.9854163133796846,7775,8095,0.9604694255713403,0.808911208063364,
string_track217993,test__string_track217993__2_violin,string,violin,holdout,292.81764784153654,596.2668573764524,23.584,hmm-009,attune-uniform,25,0.01,0.35,0.998220640569395,0.11552346570397112,0.9903914590747331,0.9903914590747331,0.9854163133796846,7775,8095,0.9604694255713403,0.8322910419665277,
string_track217993,test__string_track217993__2_violin,string,violin,holdout,292.81764784153654,596.2668573764524,23.584,hmm-010,attune-uniform,25,0.01,0.5,0.998220640569395,0.11552346570397112,0.9903914590747331,0.9903914590747331,0.9854163133796846,7775,8095,0.9604694255713403,0.8254900830797851,
string_track217993,test__string_track217993__2_violin,string,violin,holdout,292.81764784153654,596.2668573764524,23.584,hmm-011,attune-uniform,25,0.01,0.65,0.998220640569395,0.11552346570397112,0.9903914590747331,0.9903914590747331,0.9854163133796846,7775,8095,0.9604694255713403,0.8329538749530911,
string_track217993,test__string_track217993__2_violin,string,violin,holdout,292.81764784153654,596.2668573764524,23.584,hmm-012,paper-repeated,13,0.005012562893380035,0.35,0.9818505338078292,0.05776173285198556,0.9788256227758008,0.9788256227758008,0.9771070035611328,7627,8095,0.9421865348980852,0.8247683339286596,
string_track217993,test__string_track217993__2_violin,string,violin,holdout,292.81764784153654,596.2668573764524,23.584,hmm-013,paper-repeated,13,0.005012562893380035,0.5,0.9893238434163701,0.08664259927797834,0.9838078291814947,0.9838078291814947,0.9804985585891131,7698,8095,0.950957381099444,0.8187214590143412,
string_track217993,test__string_track217993__2_violin,string,violin,holdout,292.81764784153654,596.2668573764524,23.584,hmm-014,paper-repeated,13,0.005012562893380035,0.65,0.9937722419928826,0.09747292418772563,0.9873665480427046,0.9873665480427046,0.9833813803628964,7734,8095,0.9554045707226683,0.9357386250048876,
string_track217993,test__string_track217993__2_violin,string,violin,holdout,292.81764784153654,596.2668573764524,23.584,hmm-015,paper-repeated,13,0.01,0.35,0.9818505338078292,0.05776173285198556,0.9788256227758008,0.9788256227758008,0.9771070035611328,7627,8095,0.9421865348980852,1.3445235409308225,
string_track217993,test__string_track217993__2_violin,string,violin,holdout,292.81764784153654,596.2668573764524,23.584,hmm-016,paper-repeated,13,0.01,0.5,0.9871886120996441,0.08664259927797834,0.9827402135231317,0.9827402135231317,0.979481092080719,7680,8095,0.948733786287832,0.8575486659538001,
string_track217993,test__string_track217993__2_violin,string,violin,holdout,292.81764784153654,596.2668573764524,23.584,hmm-017,paper-repeated,13,0.01,0.65,0.9927046263345196,0.09747292418772563,0.9868327402135232,0.9868327402135232,0.9828726471086994,7726,8095,0.9544163063619518,0.7983727091923356,
string_track217993,test__string_track217993__2_violin,string,violin,holdout,292.81764784153654,596.2668573764524,23.584,hmm-018,paper-repeated,25,0.005012562893380035,0.35,0.9781138790035587,0.04693140794223827,0.9752669039145907,0.9752669039145907,0.9742241817873495,7594,8095,0.9381099444101297,0.8132356670685112,
string_track217993,test__string_track217993__2_violin,string,violin,holdout,292.81764784153654,596.2668573764524,23.584,hmm-019,paper-repeated,25,0.005012562893380035,0.5,0.9873665480427046,0.08664259927797834,0.9823843416370107,0.9823843416370107,0.9791419365779209,7682,8095,0.9489808523780111,1.0550674579571933,
string_track217993,test__string_track217993__2_violin,string,violin,holdout,292.81764784153654,596.2668573764524,23.584,hmm-020,paper-repeated,25,0.005012562893380035,0.65,0.9939501779359431,0.09747292418772563,0.9871886120996441,0.9871886120996441,0.9832118026114973,7735,8095,0.9555281037677579,1.5237911671865731,
string_track217993,test__string_track217993__2_violin,string,violin,holdout,292.81764784153654,596.2668573764524,23.584,hmm-021,paper-repeated,25,0.01,0.35,0.9781138790035587,0.04693140794223827,0.9752669039145907,0.9752669039145907,0.9742241817873495,7594,8095,0.9381099444101297,0.9620398750994354,
string_track217993,test__string_track217993__2_violin,string,violin,holdout,292.81764784153654,596.2668573764524,23.584,hmm-022,paper-repeated,25,0.01,0.5,0.9857651245551602,0.08664259927797834,0.9813167259786477,0.9813167259786477,0.9781244700695269,7670,8095,0.9474984558369364,0.8630352499894798,
string_track217993,test__string_track217993__2_violin,string,violin,holdout,292.81764784153654,596.2668573764524,23.584,hmm-023,paper-repeated,25,0.01,0.65,0.9928825622775801,0.09747292418772563,0.9866548042704626,0.9866548042704626,0.9827030693573003,7727,8095,0.9545398394070413,0.8631767500191927,
woodwind_track228741,test__woodwind_track228741__4_bassoon,woodwind,bassoon,holdout,124.3966409672023,314.62822223822957,14.728,hmm-000,attune-uniform,13,0.005012562893380035,0.35,0.9879376287143278,0.6232394366197183,0.969991173874669,0.9702853780523684,0.9242465381482488,4872,5044,0.9659000793021412,0.878899791976437,
woodwind_track228741,test__woodwind_track228741__4_bassoon,woodwind,bassoon,holdout,124.3966409672023,314.62822223822957,14.728,hmm-001,attune-uniform,13,0.005012562893380035,0.5,0.9882318328920271,0.6232394366197183,0.9702853780523684,0.9705795822300677,0.9245180559326636,4874,5044,0.9662965900079302,0.8890900411643088,
woodwind_track228741,test__woodwind_track228741__4_bassoon,woodwind,bassoon,holdout,124.3966409672023,314.62822223822957,14.728,hmm-002,attune-uniform,13,0.005012562893380035,0.65,0.989114445425125,0.6267605633802817,0.9711679905854663,0.9714621947631656,0.9250610915014933,4878,5044,0.9670896114195083,0.8620354579761624,
woodwind_track228741,test__woodwind_track228741__4_bassoon,woodwind,bassoon,holdout,124.3966409672023,314.62822223822957,14.728,hmm-003,attune-uniform,13,0.01,0.35,0.9879376287143278,0.6232394366197183,0.969991173874669,0.9702853780523684,0.9242465381482488,4872,5044,0.9659000793021412,0.8550234159920365,
woodwind_track228741,test__woodwind_track228741__4_bassoon,woodwind,bassoon,holdout,124.3966409672023,314.62822223822957,14.728,hmm-004,attune-uniform,13,0.01,0.5,0.9882318328920271,0.6232394366197183,0.9702853780523684,0.9705795822300677,0.9245180559326636,4874,5044,0.9662965900079302,0.9026884171180427,
woodwind_track228741,test__woodwind_track228741__4_bassoon,woodwind,bassoon,holdout,124.3966409672023,314.62822223822957,14.728,hmm-005,attune-uniform,13,0.01,0.65,0.989114445425125,0.6267605633802817,0.9711679905854663,0.9714621947631656,0.9250610915014933,4878,5044,0.9670896114195083,0.8373501249589026,
woodwind_track228741,test__woodwind_track228741__4_bassoon,woodwind,bassoon,holdout,124.3966409672023,314.62822223822957,14.728,hmm-006,attune-uniform,25,0.005012562893380035,0.35,0.9888202412474257,0.6232394366197183,0.9705795822300677,0.9711679905854663,0.9247895737170785,4877,5044,0.9668913560666138,0.8613633329514414,
woodwind_track228741,test__woodwind_track228741__4_bassoon,woodwind,bassoon,holdout,124.3966409672023,314.62822223822957,14.728,hmm-007,attune-uniform,25,0.005012562893380035,0.5,0.9897028537805237,0.6267605633802817,0.9711679905854663,0.971756398940865,0.9250610915014933,4883,5044,0.968080888183981,0.8655470828525722,
woodwind_track228741,test__woodwind_track228741__4_bassoon,woodwind,bassoon,holdout,124.3966409672023,314.62822223822957,14.728,hmm-008,attune-uniform,25,0.005012562893380035,0.65,0.989997057958223,0.6267605633802817,0.9714621947631656,0.9720506031185643,0.9253326092859082,4885,5044,0.96847739888977,0.8701517919544131,
woodwind_track228741,test__woodwind_track228741__4_bassoon,woodwind,bassoon,holdout,124.3966409672023,314.62822223822957,14.728,hmm-009,attune-uniform,25,0.01,0.35,0.9888202412474257,0.6232394366197183,0.9705795822300677,0.9711679905854663,0.9247895737170785,4877,5044,0.9668913560666138,0.8676350831519812,
woodwind_track228741,test__woodwind_track228741__4_bassoon,woodwind,bassoon,holdout,124.3966409672023,314.62822223822957,14.728,hmm-010,attune-uniform,25,0.01,0.5,0.9897028537805237,0.6267605633802817,0.9711679905854663,0.971756398940865,0.9250610915014933,4883,5044,0.968080888183981,0.8725062909070402,
woodwind_track228741,test__woodwind_track228741__4_bassoon,woodwind,bassoon,holdout,124.3966409672023,314.62822223822957,14.728,hmm-011,attune-uniform,25,0.01,0.65,0.989997057958223,0.6267605633802817,0.9714621947631656,0.9720506031185643,0.9253326092859082,4885,5044,0.96847739888977,0.8289162919390947,
woodwind_track228741,test__woodwind_track228741__4_bassoon,woodwind,bassoon,holdout,124.3966409672023,314.62822223822957,14.728,hmm-012,paper-repeated,13,0.005012562893380035,0.35,0.6622536040011768,0.02464788732394366,0.656957928802589,0.656957928802589,0.6815096388813467,3116,5044,0.6177636796193497,0.9008420840837061,
woodwind_track228741,test__woodwind_track228741__4_bassoon,woodwind,bassoon,holdout,124.3966409672023,314.62822223822957,14.728,hmm-013,paper-repeated,13,0.005012562893380035,0.5,0.6793174463077376,0.06690140845070422,0.6725507502206531,0.6725507502206531,0.6926418680423567,3208,5044,0.6360031720856463,1.3825960829854012,
woodwind_track228741,test__woodwind_track228741__4_bassoon,woodwind,bassoon,holdout,124.3966409672023,314.62822223822957,14.728,hmm-014,paper-repeated,13,0.005012562893380035,0.65,0.7378640776699029,0.16901408450704225,0.7284495439835246,0.7284495439835246,0.7363562313331523,3523,5044,0.6984536082474226,0.9236844580154866,
woodwind_track228741,test__woodwind_track228741__4_bassoon,woodwind,bassoon,holdout,124.3966409672023,314.62822223822957,14.728,hmm-015,paper-repeated,13,0.01,0.35,0.6622536040011768,0.02464788732394366,0.656957928802589,0.656957928802589,0.6815096388813467,3116,5044,0.6177636796193497,0.8576746671460569,
woodwind_track228741,test__woodwind_track228741__4_bassoon,woodwind,bassoon,holdout,124.3966409672023,314.62822223822957,14.728,hmm-016,paper-repeated,13,0.01,0.5,0.6793174463077376,0.06690140845070422,0.6725507502206531,0.6725507502206531,0.6926418680423567,3208,5044,0.6360031720856463,0.8485332920681685,
woodwind_track228741,test__woodwind_track228741__4_bassoon,woodwind,bassoon,holdout,124.3966409672023,314.62822223822957,14.728,hmm-017,paper-repeated,13,0.01,0.65,0.7378640776699029,0.16901408450704225,0.7284495439835246,0.7284495439835246,0.7363562313331523,3523,5044,0.6984536082474226,1.0313900420442224,
woodwind_track228741,test__woodwind_track228741__4_bassoon,woodwind,bassoon,holdout,124.3966409672023,314.62822223822957,14.728,hmm-018,paper-repeated,25,0.005012562893380035,0.35,0.6622536040011768,0.02464788732394366,0.656957928802589,0.656957928802589,0.6815096388813467,3116,5044,0.6177636796193497,1.6100972089916468,
woodwind_track228741,test__woodwind_track228741__4_bassoon,woodwind,bassoon,holdout,124.3966409672023,314.62822223822957,14.728,hmm-019,paper-repeated,25,0.005012562893380035,0.5,0.6781406295969403,0.06690140845070422,0.6713739335098559,0.6713739335098559,0.6915557969046973,3202,5044,0.6348136399682791,0.9999494159128517,
woodwind_track228741,test__woodwind_track228741__4_bassoon,woodwind,bassoon,holdout,124.3966409672023,314.62822223822957,14.728,hmm-020,paper-repeated,25,0.005012562893380035,0.65,0.7293321565166225,0.23591549295774647,0.7202118270079435,0.7202118270079435,0.723594895465653,3512,5044,0.6962727993655828,0.9258866249583662,
woodwind_track228741,test__woodwind_track228741__4_bassoon,woodwind,bassoon,holdout,124.3966409672023,314.62822223822957,14.728,hmm-021,paper-repeated,25,0.01,0.35,0.6622536040011768,0.02464788732394366,0.656957928802589,0.656957928802589,0.6815096388813467,3116,5044,0.6177636796193497,0.9008010001853108,
woodwind_track228741,test__woodwind_track228741__4_bassoon,woodwind,bassoon,holdout,124.3966409672023,314.62822223822957,14.728,hmm-022,paper-repeated,25,0.01,0.5,0.6781406295969403,0.06690140845070422,0.6713739335098559,0.6713739335098559,0.6915557969046973,3202,5044,0.6348136399682791,0.8503858749754727,
woodwind_track228741,test__woodwind_track228741__4_bassoon,woodwind,bassoon,holdout,124.3966409672023,314.62822223822957,14.728,hmm-023,paper-repeated,25,0.01,0.65,0.7355104442483084,0.23591549295774647,0.72609591056193,0.72609591056193,0.7290252511539506,3541,5044,0.7020222045995241,0.8706668328959495,
woodwind_track228028,test__woodwind_track228028__3_clarinet,woodwind,clarinet,holdout,232.87749378729518,527.6221098502904,24.444,hmm-000,attune-uniform,13,0.005012562893380035,0.35,0.997595741026962,0.1384083044982699,0.9768160741885626,0.9768160741885626,0.9713678010471204,8060,8392,0.9604385128693994,1.1726166249718517,
woodwind_track228028,test__woodwind_track228028__3_clarinet,woodwind,clarinet,holdout,232.87749378729518,527.6221098502904,24.444,hmm-001,attune-uniform,13,0.005012562893380035,0.5,0.997595741026962,0.1384083044982699,0.9768160741885626,0.9768160741885626,0.9713678010471204,8062,8392,0.9606768350810295,1.1525124590843916,
woodwind_track228028,test__woodwind_track228028__3_clarinet,woodwind,clarinet,holdout,232.87749378729518,527.6221098502904,24.444,hmm-002,attune-uniform,13,0.005012562893380035,0.65,0.9979392065945389,0.1453287197231834,0.9768160741885626,0.9768160741885626,0.9710405759162304,8066,8392,0.9611534795042898,1.1144777091685683,
woodwind_track228028,test__woodwind_track228028__3_clarinet,woodwind,clarinet,holdout,232.87749378729518,527.6221098502904,24.444,hmm-003,attune-uniform,13,0.01,0.35,0.997595741026962,0.1384083044982699,0.9768160741885626,0.9768160741885626,0.9713678010471204,8060,8392,0.9604385128693994,1.1004549579229206,
woodwind_track228028,test__woodwind_track228028__3_clarinet,woodwind,clarinet,holdout,232.87749378729518,527.6221098502904,24.444,hmm-004,attune-uniform,13,0.01,0.5,0.997595741026962,0.1384083044982699,0.9768160741885626,0.9768160741885626,0.9713678010471204,8062,8392,0.9606768350810295,1.206717667169869,
woodwind_track228028,test__woodwind_track228028__3_clarinet,woodwind,clarinet,holdout,232.87749378729518,527.6221098502904,24.444,hmm-005,attune-uniform,13,0.01,0.65,0.9979392065945389,0.1453287197231834,0.9768160741885626,0.9768160741885626,0.9710405759162304,8066,8392,0.9611534795042898,1.6396359170321375,
woodwind_track228028,test__woodwind_track228028__3_clarinet,woodwind,clarinet,holdout,232.87749378729518,527.6221098502904,24.444,hmm-006,attune-uniform,25,0.005012562893380035,0.35,0.9979392065945389,0.1384083044982699,0.9768160741885626,0.9768160741885626,0.9713678010471204,8063,8392,0.9607959961868446,1.106425791978836,
woodwind_track228028,test__woodwind_track228028__3_clarinet,woodwind,clarinet,holdout,232.87749378729518,527.6221098502904,24.444,hmm-007,attune-uniform,25,0.005012562893380035,0.5,0.9979392065945389,0.1384083044982699,0.9768160741885626,0.9768160741885626,0.9713678010471204,8064,8392,0.9609151572926596,1.0725362088996917,
woodwind_track228028,test__woodwind_track228028__3_clarinet,woodwind,clarinet,holdout,232.87749378729518,527.6221098502904,24.444,hmm-008,attune-uniform,25,0.005012562893380035,0.65,0.9979392065945389,0.1384083044982699,0.9768160741885626,0.9768160741885626,0.9713678010471204,8064,8392,0.9609151572926596,1.7319020838476717,
woodwind_track228028,test__woodwind_track228028__3_clarinet,woodwind,clarinet,holdout,232.87749378729518,527.6221098502904,24.444,hmm-009,attune-uniform,25,0.01,0.35,0.9979392065945389,0.1384083044982699,0.9768160741885626,0.9768160741885626,0.9713678010471204,8063,8392,0.9607959961868446,1.412272958084941,
woodwind_track228028,test__woodwind_track228028__3_clarinet,woodwind,clarinet,holdout,232.87749378729518,527.6221098502904,24.444,hmm-010,attune-uniform,25,0.01,0.5,0.9979392065945389,0.1384083044982699,0.9768160741885626,0.9768160741885626,0.9713678010471204,8064,8392,0.9609151572926596,1.3122313749045134,
woodwind_track228028,test__woodwind_track228028__3_clarinet,woodwind,clarinet,holdout,232.87749378729518,527.6221098502904,24.444,hmm-011,attune-uniform,25,0.01,0.65,0.9979392065945389,0.1384083044982699,0.9768160741885626,0.9768160741885626,0.9713678010471204,8064,8392,0.9609151572926596,1.1282232080120593,
woodwind_track228028,test__woodwind_track228028__3_clarinet,woodwind,clarinet,holdout,232.87749378729518,527.6221098502904,24.444,hmm-012,paper-repeated,13,0.005012562893380035,0.35,0.9933024214322514,0.1245674740484429,0.9738966168641594,0.9738966168641594,0.9692408376963351,8021,8392,0.955791229742612,1.1097470000386238,
woodwind_track228028,test__woodwind_track228028__3_clarinet,woodwind,clarinet,holdout,232.87749378729518,527.6221098502904,24.444,hmm-013,paper-repeated,13,0.005012562893380035,0.5,0.9939893525674052,0.12802768166089964,0.9744118152155247,0.9744118152155247,0.9695680628272252,8026,8392,0.9563870352716873,1.1473268340341747,
woodwind_track228028,test__woodwind_track228028__3_clarinet,woodwind,clarinet,holdout,232.87749378729518,527.6221098502904,24.444,hmm-014,paper-repeated,13,0.005012562893380035,0.65,0.994332818134982,0.12802768166089964,0.9749270135668899,0.9749270135668899,0.9700589005235603,8031,8392,0.9569828408007627,1.0591026251204312,
woodwind_track228028,test__woodwind_track228028__3_clarinet,woodwind,clarinet,holdout,232.87749378729518,527.6221098502904,24.444,hmm-015,paper-repeated,13,0.01,0.35,0.990726429675425,0.1245674740484429,0.9730379529452172,0.9730379529452172,0.96842277486911,8001,8392,0.9534080076263107,1.0702911659609526,
woodwind_track228028,test__woodwind_track228028__3_clarinet,woodwind,clarinet,holdout,232.87749378729518,527.6221098502904,24.444,hmm-016,paper-repeated,13,0.01,0.5,0.9939893525674052,0.12802768166089964,0.9744118152155247,0.9744118152155247,0.9695680628272252,8026,8392,0.9563870352716873,1.0351738340687007,
woodwind_track228028,test__woodwind_track228028__3_clarinet,woodwind,clarinet,holdout,232.87749378729518,527.6221098502904,24.444,hmm-017,paper-repeated,13,0.01,0.65,0.994332818134982,0.12802768166089964,0.9749270135668899,0.9749270135668899,0.9700589005235603,8031,8392,0.9569828408007627,1.0462117090355605,
woodwind_track228028,test__woodwind_track228028__3_clarinet,woodwind,clarinet,holdout,232.87749378729518,527.6221098502904,24.444,hmm-018,paper-repeated,25,0.005012562893380035,0.35,0.9912416280267903,0.1245674740484429,0.9730379529452172,0.9730379529452172,0.96842277486911,8003,8392,0.9536463298379408,1.0773115830961615,
woodwind_track228028,test__woodwind_track228028__3_clarinet,woodwind,clarinet,holdout,232.87749378729518,527.6221098502904,24.444,hmm-019,paper-repeated,25,0.005012562893380035,0.5,0.9933024214322514,0.12802768166089964,0.9738966168641594,0.9738966168641594,0.96907722513089,8022,8392,0.9559103908484271,1.0474255001172423,
woodwind_track228028,test__woodwind_track228028__3_clarinet,woodwind,clarinet,holdout,232.87749378729518,527.6221098502904,24.444,hmm-020,paper-repeated,25,0.005012562893380035,0.65,0.9939893525674052,0.12802768166089964,0.9744118152155247,0.9744118152155247,0.9695680628272252,8027,8392,0.9565061963775023,1.472640166990459,
woodwind_track228028,test__woodwind_track228028__3_clarinet,woodwind,clarinet,holdout,232.87749378729518,527.6221098502904,24.444,hmm-021,paper-repeated,25,0.01,0.35,0.9900394985402713,0.1245674740484429,0.972522754593852,0.972522754593852,0.9679319371727748,7993,8392,0.9524547187797903,1.1224096671212465,
woodwind_track228028,test__woodwind_track228028__3_clarinet,woodwind,clarinet,holdout,232.87749378729518,527.6221098502904,24.444,hmm-022,paper-repeated,25,0.01,0.5,0.9933024214322514,0.12802768166089964,0.9738966168641594,0.9738966168641594,0.96907722513089,8022,8392,0.9559103908484271,1.0351490420289338,
woodwind_track228028,test__woodwind_track228028__3_clarinet,woodwind,clarinet,holdout,232.87749378729518,527.6221098502904,24.444,hmm-023,paper-repeated,25,0.01,0.65,0.9939893525674052,0.12802768166089964,0.9744118152155247,0.9744118152155247,0.9695680628272252,8027,8392,0.9565061963775023,1.025811875006184,
woodwind_track228171,test__woodwind_track228171__1_flute,woodwind,flute,holdout,415.73164552655726,1056.154849921902,18.152,hmm-000,attune-uniform,13,0.005012562893380035,0.35,0.9959877271654473,0.17218543046357615,0.9641255605381166,0.9641255605381166,0.9550561797752809,5888,6224,0.9460154241645244,1.104818208143115,
woodwind_track228171,test__woodwind_track228171__1_flute,woodwind,flute,holdout,415.73164552655726,1056.154849921902,18.152,hmm-001,attune-uniform,13,0.005012562893380035,0.5,0.9962237432145385,0.17218543046357615,0.9641255605381166,0.9641255605381166,0.9550561797752809,5889,6224,0.9461760925449871,1.0491951250005513,
woodwind_track228171,test__woodwind_track228171__1_flute,woodwind,flute,holdout,415.73164552655726,1056.154849921902,18.152,hmm-002,attune-uniform,13,0.005012562893380035,0.65,0.9962237432145385,0.17218543046357615,0.9641255605381166,0.9641255605381166,0.9550561797752809,5889,6224,0.9461760925449871,1.0554355829954147,
woodwind_track228171,test__woodwind_track228171__1_flute,woodwind,flute,holdout,415.73164552655726,1056.154849921902,18.152,hmm-003,attune-uniform,13,0.01,0.35,0.9959877271654473,0.17218543046357615,0.9641255605381166,0.9641255605381166,0.9550561797752809,5888,6224,0.9460154241645244,1.6950697090942413,
woodwind_track228171,test__woodwind_track228171__1_flute,woodwind,flute,holdout,415.73164552655726,1056.154849921902,18.152,hmm-004,attune-uniform,13,0.01,0.5,0.9962237432145385,0.17218543046357615,0.9641255605381166,0.9641255605381166,0.9550561797752809,5889,6224,0.9461760925449871,1.1220062079373747,
woodwind_track228171,test__woodwind_track228171__1_flute,woodwind,flute,holdout,415.73164552655726,1056.154849921902,18.152,hmm-005,attune-uniform,13,0.01,0.65,0.9962237432145385,0.17218543046357615,0.9641255605381166,0.9641255605381166,0.9550561797752809,5889,6224,0.9461760925449871,1.0339728330727667,
woodwind_track228171,test__woodwind_track228171__1_flute,woodwind,flute,holdout,415.73164552655726,1056.154849921902,18.152,hmm-006,attune-uniform,25,0.005012562893380035,0.35,0.9962237432145385,0.17218543046357615,0.9641255605381166,0.9641255605381166,0.9550561797752809,5889,6224,0.9461760925449871,1.0969325418118387,
woodwind_track228171,test__woodwind_track228171__1_flute,woodwind,flute,holdout,415.73164552655726,1056.154849921902,18.152,hmm-007,attune-uniform,25,0.005012562893380035,0.5,0.99645975926363,0.17218543046357615,0.9643615765872079,0.9643615765872079,0.9552764926195197,5890,6224,0.9463367609254498,1.9012837910559028,
woodwind_track228171,test__woodwind_track228171__1_flute,woodwind,flute,holdout,415.73164552655726,1056.154849921902,18.152,hmm-008,attune-uniform,25,0.005012562893380035,0.65,0.99645975926363,0.17549668874172186,0.9643615765872079,0.9643615765872079,0.9550561797752809,5892,6224,0.9466580976863753,1.209502834128216,
woodwind_track228171,test__woodwind_track228171__1_flute,woodwind,flute,holdout,415.73164552655726,1056.154849921902,18.152,hmm-009,attune-uniform,25,0.01,0.35,0.9962237432145385,0.17218543046357615,0.9641255605381166,0.9641255605381166,0.9550561797752809,5889,6224,0.9461760925449871,1.1269686250016093,
woodwind_track228171,test__woodwind_track228171__1_flute,woodwind,flute,holdout,415.73164552655726,1056.154849921902,18.152,hmm-010,attune-uniform,25,0.01,0.5,0.99645975926363,0.17218543046357615,0.9643615765872079,0.9643615765872079,0.9552764926195197,5890,6224,0.9463367609254498,1.0423092080745846,
woodwind_track228171,test__woodwind_track228171__1_flute,woodwind,flute,holdout,415.73164552655726,1056.154849921902,18.152,hmm-011,attune-uniform,25,0.01,0.65,0.99645975926363,0.17549668874172186,0.9643615765872079,0.9643615765872079,0.9550561797752809,5892,6224,0.9466580976863753,1.0779361249879003,
woodwind_track228171,test__woodwind_track228171__1_flute,woodwind,flute,holdout,415.73164552655726,1056.154849921902,18.152,hmm-012,paper-repeated,13,0.005012562893380035,0.35,0.9952796790181733,0.152317880794702,0.9634175123908426,0.9634175123908426,0.9557171183079973,5875,6224,0.943926735218509,1.0772480419836938,
woodwind_track228171,test__woodwind_track228171__1_flute,woodwind,flute,holdout,415.73164552655726,1056.154849921902,18.152,hmm-013,paper-repeated,13,0.005012562893380035,0.5,0.9955156950672646,0.15894039735099338,0.9636535284399339,0.9636535284399339,0.9554968054637586,5879,6224,0.9445694087403599,1.0134086250327528,
woodwind_track228171,test__woodwind_track228171__1_flute,woodwind,flute,holdout,415.73164552655726,1056.154849921902,18.152,hmm-014,paper-repeated,13,0.005012562893380035,0.65,0.9955156950672646,0.15894039735099338,0.9636535284399339,0.9636535284399339,0.9554968054637586,5879,6224,0.9445694087403599,1.0298574999906123,
woodwind_track228171,test__woodwind_track228171__1_flute,woodwind,flute,holdout,415.73164552655726,1056.154849921902,18.152,hmm-015,paper-repeated,13,0.01,0.35,0.9945716308708992,0.1423841059602649,0.9631814963417512,0.9631814963417512,0.956157743996475,5866,6224,0.9424807197943444,0.9901072499342263,
woodwind_track228171,test__woodwind_track228171__1_flute,woodwind,flute,holdout,415.73164552655726,1056.154849921902,18.152,hmm-016,paper-repeated,13,0.01,0.5,0.9955156950672646,0.15894039735099338,0.9636535284399339,0.9636535284399339,0.9554968054637586,5879,6224,0.9445694087403599,1.0070358340162784,
woodwind_track228171,test__woodwind_track228171__1_flute,woodwind,flute,holdout,415.73164552655726,1056.154849921902,18.152,hmm-017,paper-repeated,13,0.01,0.65,0.9955156950672646,0.15894039735099338,0.9636535284399339,0.9636535284399339,0.9554968054637586,5879,6224,0.9445694087403599,1.0461597919929773,
woodwind_track228171,test__woodwind_track228171__1_flute,woodwind,flute,holdout,415.73164552655726,1056.154849921902,18.152,hmm-018,paper-repeated,25,0.005012562893380035,0.35,0.9952796790181733,0.152317880794702,0.9634175123908426,0.9634175123908426,0.9557171183079973,5875,6224,0.943926735218509,1.0011823340319097,
woodwind_track228171,test__woodwind_track228171__1_flute,woodwind,flute,holdout,415.73164552655726,1056.154849921902,18.152,hmm-019,paper-repeated,25,0.005012562893380035,0.5,0.9955156950672646,0.15894039735099338,0.9636535284399339,0.9636535284399339,0.9554968054637586,5879,6224,0.9445694087403599,1.4408709579147398,
woodwind_track228171,test__woodwind_track228171__1_flute,woodwind,flute,holdout,415.73164552655726,1056.154849921902,18.152,hmm-020,paper-repeated,25,0.005012562893380035,0.65,0.9955156950672646,0.16225165562913907,0.9636535284399339,0.9636535284399339,0.9552764926195197,5880,6224,0.9447300771208226,1.0707974580582231,
woodwind_track228171,test__woodwind_track228171__1_flute,woodwind,flute,holdout,415.73164552655726,1056.154849921902,18.152,hmm-021,paper-repeated,25,0.01,0.35,0.9952796790181733,0.152317880794702,0.9634175123908426,0.9634175123908426,0.9557171183079973,5875,6224,0.943926735218509,0.9866524159442633,
woodwind_track228171,test__woodwind_track228171__1_flute,woodwind,flute,holdout,415.73164552655726,1056.154849921902,18.152,hmm-022,paper-repeated,25,0.01,0.5,0.9955156950672646,0.15894039735099338,0.9636535284399339,0.9636535284399339,0.9554968054637586,5879,6224,0.9445694087403599,0.9781182499136776,
woodwind_track228171,test__woodwind_track228171__1_flute,woodwind,flute,holdout,415.73164552655726,1056.154849921902,18.152,hmm-023,paper-repeated,25,0.01,0.65,0.9955156950672646,0.16225165562913907,0.9636535284399339,0.9636535284399339,0.9552764926195197,5880,6224,0.9447300771208226,1.0740454159677029,
woodwind_track228904,test__woodwind_track228904__2_oboe,woodwind,oboe,holdout,221.89504913546648,500.45005363793115,15.36,hmm-000,attune-uniform,13,0.005012562893380035,0.35,0.9915706659173925,0.1099290780141844,0.9834223096375386,0.9834223096375386,0.9765686019265816,4907,5262,0.9325351577347016,0.722310374956578,
woodwind_track228904,test__woodwind_track228904__2_oboe,woodwind,oboe,holdout,221.89504913546648,500.45005363793115,15.36,hmm-001,attune-uniform,13,0.005012562893380035,0.5,0.9915706659173925,0.11347517730496454,0.9834223096375386,0.9834223096375386,0.9763082530590992,4909,5262,0.9329152413530977,0.6921314999926835,
woodwind_track228904,test__woodwind_track228904__2_oboe,woodwind,oboe,holdout,221.89504913546648,500.45005363793115,15.36,hmm-002,attune-uniform,13,0.005012562893380035,0.65,0.9918516437201461,0.11347517730496454,0.9834223096375386,0.9834223096375386,0.9763082530590992,4910,5262,0.9331052831622957,0.6713140842039138,
woodwind_track228904,test__woodwind_track228904__2_oboe,woodwind,oboe,holdout,221.89504913546648,500.45005363793115,15.36,hmm-003,attune-uniform,13,0.01,0.35,0.9915706659173925,0.1099290780141844,0.9834223096375386,0.9834223096375386,0.9765686019265816,4907,5262,0.9325351577347016,0.8230296249967068,
woodwind_track228904,test__woodwind_track228904__2_oboe,woodwind,oboe,holdout,221.89504913546648,500.45005363793115,15.36,hmm-004,attune-uniform,13,0.01,0.5,0.9915706659173925,0.11347517730496454,0.9834223096375386,0.9834223096375386,0.9763082530590992,4909,5262,0.9329152413530977,1.187159457942471,
woodwind_track228904,test__woodwind_track228904__2_oboe,woodwind,oboe,holdout,221.89504913546648,500.45005363793115,15.36,hmm-005,attune-uniform,13,0.01,0.65,0.9918516437201461,0.11347517730496454,0.9834223096375386,0.9834223096375386,0.9763082530590992,4910,5262,0.9331052831622957,0.7432367079891264,
woodwind_track228904,test__woodwind_track228904__2_oboe,woodwind,oboe,holdout,221.89504913546648,500.45005363793115,15.36,hmm-006,attune-uniform,25,0.005012562893380035,0.35,0.9935375105366676,0.1099290780141844,0.9839842652430458,0.9839842652430458,0.9770892996615465,4916,5262,0.9342455340174839,0.691843792097643,
woodwind_track228904,test__woodwind_track228904__2_oboe,woodwind,oboe,holdout,221.89504913546648,500.45005363793115,15.36,hmm-007,attune-uniform,25,0.005012562893380035,0.5,0.9935375105366676,0.11347517730496454,0.9839842652430458,0.9839842652430458,0.9768289507940641,4920,5262,0.935005701254276,0.671895083039999,
woodwind_track228904,test__woodwind_track228904__2_oboe,woodwind,oboe,holdout,221.89504913546648,500.45005363793115,15.36,hmm-008,attune-uniform,25,0.005012562893380035,0.65,0.9938184883394212,0.11347517730496454,0.9839842652430458,0.9839842652430458,0.9768289507940641,4922,5262,0.935385784872672,0.701941791921854,
woodwind_track228904,test__woodwind_track228904__2_oboe,woodwind,oboe,holdout,221.89504913546648,500.45005363793115,15.36,hmm-009,attune-uniform,25,0.01,0.35,0.9935375105366676,0.1099290780141844,0.9839842652430458,0.9839842652430458,0.9770892996615465,4916,5262,0.9342455340174839,1.0564901251345873,
woodwind_track228904,test__woodwind_track228904__2_oboe,woodwind,oboe,holdout,221.89504913546648,500.45005363793115,15.36,hmm-010,attune-uniform,25,0.01,0.5,0.9935375105366676,0.11347517730496454,0.9839842652430458,0.9839842652430458,0.9768289507940641,4920,5262,0.935005701254276,1.205452665919438,
woodwind_track228904,test__woodwind_track228904__2_oboe,woodwind,oboe,holdout,221.89504913546648,500.45005363793115,15.36,hmm-011,attune-uniform,25,0.01,0.65,0.9938184883394212,0.11347517730496454,0.9839842652430458,0.9839842652430458,0.9768289507940641,4922,5262,0.935385784872672,0.77259716601111,
woodwind_track228904,test__woodwind_track228904__2_oboe,woodwind,oboe,holdout,221.89504913546648,500.45005363793115,15.36,hmm-012,paper-repeated,13,0.005012562893380035,0.35,0.9598201742062377,0.010638297872340425,0.9584152851924698,0.9584152851924698,0.9606873210101536,4714,5262,0.8958570885594831,0.8084748331457376,
woodwind_track228904,test__woodwind_track228904__2_oboe,woodwind,oboe,holdout,221.89504913546648,500.45005363793115,15.36,hmm-013,paper-repeated,13,0.005012562893380035,0.5,0.972464175330149,0.02127659574468085,0.969654397302613,0.969654397302613,0.9703202291070033,4782,5262,0.9087799315849487,0.7363790420349687,
woodwind_track228904,test__woodwind_track228904__2_oboe,woodwind,oboe,holdout,221.89504913546648,500.45005363793115,15.36,hmm-014,paper-repeated,13,0.005012562893380035,0.65,0.9775217757797134,0.03546099290780142,0.9735880865411632,0.9735880865411632,0.9729237177818276,4809,5262,0.9139110604332953,0.6982850420754403,
woodwind_track228904,test__woodwind_track228904__2_oboe,woodwind,oboe,holdout,221.89504913546648,500.45005363793115,15.36,hmm-015,paper-repeated,13,0.01,0.35,0.9598201742062377,0.010638297872340425,0.9584152851924698,0.9584152851924698,0.9606873210101536,4714,5262,0.8958570885594831,0.7010698751546443,
woodwind_track228904,test__woodwind_track228904__2_oboe,woodwind,oboe,holdout,221.89504913546648,500.45005363793115,15.36,hmm-016,paper-repeated,13,0.01,0.5,0.971059286316381,0.014184397163120567,0.969092441697106,0.969092441697106,0.9703202291070033,4773,5262,0.9070695553021665,0.7129544168710709,
woodwind_track228904,test__woodwind_track228904__2_oboe,woodwind,oboe,holdout,221.89504913546648,500.45005363793115,15.36,hmm-017,paper-repeated,13,0.01,0.65,0.9775217757797134,0.03546099290780142,0.9735880865411632,0.9735880865411632,0.9729237177818276,4809,5262,0.9139110604332953,0.739814082859084,
woodwind_track228904,test__woodwind_track228904__2_oboe,woodwind,oboe,holdout,221.89504913546648,500.45005363793115,15.36,hmm-018,paper-repeated,25,0.005012562893380035,0.35,0.9525147513346446,0.0070921985815602835,0.9513908401236303,0.9513908401236303,0.9544389481905754,4672,5262,0.8878753325731661,0.6681027088779956,
woodwind_track228904,test__woodwind_track228904__2_oboe,woodwind,oboe,holdout,221.89504913546648,500.45005363793115,15.36,hmm-019,paper-repeated,25,0.005012562893380035,0.5,0.969092441697106,0.01773049645390071,0.9665636414723237,0.9665636414723237,0.9677167404321791,4763,5262,0.9051691372101862,0.6792129171080887,
woodwind_track228904,test__woodwind_track228904__2_oboe,woodwind,oboe,holdout,221.89504913546648,500.45005363793115,15.36,hmm-020,paper-repeated,25,0.005012562893380035,0.65,0.9747119977521775,0.031914893617021274,0.9713402641191345,0.9713402641191345,0.9711012757094507,4798,5262,0.9118206005321171,0.6896750419400632,
woodwind_track228904,test__woodwind_track228904__2_oboe,woodwind,oboe,holdout,221.89504913546648,500.45005363793115,15.36,hmm-021,paper-repeated,25,0.01,0.35,0.9525147513346446,0.0070921985815602835,0.9513908401236303,0.9513908401236303,0.9544389481905754,4672,5262,0.8878753325731661,0.6513800409156829,
woodwind_track228904,test__woodwind_track228904__2_oboe,woodwind,oboe,holdout,221.89504913546648,500.45005363793115,15.36,hmm-022,paper-repeated,25,0.01,0.5,0.9676875526833381,0.010638297872340425,0.9660016858668166,0.9660016858668166,0.9677167404321791,4754,5262,0.9034587609274041,0.6544682921376079,
woodwind_track228904,test__woodwind_track228904__2_oboe,woodwind,oboe,holdout,221.89504913546648,500.45005363793115,15.36,hmm-023,paper-repeated,25,0.01,0.65,0.9747119977521775,0.031914893617021274,0.9713402641191345,0.9713402641191345,0.9711012757094507,4798,5262,0.9118206005321171,0.6491440839599818,
